framework,algorithm,dataset,bucket,task,config,seed,fold,status,n_train,n_test,n_features_raw,n_numeric,n_nominal,n_features_onehot,n_classes,schema_source,max_levels,n_capped_nominal,target_standardized,fit_s,predict_s,options,lib_version,note,wall_total_s,cpu_total_s,peak_rss_mb,metric_accuracy,metric_f1_macro,metric_balanced_accuracy,metric_precision_macro,metric_recall_macro,metric_rmse,metric_mae,metric_r2,batch_predict,diverged
sklearn,decision_tree,APSFailure,binary,classification,defaults,42,,ok,60800,15200,170,170,0,170,2.0,openml-schema,100,0,False,34.3939,0.0139,{'random_state': 42},1.8.0,"C4.5 vs CART: even matched, J48 splits on gain ratio while scikit-learn/TuiML use information gain. Related algorithms, not identical ones.",39.4326,39.3434,926.7,0.9905921052631579,0.8678405445339241,0.8684970306075834,0.8671864985491708,0.8684970306075834,,,,,False
sklearn,decision_tree,APSFailure,binary,classification,matched,42,,ok,60800,15200,170,170,0,170,2.0,openml-schema,100,0,False,7.7589,0.0126,"{'criterion': 'entropy', 'min_samples_leaf': 1, 'random_state': 42}",1.8.0,"C4.5 vs CART: even matched, J48 splits on gain ratio while scikit-learn/TuiML use information gain. Related algorithms, not identical ones.",12.7815,12.7761,929.9,0.9901973684210527,0.8647046935607308,0.8718653875437795,0.8578265974336781,0.8718653875437795,,,,,False
tuiml,decision_tree,APSFailure,binary,classification,defaults,42,,ok,60800,15200,170,170,0,170,2.0,openml-schema,100,0,False,65.4202,0.5499,{},0.1.6,"C4.5 vs CART: even matched, J48 splits on gain ratio while scikit-learn/TuiML use information gain. Related algorithms, not identical ones.",69.8625,69.7115,1073.7,0.9906578947368421,0.8708349291459211,0.8774539363484087,0.8644541289529556,0.8774539363484087,,,,,False
tuiml,decision_tree,APSFailure,binary,classification,matched,42,,ok,60800,15200,170,170,0,170,2.0,openml-schema,100,0,False,10.7476,0.1312,"{'criterion': 'entropy', 'min_samples_leaf': 1, 'random_state': 42}",0.1.6,"C4.5 vs CART: even matched, J48 splits on gain ratio while scikit-learn/TuiML use information gain. Related algorithms, not identical ones.",14.8941,14.8634,1074.0,0.9902631578947368,0.863462800896523,0.8647601644586569,0.8621750497318244,0.8647601644586569,,,,,False
weka,decision_tree,APSFailure,binary,classification,defaults,42,,ok,60800,15200,170,170,0,170,2.0,openml-schema,100,0,False,82.4162,0.1192,,3.9.6,"C4.5 vs CART: even matched, J48 splits on gain ratio while scikit-learn/TuiML use information gain. Related algorithms, not identical ones.",132.3535,136.7889,1218.9,0.9905263157894737,0.8617404981334209,0.8488320389827928,0.8756879801100768,0.8488320389827928,,,,True,False
weka,decision_tree,APSFailure,binary,classification,matched,42,,ok,60800,15200,170,170,0,170,2.0,openml-schema,100,0,False,95.4868,0.1288,-U -B -M 1,3.9.6,"C4.5 vs CART: even matched, J48 splits on gain ratio while scikit-learn/TuiML use information gain. Related algorithms, not identical ones.",147.9727,151.8794,1223.7,0.9900657894736842,0.8589390002750297,0.8557362570427897,0.8622026245937833,0.8557362570427897,,,,True,False
sklearn,knn,APSFailure,binary,classification,defaults,42,,ok,60800,15200,170,170,0,170,2.0,openml-schema,100,0,False,0.052,13.4514,{'n_neighbors': 5},1.8.0,Nominal attributes contribute a distance of 1 per mismatch in Weka but sqrt(2) across the corresponding one-hot columns. Neighbour-search structure is left to each library.,17.814,17.779,931.0,0.9896052631578948,0.8278329635641903,0.7787604690117254,0.8991104464720818,0.7787604690117254,,,,,False
sklearn,knn,APSFailure,binary,classification,matched,42,,ok,60800,15200,170,170,0,170,2.0,openml-schema,100,0,False,0.0536,13.2468,"{'n_neighbors': 5, 'weights': 'uniform'}",1.8.0,Nominal attributes contribute a distance of 1 per mismatch in Weka but sqrt(2) across the corresponding one-hot columns. Neighbour-search structure is left to each library.,17.9873,17.9631,927.1,0.9896052631578948,0.8278329635641903,0.7787604690117254,0.8991104464720818,0.7787604690117254,,,,,False
tuiml,knn,APSFailure,binary,classification,defaults,42,,ok,60800,15200,170,170,0,170,2.0,openml-schema,100,0,False,0.0403,265.8877,{'k': 5},0.1.6,Nominal attributes contribute a distance of 1 per mismatch in Weka but sqrt(2) across the corresponding one-hot columns. Neighbour-search structure is left to each library.,269.853,269.8096,1058.9,0.9896052631578948,0.8278329635641903,0.7787604690117254,0.8991104464720818,0.7787604690117254,,,,,False
tuiml,knn,APSFailure,binary,classification,matched,42,,ok,60800,15200,170,170,0,170,2.0,openml-schema,100,0,False,0.042,250.6125,"{'k': 5, 'distance_weighting': 'uniform'}",0.1.6,Nominal attributes contribute a distance of 1 per mismatch in Weka but sqrt(2) across the corresponding one-hot columns. Neighbour-search structure is left to each library.,254.3102,254.0193,1068.5,0.9896052631578948,0.8278329635641903,0.7787604690117254,0.8991104464720818,0.7787604690117254,,,,,False
weka,knn,APSFailure,binary,classification,defaults,42,,ok,60800,15200,170,170,0,170,2.0,openml-schema,100,0,False,0.0858,493.6346,-K 5,3.9.6,Nominal attributes contribute a distance of 1 per mismatch in Weka but sqrt(2) across the corresponding one-hot columns. Neighbour-search structure is left to each library.,544.2729,546.9976,1032.7,0.9878289473684211,0.78328740521425,0.7243155169788336,0.8873857839399891,0.7243155169788336,,,,True,False
weka,knn,APSFailure,binary,classification,matched,42,,ok,60800,15200,170,170,0,170,2.0,openml-schema,100,0,False,0.0837,415.5076,"-K 5 -A weka.core.neighboursearch.LinearNNSearch -A ""weka.core.EuclideanDistance -R first-last -D""",3.9.6,Nominal attributes contribute a distance of 1 per mismatch in Weka but sqrt(2) across the corresponding one-hot columns. Neighbour-search structure is left to each library.,465.2789,467.7096,1027.3,0.9896052631578948,0.8278329635641903,0.7787604690117254,0.8991104464720818,0.7787604690117254,,,,True,False
sklearn,logistic,APSFailure,binary,classification,defaults,42,,ok,60800,15200,170,170,0,170,2.0,openml-schema,100,0,False,4.1189,0.0089,{'max_iter': 1000},1.8.0,Ridge 0.5 in Weka/TuiML corresponds to scikit-learn's C=1.0.,8.6311,8.6116,931.4,0.9916447368421053,0.8706218161884787,0.8369087863560225,0.9122071504884005,0.8369087863560225,,,,,False
sklearn,logistic,APSFailure,binary,classification,matched,42,,ok,60800,15200,170,170,0,170,2.0,openml-schema,100,0,False,4.2464,0.0097,"{'C': 1.0, 'max_iter': 1000}",1.8.0,Ridge 0.5 in Weka/TuiML corresponds to scikit-learn's C=1.0.,9.0768,9.0386,928.4,0.9916447368421053,0.8706218161884787,0.8369087863560225,0.9122071504884005,0.8369087863560225,,,,,False
tuiml,logistic,APSFailure,binary,classification,defaults,42,,ok,60800,15200,170,170,0,170,2.0,openml-schema,100,0,False,2.4145,0.0088,{},0.1.6,Ridge 0.5 in Weka/TuiML corresponds to scikit-learn's C=1.0.,6.3874,6.3801,1058.9,0.991578947368421,0.8703693487472279,0.8386599664991625,0.9089556502732818,0.8386599664991625,,,,,False
tuiml,logistic,APSFailure,binary,classification,matched,42,,ok,60800,15200,170,170,0,170,2.0,openml-schema,100,0,False,0.3953,0.0123,"{'ridge': 0.5, 'max_iter': 1000}",0.1.6,Ridge 0.5 in Weka/TuiML corresponds to scikit-learn's C=1.0.,3.9572,3.9415,1074.1,0.9844736842105263,0.6887770966595593,0.6333729252322218,0.8327899428482497,0.6333729252322218,,,,,False
weka,logistic,APSFailure,binary,classification,defaults,42,,ok,60800,15200,170,170,0,170,2.0,openml-schema,100,0,False,484.3434,0.1644,,3.9.6,Ridge 0.5 in Weka/TuiML corresponds to scikit-learn's C=1.0.,537.0359,547.3534,1366.8,0.9913815789473684,0.8681060278631978,0.8385594639865996,0.9035825273735878,0.8385594639865996,,,,True,False
weka,logistic,APSFailure,binary,classification,matched,42,,ok,60800,15200,170,170,0,170,2.0,openml-schema,100,0,False,30.4565,0.1937,-R 0.5 -M 1000,3.9.6,Ridge 0.5 in Weka/TuiML corresponds to scikit-learn's C=1.0.,82.1702,86.3441,1360.1,0.9913157894736843,0.8663183908955788,0.8349566011877569,0.9044835770466134,0.8349566011877569,,,,True,False
sklearn,mlp,APSFailure,binary,classification,defaults,42,,ok,60800,15200,170,170,0,170,2.0,openml-schema,100,0,False,36.3785,0.0354,"{'max_iter': 300, 'random_state': 42}",1.8.0,"Weka updates weights per instance (online backprop); scikit-learn's SGD uses mini-batches. Same architecture and learning rate, different optimizer schedule and different divergence handling — the least matchable row in the table.",40.9519,40.9185,931.5,0.9941447368421052,0.9150203802209809,0.9024303334856099,0.9284590338455982,0.9024303334856099,,,,,False
sklearn,mlp,APSFailure,binary,classification,matched,42,,ok,60800,15200,170,170,0,170,2.0,openml-schema,100,0,False,63.274,0.0505,"{'hidden_layer_sizes': (100,), 'max_iter': 300, 'solver': 'sgd', 'learning_rate': 'adaptive', 'learning_rate_init': 0.05, 'momentum': 0.2, 'activation': 'logistic', 'random_state': 42}",1.8.0,"Weka updates weights per instance (online backprop); scikit-learn's SGD uses mini-batches. Same architecture and learning rate, different optimizer schedule and different divergence handling — the least matchable row in the table.",67.7305,67.6231,926.1,0.9928289473684211,0.8923510999283661,0.8678513781026344,0.9205102495543672,0.8678513781026344,,,,,False
tuiml,mlp,APSFailure,binary,classification,defaults,42,,ok,60800,15200,170,170,0,170,2.0,openml-schema,100,0,False,154.9493,0.0607,{},0.1.6,"Weka updates weights per instance (online backprop); scikit-learn's SGD uses mini-batches. Same architecture and learning rate, different optimizer schedule and different divergence handling — the least matchable row in the table.",159.0564,158.8516,1065.0,0.9916447368421053,0.8695937809798369,0.8333394243947008,0.9151444350042481,0.8333394243947008,,,,,False
tuiml,mlp,APSFailure,binary,classification,matched,42,,ok,60800,15200,170,170,0,170,2.0,openml-schema,100,0,False,128.3828,0.0877,"{'hidden_layers': [100], 'max_epochs': 300, 'learning_rate': 0.05, 'momentum': 0.2, 'decay': True, 'activation': 'sigmoid', 'random_state': 42}",0.1.6,"Weka updates weights per instance (online backprop); scikit-learn's SGD uses mini-batches. Same architecture and learning rate, different optimizer schedule and different divergence handling — the least matchable row in the table.",132.2239,132.0667,1074.0,0.9823684210526316,0.5632886287374436,0.5377128064565251,0.7916254533465216,0.5377128064565251,,,,,False
sklearn,naive_bayes,APSFailure,binary,classification,defaults,42,,ok,60800,15200,170,170,0,170,2.0,openml-schema,100,0,False,0.1208,0.0568,{'alpha': 1.0},1.8.0,All three use add-one (Laplace) smoothing on discrete attributes.,5.9175,5.8892,928.2,0.9094078947368421,0.6144205434576864,0.9342378559463986,0.5805762892703591,0.9342378559463986,,,,,False
sklearn,naive_bayes,APSFailure,binary,classification,matched,42,,ok,60800,15200,170,170,0,170,2.0,openml-schema,100,0,False,0.14,0.0542,{'alpha': 1.0},1.8.0,All three use add-one (Laplace) smoothing on discrete attributes.,7.0024,6.993,931.5,0.9094078947368421,0.6144205434576864,0.9342378559463986,0.5805762892703591,0.9342378559463986,,,,,False
tuiml,naive_bayes,APSFailure,binary,classification,defaults,42,,ok,60800,15200,170,170,0,170,2.0,openml-schema,100,0,False,0.2122,0.0581,{'alpha': 1.0},0.1.6,All three use add-one (Laplace) smoothing on discrete attributes.,4.8573,4.8404,1067.9,0.9094078947368421,0.6144205434576864,0.9342378559463986,0.5805762892703591,0.9342378559463986,,,,,False
tuiml,naive_bayes,APSFailure,binary,classification,matched,42,,ok,60800,15200,170,170,0,170,2.0,openml-schema,100,0,False,0.1869,0.0562,{'alpha': 1.0},0.1.6,All three use add-one (Laplace) smoothing on discrete attributes.,4.8317,4.8173,1069.9,0.9094078947368421,0.6144205434576864,0.9342378559463986,0.5805762892703591,0.9342378559463986,,,,,False
weka,naive_bayes,APSFailure,binary,classification,defaults,42,,ok,60800,15200,170,170,0,170,2.0,openml-schema,100,0,False,0.209,0.3682,,3.9.6,All three use add-one (Laplace) smoothing on discrete attributes.,59.5807,61.8329,1372.4,0.9094078947368421,0.6144205434576864,0.9342378559463986,0.5805762892703591,0.9342378559463986,,,,True,False
weka,naive_bayes,APSFailure,binary,classification,matched,42,,ok,60800,15200,170,170,0,170,2.0,openml-schema,100,0,False,0.1742,0.3398,,3.9.6,All three use add-one (Laplace) smoothing on discrete attributes.,59.0582,61.2231,1371.8,0.9094078947368421,0.6144205434576864,0.9342378559463986,0.5805762892703591,0.9342378559463986,,,,True,False
sklearn,random_forest,APSFailure,binary,classification,defaults,42,,ok,60800,15200,170,170,0,170,2.0,openml-schema,100,0,False,103.1868,0.1785,"{'n_estimators': 100, 'random_state': 42}",1.8.0,"sqrt(p) is evaluated on each library's own representation: Weka splits on intact nominal attributes, scikit-learn/TuiML on one-hot columns.",107.5675,107.4345,926.3,0.9944736842105263,0.9155910832239658,0.8829663468859448,0.954572205357161,0.8829663468859448,,,,,False
sklearn,random_forest,APSFailure,binary,classification,matched,42,,ok,60800,15200,170,170,0,170,2.0,openml-schema,100,0,False,110.9291,0.2442,"{'n_estimators': 100, 'max_features': 'sqrt', 'min_samples_leaf': 1, 'bootstrap': True, 'random_state': 42}",1.8.0,"sqrt(p) is evaluated on each library's own representation: Weka splits on intact nominal attributes, scikit-learn/TuiML on one-hot columns.",115.6902,115.5223,930.9,0.9944736842105263,0.9155910832239658,0.8829663468859448,0.954572205357161,0.8829663468859448,,,,,False
tuiml,random_forest,APSFailure,binary,classification,defaults,42,,ok,60800,15200,170,170,0,170,2.0,openml-schema,100,0,False,484.5573,1.8017,{'n_estimators': 100},0.1.6,"sqrt(p) is evaluated on each library's own representation: Weka splits on intact nominal attributes, scikit-learn/TuiML on one-hot columns.",491.5776,532.2309,1954.6,0.9940789473684211,0.9102591856414697,0.8809806608801584,0.9446367765921903,0.8809806608801584,,,,,False
tuiml,random_forest,APSFailure,binary,classification,matched,42,,ok,60800,15200,170,170,0,170,2.0,openml-schema,100,0,False,498.5744,1.2576,"{'n_estimators': 100, 'max_features': 'sqrt', 'min_samples_leaf': 1, 'bootstrap': True, 'random_state': 42}",0.1.6,"sqrt(p) is evaluated on each library's own representation: Weka splits on intact nominal attributes, scikit-learn/TuiML on one-hot columns.",503.916,546.4172,2002.9,0.9938157894736842,0.9055424026553902,0.8737079336074312,0.943582682710213,0.8737079336074312,,,,,False
weka,random_forest,APSFailure,binary,classification,defaults,42,,ok,60800,15200,170,170,0,170,2.0,openml-schema,100,0,False,152.5404,1.1473,-I 100,3.9.6,"sqrt(p) is evaluated on each library's own representation: Weka splits on intact nominal attributes, scikit-learn/TuiML on one-hot columns.",205.7484,210.5453,1212.3,0.9940789473684211,0.9074021678181379,0.8667032130348713,0.958750795147217,0.8667032130348713,,,,True,False
weka,random_forest,APSFailure,binary,classification,matched,42,,ok,60800,15200,170,170,0,170,2.0,openml-schema,100,0,False,231.0489,0.9172,-I 100 -K 13 -depth 0 -M 1 -P 100 -S 42,3.9.6,"sqrt(p) is evaluated on each library's own representation: Weka splits on intact nominal attributes, scikit-learn/TuiML on one-hot columns.",282.7121,288.3373,1220.3,0.9943421052631579,0.9125618729096989,0.8757606212882594,0.9577295492487479,0.8757606212882594,,,,True,False
sklearn,svm,APSFailure,binary,classification,defaults,42,,ok,60800,15200,170,170,0,170,2.0,openml-schema,100,0,False,139.7098,5.8942,{},1.8.0,Both use one-vs-one for multiclass. Optimizer tolerances differ (SMO -T 1e-3 / -P 1e-12 vs libsvm tol 1e-3).,150.1683,150.1166,924.8,0.988421052631579,0.7792444933251825,0.7067702147099132,0.936519081001091,0.7067702147099132,,,,,False
sklearn,svm,APSFailure,binary,classification,matched,42,,ok,60800,15200,170,170,0,170,2.0,openml-schema,100,0,False,143.077,6.6081,"{'C': 1.0, 'kernel': 'rbf', 'gamma': 0.005917159763313609}",1.8.0,Both use one-vs-one for multiclass. Optimizer tolerances differ (SMO -T 1e-3 / -P 1e-12 vs libsvm tol 1e-3).,154.9625,154.9017,931.5,0.988421052631579,0.7792444933251825,0.7067702147099132,0.936519081001091,0.7067702147099132,,,,,False
tuiml,svm,APSFailure,binary,classification,defaults,42,,ok,60800,15200,170,170,0,170,2.0,openml-schema,100,0,False,355.2496,9.3276,{},0.1.6,Both use one-vs-one for multiclass. Optimizer tolerances differ (SMO -T 1e-3 / -P 1e-12 vs libsvm tol 1e-3).,368.2765,368.0203,1059.6,0.988421052631579,0.7792444933251825,0.7067702147099132,0.936519081001091,0.7067702147099132,,,,,False
tuiml,svm,APSFailure,binary,classification,matched,42,,ok,60800,15200,170,170,0,170,2.0,openml-schema,100,0,False,339.6855,8.4148,"{'C': 1.0, 'kernel': 'rbf', 'gamma': 0.005917159763313609}",0.1.6,Both use one-vs-one for multiclass. Optimizer tolerances differ (SMO -T 1e-3 / -P 1e-12 vs libsvm tol 1e-3).,352.7154,352.5399,1054.7,0.988421052631579,0.7792444933251825,0.7067702147099132,0.936519081001091,0.7067702147099132,,,,,False
weka,svm,APSFailure,binary,classification,defaults,42,,ok,60800,15200,170,170,0,170,2.0,openml-schema,100,0,False,312.1925,0.4123,,3.9.6,Both use one-vs-one for multiclass. Optimizer tolerances differ (SMO -T 1e-3 / -P 1e-12 vs libsvm tol 1e-3).,364.6782,369.173,1114.7,0.9907894736842106,0.8441535310357111,0.7865022080097457,0.9325690221483727,0.7865022080097457,,,,True,False
weka,svm,APSFailure,binary,classification,matched,42,,ok,60800,15200,170,170,0,170,2.0,openml-schema,100,0,False,1353.3659,25.4502,-N 2 -C 1.0 -K weka.classifiers.functions.supportVector.RBFKernel -G 0.005917159763,3.9.6,Both use one-vs-one for multiclass. Optimizer tolerances differ (SMO -T 1e-3 / -P 1e-12 vs libsvm tol 1e-3).,1428.4788,1434.5633,1032.6,0.988421052631579,0.7792444933251825,0.7067702147099132,0.936519081001091,0.7067702147099132,,,,True,False
sklearn,decision_tree,Amazon_employee_access,binary,classification,defaults,42,,ok,26215,6554,9,0,9,875,2.0,openml-schema,100,8,False,13.0638,0.0225,{'random_state': 42},1.8.0,"C4.5 vs CART: even matched, J48 splits on gain ratio while scikit-learn/TuiML use information gain. Related algorithms, not identical ones.",15.0446,14.9983,573.7,0.9365273115654562,0.6877766702823136,0.6753177443303815,0.7026750805784359,0.6753177443303815,,,,,False
sklearn,decision_tree,Amazon_employee_access,binary,classification,matched,42,,ok,26215,6554,9,0,9,875,2.0,openml-schema,100,8,False,7.6707,0.0177,"{'criterion': 'entropy', 'min_samples_leaf': 1, 'random_state': 42}",1.8.0,"C4.5 vs CART: even matched, J48 splits on gain ratio while scikit-learn/TuiML use information gain. Related algorithms, not identical ones.",9.3617,9.3111,572.8,0.9385108330790357,0.6963126632186262,0.6825618236783353,0.7129133145695629,0.6825618236783353,,,,,False
tuiml,decision_tree,Amazon_employee_access,binary,classification,defaults,42,,ok,26215,6554,9,0,9,875,2.0,openml-schema,100,8,False,90.1143,0.4832,{},0.1.6,"C4.5 vs CART: even matched, J48 splits on gain ratio while scikit-learn/TuiML use information gain. Related algorithms, not identical ones.",91.1571,91.0031,686.6,0.935764418675618,0.6844467393212463,0.6724363069231838,0.6987644360911144,0.6724363069231838,,,,,False
tuiml,decision_tree,Amazon_employee_access,binary,classification,matched,42,,ok,26215,6554,9,0,9,875,2.0,openml-schema,100,8,False,59.9519,0.3524,"{'criterion': 'entropy', 'min_samples_leaf': 1, 'random_state': 42}",0.1.6,"C4.5 vs CART: even matched, J48 splits on gain ratio while scikit-learn/TuiML use information gain. Related algorithms, not identical ones.",60.7795,60.7333,689.2,0.9375953616112298,0.6926185524925422,0.6795994146112185,0.7082322691873254,0.6795994146112185,,,,,False
weka,decision_tree,Amazon_employee_access,binary,classification,defaults,42,,ok,26215,6554,9,0,9,875,2.0,openml-schema,100,8,False,0.314,0.049,,3.9.6,"C4.5 vs CART: even matched, J48 splits on gain ratio while scikit-learn/TuiML use information gain. Related algorithms, not identical ones.",5.65,7.4259,449.9,0.9421727189502593,0.48511273470029065,0.5,0.47108635947512967,0.5,,,,True,False
weka,decision_tree,Amazon_employee_access,binary,classification,matched,42,,ok,26215,6554,9,0,9,875,2.0,openml-schema,100,8,False,1.8132,0.113,-U -B -M 1,3.9.6,"C4.5 vs CART: even matched, J48 splits on gain ratio while scikit-learn/TuiML use information gain. Related algorithms, not identical ones.",7.1441,9.1479,786.5,0.9409520903265182,0.685398908272326,0.6603298687148152,0.7227313955200136,0.6603298687148152,,,,True,False
sklearn,knn,Amazon_employee_access,binary,classification,defaults,42,,ok,26215,6554,9,0,9,875,2.0,openml-schema,100,8,False,0.0267,9.9217,{'n_neighbors': 5},1.8.0,Nominal attributes contribute a distance of 1 per mismatch in Weka but sqrt(2) across the corresponding one-hot columns. Neighbour-search structure is left to each library.,11.792,11.7471,573.5,0.9430881904180654,0.6538724180870713,0.6181233375706365,0.7358601801924782,0.6181233375706365,,,,,False
sklearn,knn,Amazon_employee_access,binary,classification,matched,42,,ok,26215,6554,9,0,9,875,2.0,openml-schema,100,8,False,0.0213,10.19,"{'n_neighbors': 5, 'weights': 'uniform'}",1.8.0,Nominal attributes contribute a distance of 1 per mismatch in Weka but sqrt(2) across the corresponding one-hot columns. Neighbour-search structure is left to each library.,12.0044,11.9701,573.4,0.9430881904180654,0.6538724180870713,0.6181233375706365,0.7358601801924782,0.6181233375706365,,,,,False
tuiml,knn,Amazon_employee_access,binary,classification,defaults,42,,ok,26215,6554,9,0,9,875,2.0,openml-schema,100,8,False,0.0011,236.8794,{'k': 5},0.1.6,Nominal attributes contribute a distance of 1 per mismatch in Weka but sqrt(2) across the corresponding one-hot columns. Neighbour-search structure is left to each library.,237.4008,237.2959,683.8,0.9432407689960329,0.6553849598349978,0.6194425987843568,0.7372424709212274,0.6194425987843568,,,,,False
tuiml,knn,Amazon_employee_access,binary,classification,matched,42,,ok,26215,6554,9,0,9,875,2.0,openml-schema,100,8,False,0.001,262.415,"{'k': 5, 'distance_weighting': 'uniform'}",0.1.6,Nominal attributes contribute a distance of 1 per mismatch in Weka but sqrt(2) across the corresponding one-hot columns. Neighbour-search structure is left to each library.,263.008,262.7942,689.2,0.9432407689960329,0.6553849598349978,0.6194425987843568,0.7372424709212274,0.6194425987843568,,,,,False
weka,knn,Amazon_employee_access,binary,classification,defaults,42,,ok,26215,6554,9,0,9,875,2.0,openml-schema,100,8,False,0.0376,13.9343,-K 5,3.9.6,Nominal attributes contribute a distance of 1 per mismatch in Weka but sqrt(2) across the corresponding one-hot columns. Neighbour-search structure is left to each library.,19.2517,21.0454,408.8,0.9470552334452242,0.6779992736627714,0.636326364927948,0.7722066753122654,0.636326364927948,,,,True,False
weka,knn,Amazon_employee_access,binary,classification,matched,42,,ok,26215,6554,9,0,9,875,2.0,openml-schema,100,8,False,0.0375,18.4099,"-K 5 -A weka.core.neighboursearch.LinearNNSearch -A ""weka.core.EuclideanDistance -R first-last -D""",3.9.6,Nominal attributes contribute a distance of 1 per mismatch in Weka but sqrt(2) across the corresponding one-hot columns. Neighbour-search structure is left to each library.,23.4678,25.2569,410.3,0.9470552334452242,0.6779992736627714,0.636326364927948,0.7722066753122654,0.636326364927948,,,,True,False
sklearn,logistic,Amazon_employee_access,binary,classification,defaults,42,,ok,26215,6554,9,0,9,875,2.0,openml-schema,100,8,False,1.4324,0.0104,{'max_iter': 1000},1.8.0,Ridge 0.5 in Weka/TuiML corresponds to scikit-learn's C=1.0.,3.092,3.0726,572.0,0.9420201403722918,0.5170614301459837,0.5160167925394977,0.7127033575631706,0.5160167925394977,,,,,False
sklearn,logistic,Amazon_employee_access,binary,classification,matched,42,,ok,26215,6554,9,0,9,875,2.0,openml-schema,100,8,False,1.7031,0.0087,"{'C': 1.0, 'max_iter': 1000}",1.8.0,Ridge 0.5 in Weka/TuiML corresponds to scikit-learn's C=1.0.,3.4297,3.4079,574.5,0.9420201403722918,0.5170614301459837,0.5160167925394977,0.7127033575631706,0.5160167925394977,,,,,False
tuiml,logistic,Amazon_employee_access,binary,classification,defaults,42,,ok,26215,6554,9,0,9,875,2.0,openml-schema,100,8,False,1.766,0.0263,{},0.1.6,Ridge 0.5 in Weka/TuiML corresponds to scikit-learn's C=1.0.,2.21,2.2091,864.1,0.9415624046383888,0.5426282392919451,0.5306333522053561,0.7042507122507122,0.5306333522053561,,,,,False
tuiml,logistic,Amazon_employee_access,binary,classification,matched,42,,ok,26215,6554,9,0,9,875,2.0,openml-schema,100,8,False,0.6757,0.0327,"{'ridge': 0.5, 'max_iter': 1000}",0.1.6,Ridge 0.5 in Weka/TuiML corresponds to scikit-learn's C=1.0.,1.2221,1.2183,864.2,0.9421727189502593,0.48511273470029065,0.5,0.47108635947512967,0.5,,,,,False
weka,logistic,Amazon_employee_access,binary,classification,defaults,42,,ok,26215,6554,9,0,9,875,2.0,openml-schema,100,8,False,336.8143,0.178,,3.9.6,Ridge 0.5 in Weka/TuiML corresponds to scikit-learn's C=1.0.,342.1721,348.8447,1060.2,0.9417149832163564,0.5448376115986209,0.5319526134190764,0.7092056120522038,0.5319526134190764,,,,True,False
weka,logistic,Amazon_employee_access,binary,classification,matched,42,,ok,26215,6554,9,0,9,875,2.0,openml-schema,100,8,False,174.4997,0.1747,-R 0.5 -M 1000,3.9.6,Ridge 0.5 in Weka/TuiML corresponds to scikit-learn's C=1.0.,180.2262,185.0639,1054.1,0.9417149832163564,0.5448376115986209,0.5319526134190764,0.7092056120522038,0.5319526134190764,,,,True,False
sklearn,mlp,Amazon_employee_access,binary,classification,defaults,42,,ok,26215,6554,9,0,9,875,2.0,openml-schema,100,8,False,83.3216,0.0602,"{'max_iter': 300, 'random_state': 42}",1.8.0,"Weka updates weights per instance (online backprop); scikit-learn's SGD uses mini-batches. Same architecture and learning rate, different optimizer schedule and different divergence handling — the least matchable row in the table.",84.947,84.9277,576.2,0.9398840402807446,0.6961318971392852,0.6783374104024014,0.7189819223534781,0.6783374104024014,,,,,False
sklearn,mlp,Amazon_employee_access,binary,classification,matched,42,,ok,26215,6554,9,0,9,875,2.0,openml-schema,100,8,False,156.2772,0.0673,"{'hidden_layer_sizes': (100,), 'max_iter': 300, 'solver': 'sgd', 'learning_rate': 'adaptive', 'learning_rate_init': 0.05, 'momentum': 0.2, 'activation': 'logistic', 'random_state': 42}",1.8.0,"Weka updates weights per instance (online backprop); scikit-learn's SGD uses mini-batches. Same architecture and learning rate, different optimizer schedule and different divergence handling — the least matchable row in the table.",157.946,157.8055,574.4,0.9415624046383888,0.5001265524077317,0.5071058506831316,0.6589744570204956,0.5071058506831316,,,,,False
tuiml,mlp,Amazon_employee_access,binary,classification,defaults,42,,ok,26215,6554,9,0,9,875,2.0,openml-schema,100,8,False,227.8277,0.0817,{},0.1.6,"Weka updates weights per instance (online backprop); scikit-learn's SGD uses mini-batches. Same architecture and learning rate, different optimizer schedule and different divergence handling — the least matchable row in the table.",228.396,228.3024,851.5,0.9472078120231919,0.6750662567460373,0.6326924679264632,0.7751267133209123,0.6326924679264632,,,,,False
tuiml,mlp,Amazon_employee_access,binary,classification,matched,42,,ok,26215,6554,9,0,9,875,2.0,openml-schema,100,8,False,140.0456,0.1741,"{'hidden_layers': [100], 'max_epochs': 300, 'learning_rate': 0.05, 'momentum': 0.2, 'decay': True, 'activation': 'sigmoid', 'random_state': 42}",0.1.6,"Weka updates weights per instance (online backprop); scikit-learn's SGD uses mini-batches. Same architecture and learning rate, different optimizer schedule and different divergence handling — the least matchable row in the table.",140.7749,140.6973,862.2,0.9421727189502593,0.48511273470029065,0.5,0.47108635947512967,0.5,,,,,False
sklearn,naive_bayes,Amazon_employee_access,binary,classification,defaults,42,,ok,26215,6554,9,0,9,875,2.0,openml-schema,100,8,False,0.0112,0.0016,{'alpha': 1.0},1.8.0,All three use add-one (Laplace) smoothing on discrete attributes.,1.3648,1.3528,187.1,0.8802258162953921,0.5617770071020899,0.5798098554687917,0.5532441773222866,0.5798098554687917,,,,,False
sklearn,naive_bayes,Amazon_employee_access,binary,classification,matched,42,,ok,26215,6554,9,0,9,875,2.0,openml-schema,100,8,False,0.0155,0.0017,{'alpha': 1.0},1.8.0,All three use add-one (Laplace) smoothing on discrete attributes.,1.5459,1.5323,186.3,0.8802258162953921,0.5617770071020899,0.5798098554687917,0.5532441773222866,0.5798098554687917,,,,,False
tuiml,naive_bayes,Amazon_employee_access,binary,classification,defaults,42,,ok,26215,6554,9,0,9,875,2.0,openml-schema,100,8,False,0.0059,0.0016,{'alpha': 1.0},0.1.6,All three use add-one (Laplace) smoothing on discrete attributes.,0.2311,0.2272,287.3,0.8803783948733598,0.5627513717374433,0.5811291166825121,0.5540414728246406,0.5811291166825121,,,,,False
tuiml,naive_bayes,Amazon_employee_access,binary,classification,matched,42,,ok,26215,6554,9,0,9,875,2.0,openml-schema,100,8,False,0.0058,0.0017,{'alpha': 1.0},0.1.6,All three use add-one (Laplace) smoothing on discrete attributes.,0.2216,0.2216,294.8,0.8803783948733598,0.5627513717374433,0.5811291166825121,0.5540414728246406,0.5811291166825121,,,,,False
weka,naive_bayes,Amazon_employee_access,binary,classification,defaults,42,,ok,26215,6554,9,0,9,875,2.0,openml-schema,100,8,False,0.0432,0.0589,,3.9.6,All three use add-one (Laplace) smoothing on discrete attributes.,5.0399,6.407,360.8,0.8803783948733598,0.5627513717374433,0.5811291166825121,0.5540414728246406,0.5811291166825121,,,,True,False
weka,naive_bayes,Amazon_employee_access,binary,classification,matched,42,,ok,26215,6554,9,0,9,875,2.0,openml-schema,100,8,False,0.0432,0.0577,,3.9.6,All three use add-one (Laplace) smoothing on discrete attributes.,5.2452,6.6985,365.0,0.8803783948733598,0.5627513717374433,0.5811291166825121,0.5540414728246406,0.5811291166825121,,,,True,False
sklearn,random_forest,Amazon_employee_access,binary,classification,defaults,42,,ok,26215,6554,9,0,9,875,2.0,openml-schema,100,8,False,32.2676,0.6757,"{'n_estimators': 100, 'random_state': 42}",1.8.0,"sqrt(p) is evaluated on each library's own representation: Weka splits on intact nominal attributes, scikit-learn/TuiML on one-hot columns.",34.7678,34.7248,573.8,0.9450717119316447,0.6774084169353745,0.6402268915642059,0.7521437983319824,0.6402268915642059,,,,,False
sklearn,random_forest,Amazon_employee_access,binary,classification,matched,42,,ok,26215,6554,9,0,9,875,2.0,openml-schema,100,8,False,32.1633,0.7007,"{'n_estimators': 100, 'max_features': 'sqrt', 'min_samples_leaf': 1, 'bootstrap': True, 'random_state': 42}",1.8.0,"sqrt(p) is evaluated on each library's own representation: Weka splits on intact nominal attributes, scikit-learn/TuiML on one-hot columns.",34.4508,34.404,573.1,0.9450717119316447,0.6774084169353745,0.6402268915642059,0.7521437983319824,0.6402268915642059,,,,,False
tuiml,random_forest,Amazon_employee_access,binary,classification,defaults,42,,ok,26215,6554,9,0,9,875,2.0,openml-schema,100,8,False,964.4488,1.6558,{'n_estimators': 100},0.1.6,"sqrt(p) is evaluated on each library's own representation: Weka splits on intact nominal attributes, scikit-learn/TuiML on one-hot columns.",966.76,999.3219,1819.1,0.9424778761061947,0.4904383121670568,0.5026385224274407,0.9712301587301587,0.5026385224274407,,,,,False
tuiml,random_forest,Amazon_employee_access,binary,classification,matched,42,,ok,26215,6554,9,0,9,875,2.0,openml-schema,100,8,False,964.515,1.381,"{'n_estimators': 100, 'max_features': 'sqrt', 'min_samples_leaf': 1, 'bootstrap': True, 'random_state': 42}",0.1.6,"sqrt(p) is evaluated on each library's own representation: Weka splits on intact nominal attributes, scikit-learn/TuiML on one-hot columns.",966.6777,1003.1283,1809.4,0.9429356118400977,0.4983241970554333,0.5065963060686016,0.97144602229348,0.5065963060686016,,,,,False
weka,random_forest,Amazon_employee_access,binary,classification,defaults,42,,ok,26215,6554,9,0,9,875,2.0,openml-schema,100,8,False,6.3282,0.307,-I 100,3.9.6,"sqrt(p) is evaluated on each library's own representation: Weka splits on intact nominal attributes, scikit-learn/TuiML on one-hot columns.",11.9637,15.136,1322.9,0.9459871833994508,0.6848422116450414,0.6469041692927264,0.7592581281271091,0.6469041692927264,,,,True,False
weka,random_forest,Amazon_employee_access,binary,classification,matched,42,,ok,26215,6554,9,0,9,875,2.0,openml-schema,100,8,False,6.1584,0.2736,-I 100 -K 3 -depth 0 -M 1 -P 100 -S 42,3.9.6,"sqrt(p) is evaluated on each library's own representation: Weka splits on intact nominal attributes, scikit-learn/TuiML on one-hot columns.",11.4619,14.8497,1332.2,0.9459871833994508,0.682784943319785,0.6444275901851239,0.7596971291810887,0.6444275901851239,,,,True,False
sklearn,svm,Amazon_employee_access,binary,classification,defaults,42,,ok,26215,6554,9,0,9,875,2.0,openml-schema,100,8,False,303.5329,46.5237,{},1.8.0,Both use one-vs-one for multiclass. Optimizer tolerances differ (SMO -T 1e-3 / -P 1e-12 vs libsvm tol 1e-3).,351.71,351.5655,641.9,0.9441562404638388,0.5477801531552932,0.5332481599777809,0.8062420056280378,0.5332481599777809,,,,,False
sklearn,svm,Amazon_employee_access,binary,classification,matched,42,,ok,26215,6554,9,0,9,875,2.0,openml-schema,100,8,False,304.9882,46.9413,"{'C': 1.0, 'kernel': 'rbf', 'gamma': 0.11226584552219657}",1.8.0,Both use one-vs-one for multiclass. Optimizer tolerances differ (SMO -T 1e-3 / -P 1e-12 vs libsvm tol 1e-3).,353.4832,353.3414,642.4,0.9441562404638388,0.5477801531552932,0.5332481599777809,0.8062420056280378,0.5332481599777809,,,,,False
tuiml,svm,Amazon_employee_access,binary,classification,defaults,42,,ok,26215,6554,9,0,9,875,2.0,openml-schema,100,8,False,1658.0429,36.3029,{},0.1.6,Both use one-vs-one for multiclass. Optimizer tolerances differ (SMO -T 1e-3 / -P 1e-12 vs libsvm tol 1e-3).,1694.791,1694.2872,878.2,0.9441562404638388,0.5477801531552932,0.5332481599777809,0.8062420056280378,0.5332481599777809,,,,,False
tuiml,svm,Amazon_employee_access,binary,classification,matched,42,,ok,26215,6554,9,0,9,875,2.0,openml-schema,100,8,False,1791.2567,37.3831,"{'C': 1.0, 'kernel': 'rbf', 'gamma': 0.11226584552219657}",0.1.6,Both use one-vs-one for multiclass. Optimizer tolerances differ (SMO -T 1e-3 / -P 1e-12 vs libsvm tol 1e-3).,1829.3035,1828.8024,882.0,0.9441562404638388,0.5477801531552932,0.5332481599777809,0.8062420056280378,0.5332481599777809,,,,,False
weka,svm,Amazon_employee_access,binary,classification,defaults,42,,ok,26215,6554,9,0,9,875,2.0,openml-schema,100,8,False,2552.0375,0.1129,,3.9.6,Both use one-vs-one for multiclass. Optimizer tolerances differ (SMO -T 1e-3 / -P 1e-12 vs libsvm tol 1e-3).,2557.4962,2565.742,1051.4,0.9429356118400977,0.5058092507691502,0.5103111747300054,0.8352854542675725,0.5103111747300054,,,,True,False
weka,svm,Amazon_employee_access,binary,classification,matched,42,,ok,26215,6554,9,0,9,875,2.0,openml-schema,100,8,False,2978.7406,105.5559,-N 2 -C 1.0 -K weka.classifiers.functions.supportVector.RBFKernel -G 0.1122658455,3.9.6,Both use one-vs-one for multiclass. Optimizer tolerances differ (SMO -T 1e-3 / -P 1e-12 vs libsvm tol 1e-3).,3090.5687,3101.5449,790.6,0.9441562404638388,0.5477801531552932,0.5332481599777809,0.8062420056280378,0.5332481599777809,,,,True,False
sklearn,decision_tree,Bank_Customer_Churn,binary,classification,defaults,42,,ok,8000,2000,10,6,4,15,2.0,openml-schema,100,0,False,0.0585,0.0008,{'random_state': 42},1.8.0,"C4.5 vs CART: even matched, J48 splits on gain ratio while scikit-learn/TuiML use information gain. Related algorithms, not identical ones.",1.3388,1.3214,185.1,0.794,0.6933022268342686,0.7005634293769887,0.6873194841189241,0.7005634293769887,,,,,False
sklearn,decision_tree,Bank_Customer_Churn,binary,classification,matched,42,,ok,8000,2000,10,6,4,15,2.0,openml-schema,100,0,False,0.0724,0.001,"{'criterion': 'entropy', 'min_samples_leaf': 1, 'random_state': 42}",1.8.0,"C4.5 vs CART: even matched, J48 splits on gain ratio while scikit-learn/TuiML use information gain. Related algorithms, not identical ones.",1.4105,1.3839,182.2,0.793,0.6853027250959675,0.6880455185539931,0.6827684009648148,0.6880455185539931,,,,,False
tuiml,decision_tree,Bank_Customer_Churn,binary,classification,defaults,42,,ok,8000,2000,10,6,4,15,2.0,openml-schema,100,0,False,0.1063,0.03,{},0.1.6,"C4.5 vs CART: even matched, J48 splits on gain ratio while scikit-learn/TuiML use information gain. Related algorithms, not identical ones.",0.277,0.2767,295.1,0.794,0.6906516737846815,0.6959902892106282,0.6860391402440007,0.6959902892106282,,,,,False
tuiml,decision_tree,Bank_Customer_Churn,binary,classification,matched,42,,ok,8000,2000,10,6,4,15,2.0,openml-schema,100,0,False,0.0979,0.0248,"{'criterion': 'entropy', 'min_samples_leaf': 1, 'random_state': 42}",0.1.6,"C4.5 vs CART: even matched, J48 splits on gain ratio while scikit-learn/TuiML use information gain. Related algorithms, not identical ones.",0.2478,0.2476,289.0,0.7975,0.6907659269863994,0.6926996333775994,0.6889332139681463,0.6926996333775994,,,,,False
weka,decision_tree,Bank_Customer_Churn,binary,classification,defaults,42,,ok,8000,2000,10,6,4,15,2.0,openml-schema,100,0,False,0.4991,0.0168,,3.9.6,"C4.5 vs CART: even matched, J48 splits on gain ratio while scikit-learn/TuiML use information gain. Related algorithms, not identical ones.",3.3872,5.1449,313.2,0.8545,0.7406850459482038,0.7120178730348221,0.7961419806280376,0.7120178730348221,,,,True,False
weka,decision_tree,Bank_Customer_Churn,binary,classification,matched,42,,ok,8000,2000,10,6,4,15,2.0,openml-schema,100,0,False,0.3952,0.0172,-U -B -M 1,3.9.6,"C4.5 vs CART: even matched, J48 splits on gain ratio while scikit-learn/TuiML use information gain. Related algorithms, not identical ones.",3.9333,5.5867,297.0,0.83,0.7249529184113281,0.714930647134037,0.7375761016518598,0.714930647134037,,,,True,False
sklearn,knn,Bank_Customer_Churn,binary,classification,defaults,42,,ok,8000,2000,10,6,4,15,2.0,openml-schema,100,0,False,0.0175,0.1648,{'n_neighbors': 5},1.8.0,Nominal attributes contribute a distance of 1 per mismatch in Weka but sqrt(2) across the corresponding one-hot columns. Neighbour-search structure is left to each library.,1.3682,1.3616,184.6,0.8345,0.7022190974719661,0.6775118724271266,0.7543987621573829,0.6775118724271266,,,,,False
sklearn,knn,Bank_Customer_Churn,binary,classification,matched,42,,ok,8000,2000,10,6,4,15,2.0,openml-schema,100,0,False,0.0176,0.1728,"{'n_neighbors': 5, 'weights': 'uniform'}",1.8.0,Nominal attributes contribute a distance of 1 per mismatch in Weka but sqrt(2) across the corresponding one-hot columns. Neighbour-search structure is left to each library.,1.4745,1.4678,184.0,0.8345,0.7022190974719661,0.6775118724271266,0.7543987621573829,0.6775118724271266,,,,,False
tuiml,knn,Bank_Customer_Churn,binary,classification,defaults,42,,ok,8000,2000,10,6,4,15,2.0,openml-schema,100,0,False,0.0003,0.2751,{'k': 5},0.1.6,Nominal attributes contribute a distance of 1 per mismatch in Weka but sqrt(2) across the corresponding one-hot columns. Neighbour-search structure is left to each library.,0.4181,0.4158,294.0,0.8345,0.7022190974719661,0.6775118724271266,0.7543987621573829,0.6775118724271266,,,,,False
tuiml,knn,Bank_Customer_Churn,binary,classification,matched,42,,ok,8000,2000,10,6,4,15,2.0,openml-schema,100,0,False,0.0003,0.2701,"{'k': 5, 'distance_weighting': 'uniform'}",0.1.6,Nominal attributes contribute a distance of 1 per mismatch in Weka but sqrt(2) across the corresponding one-hot columns. Neighbour-search structure is left to each library.,0.4033,0.4031,294.4,0.8345,0.7022190974719661,0.6775118724271266,0.7543987621573829,0.6775118724271266,,,,,False
weka,knn,Bank_Customer_Churn,binary,classification,defaults,42,,ok,8000,2000,10,6,4,15,2.0,openml-schema,100,0,False,0.0132,1.2818,-K 5,3.9.6,Nominal attributes contribute a distance of 1 per mismatch in Weka but sqrt(2) across the corresponding one-hot columns. Neighbour-search structure is left to each library.,4.4688,5.8272,287.7,0.8115,0.6453165079763801,0.6255739560824307,0.704653314028314,0.6255739560824307,,,,True,False
weka,knn,Bank_Customer_Churn,binary,classification,matched,42,,ok,8000,2000,10,6,4,15,2.0,openml-schema,100,0,False,0.0139,0.9785,"-K 5 -A weka.core.neighboursearch.LinearNNSearch -A ""weka.core.EuclideanDistance -R first-last -D""",3.9.6,Nominal attributes contribute a distance of 1 per mismatch in Weka but sqrt(2) across the corresponding one-hot columns. Neighbour-search structure is left to each library.,4.1525,5.5001,293.6,0.841,0.71762399237052,0.6925677603643705,0.7664584395988552,0.6925677603643705,,,,True,False
sklearn,logistic,Bank_Customer_Churn,binary,classification,defaults,42,,ok,8000,2000,10,6,4,15,2.0,openml-schema,100,0,False,0.0131,0.0005,{'max_iter': 1000},1.8.0,Ridge 0.5 in Weka/TuiML corresponds to scikit-learn's C=1.0.,1.4284,1.4151,184.6,0.8055,0.584250467183842,0.575161448042804,0.6948896994129032,0.575161448042804,,,,,False
sklearn,logistic,Bank_Customer_Churn,binary,classification,matched,42,,ok,8000,2000,10,6,4,15,2.0,openml-schema,100,0,False,0.0078,0.0003,"{'C': 1.0, 'max_iter': 1000}",1.8.0,Ridge 0.5 in Weka/TuiML corresponds to scikit-learn's C=1.0.,1.2265,1.2177,184.1,0.8055,0.584250467183842,0.575161448042804,0.6948896994129032,0.575161448042804,,,,,False
tuiml,logistic,Bank_Customer_Churn,binary,classification,defaults,42,,ok,8000,2000,10,6,4,15,2.0,openml-schema,100,0,False,0.0099,0.0002,{},0.1.6,Ridge 0.5 in Weka/TuiML corresponds to scikit-learn's C=1.0.,0.1441,0.1441,293.9,0.805,0.5838304247704131,0.5748475748475748,0.6927415351007844,0.5748475748475748,,,,,False
tuiml,logistic,Bank_Customer_Churn,binary,classification,matched,42,,ok,8000,2000,10,6,4,15,2.0,openml-schema,100,0,False,0.0099,0.0002,"{'ridge': 0.5, 'max_iter': 1000}",0.1.6,Ridge 0.5 in Weka/TuiML corresponds to scikit-learn's C=1.0.,0.1593,0.1593,292.9,0.7965,0.44336209295853046,0.5,0.39825,0.5,,,,,False
weka,logistic,Bank_Customer_Churn,binary,classification,defaults,42,,ok,8000,2000,10,6,4,15,2.0,openml-schema,100,0,False,0.3498,0.0231,,3.9.6,Ridge 0.5 in Weka/TuiML corresponds to scikit-learn's C=1.0.,3.9113,5.4462,318.7,0.805,0.5838304247704131,0.5748475748475748,0.6927415351007844,0.5748475748475748,,,,True,False
weka,logistic,Bank_Customer_Churn,binary,classification,matched,42,,ok,8000,2000,10,6,4,15,2.0,openml-schema,100,0,False,0.3362,0.0199,-R 0.5 -M 1000,3.9.6,Ridge 0.5 in Weka/TuiML corresponds to scikit-learn's C=1.0.,3.7616,5.3873,321.8,0.8055,0.584250467183842,0.575161448042804,0.6948896994129032,0.575161448042804,,,,True,False
sklearn,mlp,Bank_Customer_Churn,binary,classification,defaults,42,,ok,8000,2000,10,6,4,15,2.0,openml-schema,100,0,False,7.4197,0.003,"{'max_iter': 300, 'random_state': 42}",1.8.0,"Weka updates weights per instance (online backprop); scikit-learn's SGD uses mini-batches. Same architecture and learning rate, different optimizer schedule and different divergence handling — the least matchable row in the table.",8.7717,8.7551,186.6,0.8575,0.7578498082552824,0.7358521850047274,0.7918782210345485,0.7358521850047274,,,,,False
sklearn,mlp,Bank_Customer_Churn,binary,classification,matched,42,,ok,8000,2000,10,6,4,15,2.0,openml-schema,100,0,False,3.5988,0.0046,"{'hidden_layer_sizes': (100,), 'max_iter': 300, 'solver': 'sgd', 'learning_rate': 'adaptive', 'learning_rate_init': 0.05, 'momentum': 0.2, 'activation': 'logistic', 'random_state': 42}",1.8.0,"Weka updates weights per instance (online backprop); scikit-learn's SGD uses mini-batches. Same architecture and learning rate, different optimizer schedule and different divergence handling — the least matchable row in the table.",4.8664,4.8574,186.6,0.804,0.5803896381931064,0.5723905723905723,0.6890149852402834,0.5723905723905723,,,,,False
tuiml,mlp,Bank_Customer_Churn,binary,classification,defaults,42,,ok,8000,2000,10,6,4,15,2.0,openml-schema,100,0,False,11.5126,0.0031,{},0.1.6,"Weka updates weights per instance (online backprop); scikit-learn's SGD uses mini-batches. Same architecture and learning rate, different optimizer schedule and different divergence handling — the least matchable row in the table.",11.664,11.6627,319.5,0.8625,0.7489702073277879,0.7152105880919439,0.82113529238474,0.7152105880919439,,,,,False
tuiml,mlp,Bank_Customer_Churn,binary,classification,matched,42,,ok,8000,2000,10,6,4,15,2.0,openml-schema,100,0,False,9.9485,0.0074,"{'hidden_layers': [100], 'max_epochs': 300, 'learning_rate': 0.05, 'momentum': 0.2, 'decay': True, 'activation': 'sigmoid', 'random_state': 42}",0.1.6,"Weka updates weights per instance (online backprop); scikit-learn's SGD uses mini-batches. Same architecture and learning rate, different optimizer schedule and different divergence handling — the least matchable row in the table.",10.0983,10.0973,331.9,0.8025,0.4778830603454828,0.5165712708085589,0.8384576612903225,0.5165712708085589,,,,,False
weka,mlp,Bank_Customer_Churn,binary,classification,defaults,42,,ok,8000,2000,10,6,4,15,2.0,openml-schema,100,0,False,9.3047,0.0235,,3.9.6,"Weka updates weights per instance (online backprop); scikit-learn's SGD uses mini-batches. Same architecture and learning rate, different optimizer schedule and different divergence handling — the least matchable row in the table.",12.2942,13.9116,291.0,0.8505,0.7186992994295429,0.6857265586079145,0.8026866151866152,0.6857265586079145,,,,True,False
weka,mlp,Bank_Customer_Churn,binary,classification,matched,42,,ok,8000,2000,10,6,4,15,2.0,openml-schema,100,0,False,54.0625,0.0444,-H 100 -N 300 -L 0.05 -M 0.2 -D -I -C -S 42,3.9.6,"Weka updates weights per instance (online backprop); scikit-learn's SGD uses mini-batches. Same architecture and learning rate, different optimizer schedule and different divergence handling — the least matchable row in the table.",57.0314,58.646,296.5,0.83,0.6591383016265118,0.6326141241395479,0.766464913177819,0.6326141241395479,,,,True,False
sklearn,naive_bayes,Bank_Customer_Churn,binary,classification,defaults,42,,ok,8000,2000,10,6,4,15,2.0,openml-schema,100,0,False,0.006,0.0006,{'alpha': 1.0},1.8.0,All three use add-one (Laplace) smoothing on discrete attributes.,1.2883,1.2775,183.8,0.822,0.6593425310849941,0.6358238053153308,0.7332884743257241,0.6358238053153308,,,,,False
sklearn,naive_bayes,Bank_Customer_Churn,binary,classification,matched,42,,ok,8000,2000,10,6,4,15,2.0,openml-schema,100,0,False,0.0075,0.0009,{'alpha': 1.0},1.8.0,All three use add-one (Laplace) smoothing on discrete attributes.,1.5495,1.5391,185.3,0.822,0.6593425310849941,0.6358238053153308,0.7332884743257241,0.6358238053153308,,,,,False
tuiml,naive_bayes,Bank_Customer_Churn,binary,classification,defaults,42,,ok,8000,2000,10,6,4,15,2.0,openml-schema,100,0,False,0.0028,0.0008,{'alpha': 1.0},0.1.6,All three use add-one (Laplace) smoothing on discrete attributes.,0.1757,0.1751,292.9,0.8225,0.660747912285656,0.637052306543832,0.7344191887214554,0.637052306543832,,,,,False
tuiml,naive_bayes,Bank_Customer_Churn,binary,classification,matched,42,,ok,8000,2000,10,6,4,15,2.0,openml-schema,100,0,False,0.0026,0.0007,{'alpha': 1.0},0.1.6,All three use add-one (Laplace) smoothing on discrete attributes.,0.1431,0.1431,294.0,0.8225,0.660747912285656,0.637052306543832,0.7344191887214554,0.637052306543832,,,,,False
weka,naive_bayes,Bank_Customer_Churn,binary,classification,defaults,42,,ok,8000,2000,10,6,4,15,2.0,openml-schema,100,0,False,0.0157,0.0215,,3.9.6,All three use add-one (Laplace) smoothing on discrete attributes.,3.0148,4.2153,295.0,0.8225,0.660747912285656,0.637052306543832,0.7344191887214554,0.637052306543832,,,,True,False
weka,naive_bayes,Bank_Customer_Churn,binary,classification,matched,42,,ok,8000,2000,10,6,4,15,2.0,openml-schema,100,0,False,0.0198,0.0218,,3.9.6,All three use add-one (Laplace) smoothing on discrete attributes.,3.1381,4.4067,302.2,0.8225,0.660747912285656,0.637052306543832,0.7344191887214554,0.637052306543832,,,,True,False
sklearn,random_forest,Bank_Customer_Churn,binary,classification,defaults,42,,ok,8000,2000,10,6,4,15,2.0,openml-schema,100,0,False,1.1138,0.0501,"{'n_estimators': 100, 'random_state': 42}",1.8.0,"sqrt(p) is evaluated on each library's own representation: Weka splits on intact nominal attributes, scikit-learn/TuiML on one-hot columns.",2.4874,2.4701,206.3,0.865,0.7568053956776213,0.7240969783342666,0.8222164069378315,0.7240969783342666,,,,,False
sklearn,random_forest,Bank_Customer_Churn,binary,classification,matched,42,,ok,8000,2000,10,6,4,15,2.0,openml-schema,100,0,False,1.0999,0.0496,"{'n_estimators': 100, 'max_features': 'sqrt', 'min_samples_leaf': 1, 'bootstrap': True, 'random_state': 42}",1.8.0,"sqrt(p) is evaluated on each library's own representation: Weka splits on intact nominal attributes, scikit-learn/TuiML on one-hot columns.",2.3997,2.3683,203.4,0.865,0.7568053956776213,0.7240969783342666,0.8222164069378315,0.7240969783342666,,,,,False
tuiml,random_forest,Bank_Customer_Churn,binary,classification,defaults,42,,ok,8000,2000,10,6,4,15,2.0,openml-schema,100,0,False,4.603,0.0353,{'n_estimators': 100},0.1.6,"sqrt(p) is evaluated on each library's own representation: Weka splits on intact nominal attributes, scikit-learn/TuiML on one-hot columns.",4.8454,5.0972,398.0,0.8655,0.7436091726916128,0.7042890347975094,0.8465453004154849,0.7042890347975094,,,,,False
tuiml,random_forest,Bank_Customer_Churn,binary,classification,matched,42,,ok,8000,2000,10,6,4,15,2.0,openml-schema,100,0,False,4.5116,0.0361,"{'n_estimators': 100, 'max_features': 'sqrt', 'min_samples_leaf': 1, 'bootstrap': True, 'random_state': 42}",0.1.6,"sqrt(p) is evaluated on each library's own representation: Weka splits on intact nominal attributes, scikit-learn/TuiML on one-hot columns.",4.7704,5.0428,410.4,0.8635,0.7438196490329192,0.7066920541496813,0.8342503816184614,0.7066920541496813,,,,,False
weka,random_forest,Bank_Customer_Churn,binary,classification,defaults,42,,ok,8000,2000,10,6,4,15,2.0,openml-schema,100,0,False,2.6603,0.1142,-I 100,3.9.6,"sqrt(p) is evaluated on each library's own representation: Weka splits on intact nominal attributes, scikit-learn/TuiML on one-hot columns.",5.623,7.8975,813.6,0.8675,0.7644099959505191,0.732983368576589,0.8233889959323486,0.732983368576589,,,,True,False
weka,random_forest,Bank_Customer_Churn,binary,classification,matched,42,,ok,8000,2000,10,6,4,15,2.0,openml-schema,100,0,False,2.2439,0.1539,-I 100 -K 3 -depth 0 -M 1 -P 100 -S 42,3.9.6,"sqrt(p) is evaluated on each library's own representation: Weka splits on intact nominal attributes, scikit-learn/TuiML on one-hot columns.",5.1461,7.3624,814.8,0.8695,0.7651939106954173,0.7314949772576891,0.8317639257294429,0.7314949772576891,,,,True,False
sklearn,svm,Bank_Customer_Churn,binary,classification,defaults,42,,ok,8000,2000,10,6,4,15,2.0,openml-schema,100,0,False,1.3561,0.6211,{},1.8.0,Both use one-vs-one for multiclass. Optimizer tolerances differ (SMO -T 1e-3 / -P 1e-12 vs libsvm tol 1e-3).,3.3258,3.3183,285.0,0.8615,0.7280579854987166,0.6880586287365948,0.8512398598820059,0.6880586287365948,,,,,False
sklearn,svm,Bank_Customer_Churn,binary,classification,matched,42,,ok,8000,2000,10,6,4,15,2.0,openml-schema,100,0,False,1.4216,0.3444,"{'C': 1.0, 'kernel': 'rbf', 'gamma': 0.1119402985074627}",1.8.0,Both use one-vs-one for multiclass. Optimizer tolerances differ (SMO -T 1e-3 / -P 1e-12 vs libsvm tol 1e-3).,3.0372,3.0146,284.2,0.8615,0.7280579854987166,0.6880586287365948,0.8512398598820059,0.6880586287365948,,,,,False
tuiml,svm,Bank_Customer_Churn,binary,classification,defaults,42,,ok,8000,2000,10,6,4,15,2.0,openml-schema,100,0,False,1.6543,0.1592,{},0.1.6,Both use one-vs-one for multiclass. Optimizer tolerances differ (SMO -T 1e-3 / -P 1e-12 vs libsvm tol 1e-3).,1.9705,1.9672,485.4,0.8615,0.7280579854987166,0.6880586287365948,0.8512398598820059,0.6880586287365948,,,,,False
tuiml,svm,Bank_Customer_Churn,binary,classification,matched,42,,ok,8000,2000,10,6,4,15,2.0,openml-schema,100,0,False,1.7866,0.1634,"{'C': 1.0, 'kernel': 'rbf', 'gamma': 0.1119402985074627}",0.1.6,Both use one-vs-one for multiclass. Optimizer tolerances differ (SMO -T 1e-3 / -P 1e-12 vs libsvm tol 1e-3).,2.1162,2.1162,486.9,0.8615,0.7280579854987166,0.6880586287365948,0.8512398598820059,0.6880586287365948,,,,,False
weka,svm,Bank_Customer_Churn,binary,classification,defaults,42,,ok,8000,2000,10,6,4,15,2.0,openml-schema,100,0,False,3.1184,0.0265,,3.9.6,Both use one-vs-one for multiclass. Optimizer tolerances differ (SMO -T 1e-3 / -P 1e-12 vs libsvm tol 1e-3).,6.2506,8.2329,311.8,0.7965,0.44336209295853046,0.5,0.39825,0.5,,,,True,False
weka,svm,Bank_Customer_Churn,binary,classification,matched,42,,ok,8000,2000,10,6,4,15,2.0,openml-schema,100,0,False,51.2261,0.4988,-N 2 -C 1.0 -K weka.classifiers.functions.supportVector.RBFKernel -G 0.1119402985,3.9.6,Both use one-vs-one for multiclass. Optimizer tolerances differ (SMO -T 1e-3 / -P 1e-12 vs libsvm tol 1e-3).,54.7978,57.4154,315.2,0.8645,0.7339484262460368,0.6926857520077859,0.859882005899705,0.6926857520077859,,,,True,False
sklearn,decision_tree,Bioresponse,binary,classification,defaults,42,,ok,3000,751,1776,1776,0,1776,2.0,openml-schema,100,0,False,1.7047,0.0095,{'random_state': 42},1.8.0,"C4.5 vs CART: even matched, J48 splits on gain ratio while scikit-learn/TuiML use information gain. Related algorithms, not identical ones.",5.9049,5.8764,621.1,0.729693741677763,0.7289999057873247,0.7305903948345809,0.7290363086876942,0.7305903948345809,,,,,False
sklearn,decision_tree,Bioresponse,binary,classification,matched,42,,ok,3000,751,1776,1776,0,1776,2.0,openml-schema,100,0,False,1.1973,0.0032,"{'criterion': 'entropy', 'min_samples_leaf': 1, 'random_state': 42}",1.8.0,"C4.5 vs CART: even matched, J48 splits on gain ratio while scikit-learn/TuiML use information gain. Related algorithms, not identical ones.",4.5561,4.5475,625.5,0.7097203728362184,0.7080384911690016,0.708338094966002,0.7078304239401496,0.708338094966002,,,,,False
tuiml,decision_tree,Bioresponse,binary,classification,defaults,42,,ok,3000,751,1776,1776,0,1776,2.0,openml-schema,100,0,False,4.3869,0.0155,{},0.1.6,"C4.5 vs CART: even matched, J48 splits on gain ratio while scikit-learn/TuiML use information gain. Related algorithms, not identical ones.",7.2724,7.2697,745.0,0.7336884154460719,0.7331087324264005,0.73495085995086,0.7333177291684398,0.73495085995086,,,,,False
tuiml,decision_tree,Bioresponse,binary,classification,matched,42,,ok,3000,751,1776,1776,0,1776,2.0,openml-schema,100,0,False,2.569,0.0108,"{'criterion': 'entropy', 'min_samples_leaf': 1, 'random_state': 42}",0.1.6,"C4.5 vs CART: even matched, J48 splits on gain ratio while scikit-learn/TuiML use information gain. Related algorithms, not identical ones.",5.0258,5.0189,743.9,0.7177097203728362,0.7161875017826074,0.7166090509113765,0.7159304511278195,0.7166090509113765,,,,,False
weka,decision_tree,Bioresponse,binary,classification,defaults,42,,ok,3000,751,1776,1776,0,1776,2.0,openml-schema,100,0,False,10.6763,0.0138,,3.9.6,"C4.5 vs CART: even matched, J48 splits on gain ratio while scikit-learn/TuiML use information gain. Related algorithms, not identical ones.",38.9802,42.3643,1157.2,0.7390146471371505,0.7367927902152922,0.736490057710988,0.7371914265656117,0.736490057710988,,,,True,False
weka,decision_tree,Bioresponse,binary,classification,matched,42,,ok,3000,751,1776,1776,0,1776,2.0,openml-schema,100,0,False,10.3119,0.0114,-U -B -M 1,3.9.6,"C4.5 vs CART: even matched, J48 splits on gain ratio while scikit-learn/TuiML use information gain. Related algorithms, not identical ones.",38.5614,42.6037,1157.0,0.7363515312916112,0.7347141939627488,0.7349330038283527,0.7345376629303214,0.7349330038283527,,,,True,False
sklearn,knn,Bioresponse,binary,classification,defaults,42,,ok,3000,751,1776,1776,0,1776,2.0,openml-schema,100,0,False,0.027,0.2963,{'n_neighbors': 5},1.8.0,Nominal attributes contribute a distance of 1 per mismatch in Weka but sqrt(2) across the corresponding one-hot columns. Neighbour-search structure is left to each library.,4.0524,4.0412,631.8,0.7496671105193076,0.7467207233065443,0.7458680932518142,0.7484554312522556,0.7458680932518142,,,,,False
sklearn,knn,Bioresponse,binary,classification,matched,42,,ok,3000,751,1776,1776,0,1776,2.0,openml-schema,100,0,False,0.0246,0.2995,"{'n_neighbors': 5, 'weights': 'uniform'}",1.8.0,Nominal attributes contribute a distance of 1 per mismatch in Weka but sqrt(2) across the corresponding one-hot columns. Neighbour-search structure is left to each library.,3.861,3.8479,642.1,0.7496671105193076,0.7467207233065443,0.7458680932518142,0.7484554312522556,0.7458680932518142,,,,,False
tuiml,knn,Bioresponse,binary,classification,defaults,42,,ok,3000,751,1776,1776,0,1776,2.0,openml-schema,100,0,False,0.0212,7.7339,{'k': 5},0.1.6,Nominal attributes contribute a distance of 1 per mismatch in Weka but sqrt(2) across the corresponding one-hot columns. Neighbour-search structure is left to each library.,10.5468,10.5119,738.4,0.7496671105193076,0.7467207233065443,0.7458680932518142,0.7484554312522556,0.7458680932518142,,,,,False
tuiml,knn,Bioresponse,binary,classification,matched,42,,ok,3000,751,1776,1776,0,1776,2.0,openml-schema,100,0,False,0.0236,7.0791,"{'k': 5, 'distance_weighting': 'uniform'}",0.1.6,Nominal attributes contribute a distance of 1 per mismatch in Weka but sqrt(2) across the corresponding one-hot columns. Neighbour-search structure is left to each library.,9.7908,9.7883,745.7,0.7496671105193076,0.7467207233065443,0.7458680932518142,0.7484554312522556,0.7458680932518142,,,,,False
weka,knn,Bioresponse,binary,classification,defaults,42,,ok,3000,751,1776,1776,0,1776,2.0,openml-schema,100,0,False,0.0119,17.0875,-K 5,3.9.6,Nominal attributes contribute a distance of 1 per mismatch in Weka but sqrt(2) across the corresponding one-hot columns. Neighbour-search structure is left to each library.,45.2243,46.5566,741.6,0.7563249001331558,0.7526123372520642,0.751335637963545,0.7562181447502548,0.751335637963545,,,,True,False
weka,knn,Bioresponse,binary,classification,matched,42,,ok,3000,751,1776,1776,0,1776,2.0,openml-schema,100,0,False,0.0111,9.1179,"-K 5 -A weka.core.neighboursearch.LinearNNSearch -A ""weka.core.EuclideanDistance -R first-last -D""",3.9.6,Nominal attributes contribute a distance of 1 per mismatch in Weka but sqrt(2) across the corresponding one-hot columns. Neighbour-search structure is left to each library.,35.6327,37.0682,734.7,0.7496671105193076,0.7467207233065443,0.7458680932518142,0.7484554312522556,0.7458680932518142,,,,True,False
sklearn,logistic,Bioresponse,binary,classification,defaults,42,,ok,3000,751,1776,1776,0,1776,2.0,openml-schema,100,0,False,1.9949,0.0048,{'max_iter': 1000},1.8.0,Ridge 0.5 in Weka/TuiML corresponds to scikit-learn's C=1.0.,5.6469,5.6303,641.0,0.729693741677763,0.7277163090167083,0.7276655619678876,0.7277696793002916,0.7276655619678876,,,,,False
sklearn,logistic,Bioresponse,binary,classification,matched,42,,ok,3000,751,1776,1776,0,1776,2.0,openml-schema,100,0,False,3.0794,0.006,"{'C': 1.0, 'max_iter': 1000}",1.8.0,Ridge 0.5 in Weka/TuiML corresponds to scikit-learn's C=1.0.,6.975,6.9623,632.6,0.729693741677763,0.7277163090167083,0.7276655619678876,0.7277696793002916,0.7276655619678876,,,,,False
tuiml,logistic,Bioresponse,binary,classification,defaults,42,,ok,3000,751,1776,1776,0,1776,2.0,openml-schema,100,0,False,2.3511,0.0058,{},0.1.6,Ridge 0.5 in Weka/TuiML corresponds to scikit-learn's C=1.0.,4.8564,4.8546,736.7,0.7283621837549934,0.7264370607393864,0.7264370607393864,0.7264370607393864,0.7264370607393864,,,,,False
tuiml,logistic,Bioresponse,binary,classification,matched,42,,ok,3000,751,1776,1776,0,1776,2.0,openml-schema,100,0,False,0.5372,0.0087,"{'ridge': 0.5, 'max_iter': 1000}",0.1.6,Ridge 0.5 in Weka/TuiML corresponds to scikit-learn's C=1.0.,3.1999,3.1989,741.6,0.7336884154460719,0.7311481513302975,0.7306761042226159,0.7318851505621851,0.7306761042226159,,,,,False
weka,logistic,Bioresponse,binary,classification,defaults,42,,ok,3000,751,1776,1776,0,1776,2.0,openml-schema,100,0,False,357.3549,0.062,,3.9.6,Ridge 0.5 in Weka/TuiML corresponds to scikit-learn's C=1.0.,385.2442,403.188,1573.4,0.6737683089214381,0.670023905982952,0.6695438832066739,0.6712069413190237,0.6695438832066739,,,,True,False
weka,logistic,Bioresponse,binary,classification,matched,42,,ok,3000,751,1776,1776,0,1776,2.0,openml-schema,100,0,False,152.3801,0.0575,-R 0.5 -M 1000,3.9.6,Ridge 0.5 in Weka/TuiML corresponds to scikit-learn's C=1.0.,181.1363,190.3868,1259.5,0.729693741677763,0.7275898113982971,0.7274405748242958,0.7277626779200344,0.7274405748242958,,,,True,False
sklearn,mlp,Bioresponse,binary,classification,defaults,42,,ok,3000,751,1776,1776,0,1776,2.0,openml-schema,100,0,False,21.5575,0.0159,"{'max_iter': 300, 'random_state': 42}",1.8.0,"Weka updates weights per instance (online backprop); scikit-learn's SGD uses mini-batches. Same architecture and learning rate, different optimizer schedule and different divergence handling — the least matchable row in the table.",25.0672,25.0354,632.1,0.7616511318242344,0.7599074843053732,0.7598494371750186,0.7599682730234951,0.7598494371750186,,,,,False
sklearn,mlp,Bioresponse,binary,classification,matched,42,,ok,3000,751,1776,1776,0,1776,2.0,openml-schema,100,0,False,61.5239,0.0141,"{'hidden_layer_sizes': (100,), 'max_iter': 300, 'solver': 'sgd', 'learning_rate': 'adaptive', 'learning_rate_init': 0.05, 'momentum': 0.2, 'activation': 'logistic', 'random_state': 42}",1.8.0,"Weka updates weights per instance (online backprop); scikit-learn's SGD uses mini-batches. Same architecture and learning rate, different optimizer schedule and different divergence handling — the least matchable row in the table.",65.4748,65.4161,633.1,0.7549933422103862,0.7533661740558293,0.7534819438889206,0.7532612574038393,0.7534819438889206,,,,,False
tuiml,mlp,Bioresponse,binary,classification,defaults,42,,ok,3000,751,1776,1776,0,1776,2.0,openml-schema,100,0,False,41.6837,0.019,{},0.1.6,"Weka updates weights per instance (online backprop); scikit-learn's SGD uses mini-batches. Same architecture and learning rate, different optimizer schedule and different divergence handling — the least matchable row in the table.",44.363,44.2824,733.5,0.7603195739014648,0.7586209359465172,0.7586209359465172,0.7586209359465172,0.7586209359465172,,,,,False
tuiml,mlp,Bioresponse,binary,classification,matched,42,,ok,3000,751,1776,1776,0,1776,2.0,openml-schema,100,0,False,24.6208,0.0215,"{'hidden_layers': [100], 'max_epochs': 300, 'learning_rate': 0.05, 'momentum': 0.2, 'decay': True, 'activation': 'sigmoid', 'random_state': 42}",0.1.6,"Weka updates weights per instance (online backprop); scikit-learn's SGD uses mini-batches. Same architecture and learning rate, different optimizer schedule and different divergence handling — the least matchable row in the table.",27.1445,27.1196,744.1,0.7230359520639148,0.7203940773835095,0.7199481458202388,0.7211009635405448,0.7199481458202388,,,,,False
weka,mlp,Bioresponse,binary,classification,matched,42,,ok,3000,751,1776,1776,0,1776,2.0,openml-schema,100,0,False,2487.1347,0.7352,-H 100 -N 300 -L 0.05 -M 0.2 -D -I -C -S 42,3.9.6,"Weka updates weights per instance (online backprop); scikit-learn's SGD uses mini-batches. Same architecture and learning rate, different optimizer schedule and different divergence handling — the least matchable row in the table.",2516.5726,2522.9007,958.2,0.7736351531291611,0.7719266277939747,0.7718058968058967,0.7720585081285121,0.7718058968058967,,,,True,False
sklearn,naive_bayes,Bioresponse,binary,classification,defaults,42,,ok,3000,751,1776,1776,0,1776,2.0,openml-schema,100,0,False,0.2479,0.036,{'alpha': 1.0},1.8.0,All three use add-one (Laplace) smoothing on discrete attributes.,4.5746,4.5516,633.1,0.6604527296937417,0.6596706977901388,0.6610836523627222,0.6599730458221025,0.6610836523627222,,,,,False
sklearn,naive_bayes,Bioresponse,binary,classification,matched,42,,ok,3000,751,1776,1776,0,1776,2.0,openml-schema,100,0,False,0.2504,0.0351,{'alpha': 1.0},1.8.0,All three use add-one (Laplace) smoothing on discrete attributes.,4.4322,4.4151,634.8,0.6604527296937417,0.6596706977901388,0.6610836523627222,0.6599730458221025,0.6610836523627222,,,,,False
tuiml,naive_bayes,Bioresponse,binary,classification,defaults,42,,ok,3000,751,1776,1776,0,1776,2.0,openml-schema,100,0,False,0.1816,0.0549,{'alpha': 1.0},0.1.6,All three use add-one (Laplace) smoothing on discrete attributes.,3.4599,3.4527,740.6,0.6604527296937417,0.6596706977901388,0.6610836523627222,0.6599730458221025,0.6610836523627222,,,,,False
tuiml,naive_bayes,Bioresponse,binary,classification,matched,42,,ok,3000,751,1776,1776,0,1776,2.0,openml-schema,100,0,False,0.1676,0.0507,{'alpha': 1.0},0.1.6,All three use add-one (Laplace) smoothing on discrete attributes.,3.2578,3.2572,745.7,0.6604527296937417,0.6596706977901388,0.6610836523627222,0.6599730458221025,0.6610836523627222,,,,,False
weka,naive_bayes,Bioresponse,binary,classification,defaults,42,,ok,3000,751,1776,1776,0,1776,2.0,openml-schema,100,0,False,0.1155,0.1687,,3.9.6,All three use add-one (Laplace) smoothing on discrete attributes.,30.2338,32.3883,1251.7,0.6604527296937417,0.6596706977901388,0.6610836523627222,0.6599730458221025,0.6610836523627222,,,,True,False
weka,naive_bayes,Bioresponse,binary,classification,matched,42,,ok,3000,751,1776,1776,0,1776,2.0,openml-schema,100,0,False,0.1245,0.18,,3.9.6,All three use add-one (Laplace) smoothing on discrete attributes.,31.2983,33.7218,1242.7,0.6604527296937417,0.6596706977901388,0.6610836523627222,0.6599730458221025,0.6610836523627222,,,,True,False
sklearn,random_forest,Bioresponse,binary,classification,defaults,42,,ok,3000,751,1776,1776,0,1776,2.0,openml-schema,100,0,False,2.7122,0.0441,"{'n_estimators': 100, 'random_state': 42}",1.8.0,"sqrt(p) is evaluated on each library's own representation: Weka splits on intact nominal attributes, scikit-learn/TuiML on one-hot columns.",6.6727,6.659,632.0,0.7816245006657789,0.7799762762247757,0.7798518656076796,0.7801119547033843,0.7798518656076796,,,,,False
sklearn,random_forest,Bioresponse,binary,classification,matched,42,,ok,3000,751,1776,1776,0,1776,2.0,openml-schema,100,0,False,2.6202,0.0377,"{'n_estimators': 100, 'max_features': 'sqrt', 'min_samples_leaf': 1, 'bootstrap': True, 'random_state': 42}",1.8.0,"sqrt(p) is evaluated on each library's own representation: Weka splits on intact nominal attributes, scikit-learn/TuiML on one-hot columns.",6.4663,6.4157,635.0,0.7816245006657789,0.7799762762247757,0.7798518656076796,0.7801119547033843,0.7798518656076796,,,,,False
tuiml,random_forest,Bioresponse,binary,classification,defaults,42,,ok,3000,751,1776,1776,0,1776,2.0,openml-schema,100,0,False,29.2674,0.8994,{'n_estimators': 100},0.1.6,"sqrt(p) is evaluated on each library's own representation: Weka splits on intact nominal attributes, scikit-learn/TuiML on one-hot columns.",33.4776,46.1496,2365.2,0.796271637816245,0.7948735800855831,0.7949402891263357,0.7948097379881488,0.7949402891263357,,,,,False
tuiml,random_forest,Bioresponse,binary,classification,matched,42,,ok,3000,751,1776,1776,0,1776,2.0,openml-schema,100,0,False,31.1204,0.9331,"{'n_estimators': 100, 'max_features': 'sqrt', 'min_samples_leaf': 1, 'bootstrap': True, 'random_state': 42}",0.1.6,"sqrt(p) is evaluated on each library's own representation: Weka splits on intact nominal attributes, scikit-learn/TuiML on one-hot columns.",35.0165,47.719,2303.2,0.8015978695073236,0.8005667590472032,0.8012042169018914,0.8001622845103706,0.8012042169018914,,,,,False
weka,random_forest,Bioresponse,binary,classification,defaults,42,,ok,3000,751,1776,1776,0,1776,2.0,openml-schema,100,0,False,8.344,0.2112,-I 100,3.9.6,"sqrt(p) is evaluated on each library's own representation: Weka splits on intact nominal attributes, scikit-learn/TuiML on one-hot columns.",36.1134,39.6838,1149.7,0.7762982689747004,0.7745034959035731,0.7742628992628993,0.7747888936596536,0.7742628992628993,,,,True,False
weka,random_forest,Bioresponse,binary,classification,matched,42,,ok,3000,751,1776,1776,0,1776,2.0,openml-schema,100,0,False,12.0284,0.1624,-I 100 -K 42 -depth 0 -M 1 -P 100 -S 42,3.9.6,"sqrt(p) is evaluated on each library's own representation: Weka splits on intact nominal attributes, scikit-learn/TuiML on one-hot columns.",39.8658,43.6167,1156.2,0.7762982689747004,0.7743938201845362,0.7740379121193075,0.7748506382795822,0.7740379121193075,,,,True,False
sklearn,svm,Bioresponse,binary,classification,defaults,42,,ok,3000,751,1776,1776,0,1776,2.0,openml-schema,100,0,False,13.1767,3.686,{},1.8.0,Both use one-vs-one for multiclass. Optimizer tolerances differ (SMO -T 1e-3 / -P 1e-12 vs libsvm tol 1e-3).,20.8541,20.8003,638.6,0.7509986684420772,0.7491770925424849,0.7491214787726416,0.749235408449094,0.7491214787726416,,,,,False
sklearn,svm,Bioresponse,binary,classification,matched,42,,ok,3000,751,1776,1776,0,1776,2.0,openml-schema,100,0,False,15.3684,4.3868,"{'C': 1.0, 'kernel': 'rbf', 'gamma': 0.0005633802816901409}",1.8.0,Both use one-vs-one for multiclass. Optimizer tolerances differ (SMO -T 1e-3 / -P 1e-12 vs libsvm tol 1e-3).,23.9052,23.8105,631.1,0.7509986684420772,0.7491770925424849,0.7491214787726416,0.749235408449094,0.7491214787726416,,,,,False
tuiml,svm,Bioresponse,binary,classification,defaults,42,,ok,3000,751,1776,1776,0,1776,2.0,openml-schema,100,0,False,19.5183,5.3565,{},0.1.6,Both use one-vs-one for multiclass. Optimizer tolerances differ (SMO -T 1e-3 / -P 1e-12 vs libsvm tol 1e-3).,27.8075,27.7663,741.3,0.7509986684420772,0.7491770925424849,0.7491214787726416,0.749235408449094,0.7491214787726416,,,,,False
tuiml,svm,Bioresponse,binary,classification,matched,42,,ok,3000,751,1776,1776,0,1776,2.0,openml-schema,100,0,False,18.2756,5.2789,"{'C': 1.0, 'kernel': 'rbf', 'gamma': 0.0005633802816901409}",0.1.6,Both use one-vs-one for multiclass. Optimizer tolerances differ (SMO -T 1e-3 / -P 1e-12 vs libsvm tol 1e-3).,26.1147,26.1047,744.1,0.7509986684420772,0.7491770925424849,0.7491214787726416,0.749235408449094,0.7491214787726416,,,,,False
weka,svm,Bioresponse,binary,classification,defaults,42,,ok,3000,751,1776,1776,0,1776,2.0,openml-schema,100,0,False,384.3484,0.0421,,3.9.6,Both use one-vs-one for multiclass. Optimizer tolerances differ (SMO -T 1e-3 / -P 1e-12 vs libsvm tol 1e-3).,412.3976,416.6618,739.6,0.725699067909454,0.7238773470407653,0.7239800582823839,0.7237850567330336,0.7239800582823839,,,,True,False
weka,svm,Bioresponse,binary,classification,matched,42,,ok,3000,751,1776,1776,0,1776,2.0,openml-schema,100,0,False,137.0374,11.9201,-N 2 -C 1.0 -K weka.classifiers.functions.supportVector.RBFKernel -G 0.0005633802817,3.9.6,Both use one-vs-one for multiclass. Optimizer tolerances differ (SMO -T 1e-3 / -P 1e-12 vs libsvm tol 1e-3).,177.5332,180.052,736.2,0.7509986684420772,0.7491770925424849,0.7491214787726416,0.749235408449094,0.7491214787726416,,,,True,False
sklearn,decision_tree,Diabetes130US,binary,classification,defaults,42,,ok,57214,14304,47,8,39,550,2.0,openml-schema,100,3,False,11.7991,0.0368,{'random_state': 42},1.8.0,"C4.5 vs CART: even matched, J48 splits on gain ratio while scikit-learn/TuiML use information gain. Related algorithms, not identical ones.",15.1945,15.1575,824.8,0.8510906040268457,0.5301465661080995,0.5297664253176287,0.5305582932133721,0.5297664253176287,,,,,False
sklearn,decision_tree,Diabetes130US,binary,classification,matched,42,,ok,57214,14304,47,8,39,550,2.0,openml-schema,100,3,False,7.7447,0.0263,"{'criterion': 'entropy', 'min_samples_leaf': 1, 'random_state': 42}",1.8.0,"C4.5 vs CART: even matched, J48 splits on gain ratio while scikit-learn/TuiML use information gain. Related algorithms, not identical ones.",11.1152,11.0932,826.6,0.8461968680089486,0.5333356111338892,0.5342596395260373,0.532542356158001,0.5342596395260373,,,,,False
tuiml,decision_tree,Diabetes130US,binary,classification,defaults,42,,ok,57214,14304,47,8,39,550,2.0,openml-schema,100,3,False,88.5698,0.8507,{},0.1.6,"C4.5 vs CART: even matched, J48 splits on gain ratio while scikit-learn/TuiML use information gain. Related algorithms, not identical ones.",92.4893,92.3929,963.8,0.8515100671140939,0.5248763246108957,0.5242554108692614,0.5256247340556406,0.5242554108692614,,,,,False
tuiml,decision_tree,Diabetes130US,binary,classification,matched,42,,ok,57214,14304,47,8,39,550,2.0,openml-schema,100,3,False,43.8499,0.5102,"{'criterion': 'entropy', 'min_samples_leaf': 1, 'random_state': 42}",0.1.6,"C4.5 vs CART: even matched, J48 splits on gain ratio while scikit-learn/TuiML use information gain. Related algorithms, not identical ones.",47.0965,46.9564,964.3,0.8474552572706935,0.5358635372540137,0.5367436176661041,0.535090908826595,0.5367436176661041,,,,,False
weka,decision_tree,Diabetes130US,binary,classification,defaults,42,,ok,57214,14304,47,8,39,550,2.0,openml-schema,100,3,False,8.3475,0.0987,,3.9.6,"C4.5 vs CART: even matched, J48 splits on gain ratio while scikit-learn/TuiML use information gain. Related algorithms, not identical ones.",29.4343,32.7511,974.1,0.9119826621923938,0.476982705034919,0.5,0.4559913310961969,0.5,,,,True,False
weka,decision_tree,Diabetes130US,binary,classification,matched,42,,ok,57214,14304,47,8,39,550,2.0,openml-schema,100,3,False,57.3226,0.263,-U -B -M 1,3.9.6,"C4.5 vs CART: even matched, J48 splits on gain ratio while scikit-learn/TuiML use information gain. Related algorithms, not identical ones.",78.5116,82.4739,1462.2,0.8515100671140939,0.5287187829300614,0.5282023398567492,0.5293005557474757,0.5282023398567492,,,,True,False
sklearn,knn,Diabetes130US,binary,classification,defaults,42,,ok,57214,14304,47,8,39,550,2.0,openml-schema,100,3,False,0.0424,32.1308,{'n_neighbors': 5},1.8.0,Nominal attributes contribute a distance of 1 per mismatch in Weka but sqrt(2) across the corresponding one-hot columns. Neighbour-search structure is left to each library.,35.8713,35.8265,827.5,0.90625,0.48985596915274,0.5040332678688149,0.5382850808343987,0.5040332678688149,,,,,False
sklearn,knn,Diabetes130US,binary,classification,matched,42,,ok,57214,14304,47,8,39,550,2.0,openml-schema,100,3,False,0.0389,30.8127,"{'n_neighbors': 5, 'weights': 'uniform'}",1.8.0,Nominal attributes contribute a distance of 1 per mismatch in Weka but sqrt(2) across the corresponding one-hot columns. Neighbour-search structure is left to each library.,34.3762,34.339,827.5,0.90625,0.48985596915274,0.5040332678688149,0.5382850808343987,0.5040332678688149,,,,,False
tuiml,knn,Diabetes130US,binary,classification,defaults,42,,ok,57214,14304,47,8,39,550,2.0,openml-schema,100,3,False,0.0019,697.0465,{'k': 5},0.1.6,Nominal attributes contribute a distance of 1 per mismatch in Weka but sqrt(2) across the corresponding one-hot columns. Neighbour-search structure is left to each library.,699.251,699.0972,936.3,0.90625,0.48985596915274,0.5040332678688149,0.5382850808343987,0.5040332678688149,,,,,False
tuiml,knn,Diabetes130US,binary,classification,matched,42,,ok,57214,14304,47,8,39,550,2.0,openml-schema,100,3,False,0.0019,747.9286,"{'k': 5, 'distance_weighting': 'uniform'}",0.1.6,Nominal attributes contribute a distance of 1 per mismatch in Weka but sqrt(2) across the corresponding one-hot columns. Neighbour-search structure is left to each library.,750.6643,750.3111,936.2,0.90625,0.48985596915274,0.5040332678688149,0.5382850808343987,0.5040332678688149,,,,,False
weka,knn,Diabetes130US,binary,classification,defaults,42,,ok,57214,14304,47,8,39,550,2.0,openml-schema,100,3,False,0.0599,267.2808,-K 5,3.9.6,Nominal attributes contribute a distance of 1 per mismatch in Weka but sqrt(2) across the corresponding one-hot columns. Neighbour-search structure is left to each library.,286.9212,289.3978,979.4,0.9072986577181208,0.4874517571712313,0.5031729538887659,0.5370558808784786,0.5031729538887659,,,,True,False
weka,knn,Diabetes130US,binary,classification,matched,42,,ok,57214,14304,47,8,39,550,2.0,openml-schema,100,3,False,0.0619,164.7655,"-K 5 -A weka.core.neighboursearch.LinearNNSearch -A ""weka.core.EuclideanDistance -R first-last -D""",3.9.6,Nominal attributes contribute a distance of 1 per mismatch in Weka but sqrt(2) across the corresponding one-hot columns. Neighbour-search structure is left to each library.,183.937,186.3091,983.1,0.906599552572707,0.4934985422091439,0.5060189708076551,0.5549040005465212,0.5060189708076551,,,,True,False
sklearn,logistic,Diabetes130US,binary,classification,defaults,42,,ok,57214,14304,47,8,39,550,2.0,openml-schema,100,3,False,12.2475,0.0146,{'max_iter': 1000},1.8.0,Ridge 0.5 in Weka/TuiML corresponds to scikit-learn's C=1.0.,15.5074,15.4427,827.4,0.9119826621923938,0.48478446872901426,0.5035881172613527,0.7062797535704284,0.5035881172613527,,,,,False
sklearn,logistic,Diabetes130US,binary,classification,matched,42,,ok,57214,14304,47,8,39,550,2.0,openml-schema,100,3,False,13.6253,0.0197,"{'C': 1.0, 'max_iter': 1000}",1.8.0,Ridge 0.5 in Weka/TuiML corresponds to scikit-learn's C=1.0.,16.8872,16.8512,827.7,0.9119826621923938,0.48478446872901426,0.5035881172613527,0.7062797535704284,0.5035881172613527,,,,,False
tuiml,logistic,Diabetes130US,binary,classification,defaults,42,,ok,57214,14304,47,8,39,550,2.0,openml-schema,100,3,False,2.623,0.0739,{},0.1.6,Ridge 0.5 in Weka/TuiML corresponds to scikit-learn's C=1.0.,5.6958,5.6796,1174.6,0.9121224832214765,0.4863684499695723,0.5043823984368888,0.7290709220761034,0.5043823984368888,,,,,False
tuiml,logistic,Diabetes130US,binary,classification,matched,42,,ok,57214,14304,47,8,39,550,2.0,openml-schema,100,3,False,1.2342,0.0637,"{'ridge': 0.5, 'max_iter': 1000}",0.1.6,Ridge 0.5 in Weka/TuiML corresponds to scikit-learn's C=1.0.,3.5927,3.5913,1176.3,0.9119826621923938,0.476982705034919,0.5,0.4559913310961969,0.5,,,,,False
weka,logistic,Diabetes130US,binary,classification,defaults,42,,ok,57214,14304,47,8,39,550,2.0,openml-schema,100,3,False,294.0145,0.2366,,3.9.6,Ridge 0.5 in Weka/TuiML corresponds to scikit-learn's C=1.0.,314.3876,321.1987,1548.6,0.9121224832214765,0.4863684499695723,0.5043823984368888,0.7290709220761034,0.5043823984368888,,,,True,False
weka,logistic,Diabetes130US,binary,classification,matched,42,,ok,57214,14304,47,8,39,550,2.0,openml-schema,100,3,False,256.1967,0.2231,-R 0.5 -M 1000,3.9.6,Ridge 0.5 in Weka/TuiML corresponds to scikit-learn's C=1.0.,276.0614,282.4086,1549.1,0.9121224832214765,0.4863684499695723,0.5043823984368888,0.7290709220761034,0.5043823984368888,,,,True,False
sklearn,mlp,Diabetes130US,binary,classification,defaults,42,,ok,57214,14304,47,8,39,550,2.0,openml-schema,100,3,False,180.4035,0.092,"{'max_iter': 300, 'random_state': 42}",1.8.0,"Weka updates weights per instance (online backprop); scikit-learn's SGD uses mini-batches. Same architecture and learning rate, different optimizer schedule and different divergence handling — the least matchable row in the table.",184.9202,184.6155,825.3,0.8531879194630873,0.525308774328747,0.5244576800961783,0.5264073640009364,0.5244576800961783,,,,,False
sklearn,mlp,Diabetes130US,binary,classification,matched,42,,ok,57214,14304,47,8,39,550,2.0,openml-schema,100,3,False,133.1674,0.0895,"{'hidden_layer_sizes': (100,), 'max_iter': 300, 'solver': 'sgd', 'learning_rate': 'adaptive', 'learning_rate_init': 0.05, 'momentum': 0.2, 'activation': 'logistic', 'random_state': 42}",1.8.0,"Weka updates weights per instance (online backprop); scikit-learn's SGD uses mini-batches. Same architecture and learning rate, different optimizer schedule and different divergence handling — the least matchable row in the table.",136.8814,136.8088,827.4,0.9120525727069351,0.4801546567768421,0.5014735757661738,0.7418239590723328,0.5014735757661738,,,,,False
tuiml,mlp,Diabetes130US,binary,classification,defaults,42,,ok,57214,14304,47,8,39,550,2.0,openml-schema,100,3,False,313.8199,0.1124,{},0.1.6,"Weka updates weights per instance (online backprop); scikit-learn's SGD uses mini-batches. Same architecture and learning rate, different optimizer schedule and different divergence handling — the least matchable row in the table.",316.3243,316.0398,1175.1,0.9091862416107382,0.49111826462935,0.5056430800573929,0.5814468503937008,0.5056430800573929,,,,,False
tuiml,mlp,Diabetes130US,binary,classification,matched,42,,ok,57214,14304,47,8,39,550,2.0,openml-schema,100,3,False,226.8924,0.1541,"{'hidden_layers': [100], 'max_epochs': 300, 'learning_rate': 0.05, 'momentum': 0.2, 'decay': True, 'activation': 'sigmoid', 'random_state': 42}",0.1.6,"Weka updates weights per instance (online backprop); scikit-learn's SGD uses mini-batches. Same architecture and learning rate, different optimizer schedule and different divergence handling — the least matchable row in the table.",229.3213,229.2376,1197.7,0.9119826621923938,0.476982705034919,0.5,0.4559913310961969,0.5,,,,,False
sklearn,naive_bayes,Diabetes130US,binary,classification,defaults,42,,ok,57214,14304,47,8,39,550,2.0,openml-schema,100,3,False,0.0806,0.0172,{'alpha': 1.0},1.8.0,All three use add-one (Laplace) smoothing on discrete attributes.,2.9737,2.951,312.8,0.9040128635346756,0.5130197240308427,0.5160827781635696,0.5823032111395283,0.5160827781635696,,,,,False
sklearn,naive_bayes,Diabetes130US,binary,classification,matched,42,,ok,57214,14304,47,8,39,550,2.0,openml-schema,100,3,False,0.1132,0.0175,{'alpha': 1.0},1.8.0,All three use add-one (Laplace) smoothing on discrete attributes.,3.0233,3.0092,312.4,0.9040128635346756,0.5130197240308427,0.5160827781635696,0.5823032111395283,0.5160827781635696,,,,,False
tuiml,naive_bayes,Diabetes130US,binary,classification,defaults,42,,ok,57214,14304,47,8,39,550,2.0,openml-schema,100,3,False,0.0861,0.0176,{'alpha': 1.0},0.1.6,All three use add-one (Laplace) smoothing on discrete attributes.,1.9431,1.9405,422.2,0.9040128635346756,0.5130197240308427,0.5160827781635696,0.5823032111395283,0.5160827781635696,,,,,False
tuiml,naive_bayes,Diabetes130US,binary,classification,matched,42,,ok,57214,14304,47,8,39,550,2.0,openml-schema,100,3,False,0.1371,0.0193,{'alpha': 1.0},0.1.6,All three use add-one (Laplace) smoothing on discrete attributes.,2.1082,2.0945,419.2,0.9040128635346756,0.5130197240308427,0.5160827781635696,0.5823032111395283,0.5160827781635696,,,,,False
weka,naive_bayes,Diabetes130US,binary,classification,defaults,42,,ok,57214,14304,47,8,39,550,2.0,openml-schema,100,3,False,0.1185,0.1634,,3.9.6,All three use add-one (Laplace) smoothing on discrete attributes.,19.8272,21.5674,976.2,0.9040128635346756,0.5130197240308427,0.5160827781635696,0.5823032111395283,0.5160827781635696,,,,True,False
weka,naive_bayes,Diabetes130US,binary,classification,matched,42,,ok,57214,14304,47,8,39,550,2.0,openml-schema,100,3,False,0.0901,0.1866,,3.9.6,All three use add-one (Laplace) smoothing on discrete attributes.,19.5732,21.4573,981.0,0.9040128635346756,0.5130197240308427,0.5160827781635696,0.5823032111395283,0.5160827781635696,,,,True,False
sklearn,random_forest,Diabetes130US,binary,classification,defaults,42,,ok,57214,14304,47,8,39,550,2.0,openml-schema,100,3,False,47.8613,1.3698,"{'n_estimators': 100, 'random_state': 42}",1.8.0,"sqrt(p) is evaluated on each library's own representation: Weka splits on intact nominal attributes, scikit-learn/TuiML on one-hot columns.",52.9165,52.9004,826.6,0.9121224832214765,0.47860363158974856,0.5007942811755361,0.9560550971892043,0.5007942811755361,,,,,False
sklearn,random_forest,Diabetes130US,binary,classification,matched,42,,ok,57214,14304,47,8,39,550,2.0,openml-schema,100,3,False,37.4517,1.247,"{'n_estimators': 100, 'max_features': 'sqrt', 'min_samples_leaf': 1, 'bootstrap': True, 'random_state': 42}",1.8.0,"sqrt(p) is evaluated on each library's own representation: Weka splits on intact nominal attributes, scikit-learn/TuiML on one-hot columns.",42.2829,42.1593,826.5,0.9121224832214765,0.47860363158974856,0.5007942811755361,0.9560550971892043,0.5007942811755361,,,,,False
tuiml,random_forest,Diabetes130US,binary,classification,defaults,42,,ok,57214,14304,47,8,39,550,2.0,openml-schema,100,3,False,780.7222,3.1501,{'n_estimators': 100},0.1.6,"sqrt(p) is evaluated on each library's own representation: Weka splits on intact nominal attributes, scikit-learn/TuiML on one-hot columns.",787.0737,814.6652,2577.2,0.9120525727069351,0.4777937970566316,0.5003971405877681,0.9560232119135845,0.5003971405877681,,,,,False
tuiml,random_forest,Diabetes130US,binary,classification,matched,42,,ok,57214,14304,47,8,39,550,2.0,openml-schema,100,3,False,803.4959,2.2373,"{'n_estimators': 100, 'max_features': 'sqrt', 'min_samples_leaf': 1, 'bootstrap': True, 'random_state': 42}",0.1.6,"sqrt(p) is evaluated on each library's own representation: Weka splits on intact nominal attributes, scikit-learn/TuiML on one-hot columns.",808.9054,840.4788,2572.2,0.9120525727069351,0.4777937970566316,0.5003971405877681,0.9560232119135845,0.5003971405877681,,,,,False
weka,random_forest,Diabetes130US,binary,classification,defaults,42,,ok,57214,14304,47,8,39,550,2.0,openml-schema,100,3,False,24.3955,1.6252,-I 100,3.9.6,"sqrt(p) is evaluated on each library's own representation: Weka splits on intact nominal attributes, scikit-learn/TuiML on one-hot columns.",45.6832,51.1757,1608.2,0.9121224832214765,0.47860363158974856,0.5007942811755361,0.9560550971892043,0.5007942811755361,,,,True,False
weka,random_forest,Diabetes130US,binary,classification,matched,42,,ok,57214,14304,47,8,39,550,2.0,openml-schema,100,3,False,22.8675,1.612,-I 100 -K 6 -depth 0 -M 1 -P 100 -S 42,3.9.6,"sqrt(p) is evaluated on each library's own representation: Weka splits on intact nominal attributes, scikit-learn/TuiML on one-hot columns.",45.3853,50.4068,1609.3,0.9120525727069351,0.4777937970566316,0.5003971405877681,0.9560232119135845,0.5003971405877681,,,,True,False
sklearn,decision_tree,E-CommereShippingData,binary,classification,defaults,42,,ok,8799,2200,10,6,4,19,2.0,openml-schema,100,0,False,0.0666,0.0016,{'random_state': 42},1.8.0,"C4.5 vs CART: even matched, J48 splits on gain ratio while scikit-learn/TuiML use information gain. Related algorithms, not identical ones.",1.4103,1.4005,188.6,0.6354545454545455,0.6208344221485649,0.6207047554117999,0.6209739948487099,0.6207047554117999,,,,,False
sklearn,decision_tree,E-CommereShippingData,binary,classification,matched,42,,ok,8799,2200,10,6,4,19,2.0,openml-schema,100,0,False,0.0688,0.0016,"{'criterion': 'entropy', 'min_samples_leaf': 1, 'random_state': 42}",1.8.0,"C4.5 vs CART: even matched, J48 splits on gain ratio while scikit-learn/TuiML use information gain. Related algorithms, not identical ones.",1.7822,1.7684,188.7,0.6377272727272727,0.6240919861959819,0.6242548068873317,0.6239426703803816,0.6242548068873317,,,,,False
tuiml,decision_tree,E-CommereShippingData,binary,classification,defaults,42,,ok,8799,2200,10,6,4,19,2.0,openml-schema,100,0,False,0.1277,0.032,{},0.1.6,"C4.5 vs CART: even matched, J48 splits on gain ratio while scikit-learn/TuiML use information gain. Related algorithms, not identical ones.",0.2942,0.2942,298.4,0.6427272727272727,0.6276995656925537,0.6273463440351493,0.6281243547845078,0.6273463440351493,,,,,False
tuiml,decision_tree,E-CommereShippingData,binary,classification,matched,42,,ok,8799,2200,10,6,4,19,2.0,openml-schema,100,0,False,0.1372,0.0339,"{'criterion': 'entropy', 'min_samples_leaf': 1, 'random_state': 42}",0.1.6,"C4.5 vs CART: even matched, J48 splits on gain ratio while scikit-learn/TuiML use information gain. Related algorithms, not identical ones.",0.2969,0.2969,298.7,0.6259090909090909,0.6116891308343408,0.6117933491380532,0.6115916539817062,0.6117933491380532,,,,,False
weka,decision_tree,E-CommereShippingData,binary,classification,defaults,42,,ok,8799,2200,10,6,4,19,2.0,openml-schema,100,0,False,0.6092,0.0188,,3.9.6,"C4.5 vs CART: even matched, J48 splits on gain ratio while scikit-learn/TuiML use information gain. Related algorithms, not identical ones.",3.7724,5.5658,324.9,0.6363636363636364,0.6315290539340973,0.6381094097615467,0.6330982995980898,0.6381094097615467,,,,True,False
weka,decision_tree,E-CommereShippingData,binary,classification,matched,42,,ok,8799,2200,10,6,4,19,2.0,openml-schema,100,0,False,0.6196,0.0195,-U -B -M 1,3.9.6,"C4.5 vs CART: even matched, J48 splits on gain ratio while scikit-learn/TuiML use information gain. Related algorithms, not identical ones.",4.5807,6.3945,309.6,0.6509090909090909,0.6399394443610971,0.641150716407171,0.639222737239352,0.641150716407171,,,,True,False
sklearn,knn,E-CommereShippingData,binary,classification,defaults,42,,ok,8799,2200,10,6,4,19,2.0,openml-schema,100,0,False,0.0014,0.1257,{'n_neighbors': 5},1.8.0,Nominal attributes contribute a distance of 1 per mismatch in Weka but sqrt(2) across the corresponding one-hot columns. Neighbour-search structure is left to each library.,1.3085,1.2943,187.7,0.6409090909090909,0.6318018153145022,0.6342360799257447,0.6311197330226761,0.6342360799257447,,,,,False
sklearn,knn,E-CommereShippingData,binary,classification,matched,42,,ok,8799,2200,10,6,4,19,2.0,openml-schema,100,0,False,0.0014,0.124,"{'n_neighbors': 5, 'weights': 'uniform'}",1.8.0,Nominal attributes contribute a distance of 1 per mismatch in Weka but sqrt(2) across the corresponding one-hot columns. Neighbour-search structure is left to each library.,1.324,1.306,187.1,0.6409090909090909,0.6318018153145022,0.6342360799257447,0.6311197330226761,0.6342360799257447,,,,,False
tuiml,knn,E-CommereShippingData,binary,classification,defaults,42,,ok,8799,2200,10,6,4,19,2.0,openml-schema,100,0,False,0.0003,0.421,{'k': 5},0.1.6,Nominal attributes contribute a distance of 1 per mismatch in Weka but sqrt(2) across the corresponding one-hot columns. Neighbour-search structure is left to each library.,0.5531,0.552,296.9,0.6409090909090909,0.6318018153145022,0.6342360799257447,0.6311197330226761,0.6342360799257447,,,,,False
tuiml,knn,E-CommereShippingData,binary,classification,matched,42,,ok,8799,2200,10,6,4,19,2.0,openml-schema,100,0,False,0.0003,0.4283,"{'k': 5, 'distance_weighting': 'uniform'}",0.1.6,Nominal attributes contribute a distance of 1 per mismatch in Weka but sqrt(2) across the corresponding one-hot columns. Neighbour-search structure is left to each library.,0.5617,0.5617,296.9,0.6409090909090909,0.6318018153145022,0.6342360799257447,0.6311197330226761,0.6342360799257447,,,,,False
weka,knn,E-CommereShippingData,binary,classification,defaults,42,,ok,8799,2200,10,6,4,19,2.0,openml-schema,100,0,False,0.0162,1.4974,-K 5,3.9.6,Nominal attributes contribute a distance of 1 per mismatch in Weka but sqrt(2) across the corresponding one-hot columns. Neighbour-search structure is left to each library.,4.4127,5.9264,302.3,0.6263636363636363,0.6156082928620985,0.617112201203643,0.6150045321360063,0.617112201203643,,,,True,False
weka,knn,E-CommereShippingData,binary,classification,matched,42,,ok,8799,2200,10,6,4,19,2.0,openml-schema,100,0,False,0.014,1.1659,"-K 5 -A weka.core.neighboursearch.LinearNNSearch -A ""weka.core.EuclideanDistance -R first-last -D""",3.9.6,Nominal attributes contribute a distance of 1 per mismatch in Weka but sqrt(2) across the corresponding one-hot columns. Neighbour-search structure is left to each library.,4.5492,6.0884,292.4,0.6263636363636363,0.6169994307091737,0.6193068877610162,0.6164855441513901,0.6193068877610162,,,,True,False
sklearn,logistic,E-CommereShippingData,binary,classification,defaults,42,,ok,8799,2200,10,6,4,19,2.0,openml-schema,100,0,False,0.0119,0.0003,{'max_iter': 1000},1.8.0,Ridge 0.5 in Weka/TuiML corresponds to scikit-learn's C=1.0.,1.3217,1.3117,186.1,0.6422727272727272,0.6313314207878913,0.6326351436635295,0.6306370534249401,0.6326351436635295,,,,,False
sklearn,logistic,E-CommereShippingData,binary,classification,matched,42,,ok,8799,2200,10,6,4,19,2.0,openml-schema,100,0,False,0.0122,0.0005,"{'C': 1.0, 'max_iter': 1000}",1.8.0,Ridge 0.5 in Weka/TuiML corresponds to scikit-learn's C=1.0.,1.2556,1.2482,186.7,0.6422727272727272,0.6313314207878913,0.6326351436635295,0.6306370534249401,0.6326351436635295,,,,,False
tuiml,logistic,E-CommereShippingData,binary,classification,defaults,42,,ok,8799,2200,10,6,4,19,2.0,openml-schema,100,0,False,0.0128,0.0004,{},0.1.6,Ridge 0.5 in Weka/TuiML corresponds to scikit-learn's C=1.0.,0.1684,0.1683,298.4,0.6422727272727272,0.631212060733073,0.6324522531170818,0.6305306589404422,0.6324522531170818,,,,,False
tuiml,logistic,E-CommereShippingData,binary,classification,matched,42,,ok,8799,2200,10,6,4,19,2.0,openml-schema,100,0,False,0.0113,0.0003,"{'ridge': 0.5, 'max_iter': 1000}",0.1.6,Ridge 0.5 in Weka/TuiML corresponds to scikit-learn's C=1.0.,0.1432,0.1432,298.1,0.5990909090909091,0.40153668502398293,0.5068420813115914,0.5756031840909306,0.5068420813115914,,,,,False
weka,logistic,E-CommereShippingData,binary,classification,defaults,42,,ok,8799,2200,10,6,4,19,2.0,openml-schema,100,0,False,0.3809,0.0211,,3.9.6,Ridge 0.5 in Weka/TuiML corresponds to scikit-learn's C=1.0.,3.8185,5.6943,332.0,0.6431818181818182,0.632386670472646,0.6337625393794257,0.6316739694904252,0.6337625393794257,,,,True,False
weka,logistic,E-CommereShippingData,binary,classification,matched,42,,ok,8799,2200,10,6,4,19,2.0,openml-schema,100,0,False,0.3543,0.0239,-R 0.5 -M 1000,3.9.6,Ridge 0.5 in Weka/TuiML corresponds to scikit-learn's C=1.0.,3.5397,5.3153,335.7,0.6422727272727272,0.631212060733073,0.6324522531170818,0.6305306589404422,0.6324522531170818,,,,True,False
sklearn,mlp,E-CommereShippingData,binary,classification,defaults,42,,ok,8799,2200,10,6,4,19,2.0,openml-schema,100,0,False,6.3695,0.0037,"{'max_iter': 300, 'random_state': 42}",1.8.0,"Weka updates weights per instance (online backprop); scikit-learn's SGD uses mini-batches. Same architecture and learning rate, different optimizer schedule and different divergence handling — the least matchable row in the table.",7.7217,7.6984,188.7,0.6377272727272727,0.6310942094162078,0.6355940207670927,0.6312392169377599,0.6355940207670927,,,,,False
sklearn,mlp,E-CommereShippingData,binary,classification,matched,42,,ok,8799,2200,10,6,4,19,2.0,openml-schema,100,0,False,4.4187,0.0048,"{'hidden_layer_sizes': (100,), 'max_iter': 300, 'solver': 'sgd', 'learning_rate': 'adaptive', 'learning_rate_init': 0.05, 'momentum': 0.2, 'activation': 'logistic', 'random_state': 42}",1.8.0,"Weka updates weights per instance (online backprop); scikit-learn's SGD uses mini-batches. Same architecture and learning rate, different optimizer schedule and different divergence handling — the least matchable row in the table.",5.5929,5.5854,188.6,0.6436363636363637,0.6333782257954808,0.635057799423165,0.6326271633044541,0.635057799423165,,,,,False
tuiml,mlp,E-CommereShippingData,binary,classification,defaults,42,,ok,8799,2200,10,6,4,19,2.0,openml-schema,100,0,False,9.089,0.0033,{},0.1.6,"Weka updates weights per instance (online backprop); scikit-learn's SGD uses mini-batches. Same architecture and learning rate, different optimizer schedule and different divergence handling — the least matchable row in the table.",9.2278,9.2189,323.1,0.6363636363636364,0.6292851269192921,0.6333542555539051,0.6292386156830341,0.6333542555539051,,,,,False
tuiml,mlp,E-CommereShippingData,binary,classification,matched,42,,ok,8799,2200,10,6,4,19,2.0,openml-schema,100,0,False,13.0301,0.0073,"{'hidden_layers': [100], 'max_epochs': 300, 'learning_rate': 0.05, 'momentum': 0.2, 'decay': True, 'activation': 'sigmoid', 'random_state': 42}",0.1.6,"Weka updates weights per instance (online backprop); scikit-learn's SGD uses mini-batches. Same architecture and learning rate, different optimizer schedule and different divergence handling — the least matchable row in the table.",13.1739,13.1559,337.3,0.6218181818181818,0.5720864991233197,0.5774575809848784,0.5978802796346911,0.5774575809848784,,,,,False
weka,mlp,E-CommereShippingData,binary,classification,defaults,42,,ok,8799,2200,10,6,4,19,2.0,openml-schema,100,0,False,14.5247,0.0315,,3.9.6,"Weka updates weights per instance (online backprop); scikit-learn's SGD uses mini-batches. Same architecture and learning rate, different optimizer schedule and different divergence handling — the least matchable row in the table.",17.8748,19.7772,301.0,0.6372727272727273,0.6364603212468194,0.6525878153681295,0.6483229128325316,0.6525878153681295,,,,True,False
weka,mlp,E-CommereShippingData,binary,classification,matched,42,,ok,8799,2200,10,6,4,19,2.0,openml-schema,100,0,False,84.6884,0.0549,-H 100 -N 300 -L 0.05 -M 0.2 -D -I -C -S 42,3.9.6,"Weka updates weights per instance (online backprop); scikit-learn's SGD uses mini-batches. Same architecture and learning rate, different optimizer schedule and different divergence handling — the least matchable row in the table.",87.5368,89.249,305.4,0.65,0.645195774855565,0.6519112062103791,0.6464390626668355,0.6519112062103791,,,,True,False
sklearn,naive_bayes,E-CommereShippingData,binary,classification,defaults,42,,ok,8799,2200,10,6,4,19,2.0,openml-schema,100,0,False,0.0059,0.0006,{'alpha': 1.0},1.8.0,All three use add-one (Laplace) smoothing on discrete attributes.,1.1644,1.1579,185.7,0.69,0.6899566964311544,0.719257000715248,0.7214920212789027,0.719257000715248,,,,,False
sklearn,naive_bayes,E-CommereShippingData,binary,classification,matched,42,,ok,8799,2200,10,6,4,19,2.0,openml-schema,100,0,False,0.0084,0.0009,{'alpha': 1.0},1.8.0,All three use add-one (Laplace) smoothing on discrete attributes.,1.3466,1.3376,185.9,0.69,0.6899566964311544,0.719257000715248,0.7214920212789027,0.719257000715248,,,,,False
tuiml,naive_bayes,E-CommereShippingData,binary,classification,defaults,42,,ok,8799,2200,10,6,4,19,2.0,openml-schema,100,0,False,0.003,0.0007,{'alpha': 1.0},0.1.6,All three use add-one (Laplace) smoothing on discrete attributes.,0.1413,0.1404,291.5,0.6895454545454546,0.6894986868889963,0.7188761934037476,0.7211992363762583,0.7188761934037476,,,,,False
tuiml,naive_bayes,E-CommereShippingData,binary,classification,matched,42,,ok,8799,2200,10,6,4,19,2.0,openml-schema,100,0,False,0.0032,0.0007,{'alpha': 1.0},0.1.6,All three use add-one (Laplace) smoothing on discrete attributes.,0.1488,0.1487,294.4,0.6895454545454546,0.6894986868889963,0.7188761934037476,0.7211992363762583,0.7188761934037476,,,,,False
weka,naive_bayes,E-CommereShippingData,binary,classification,defaults,42,,ok,8799,2200,10,6,4,19,2.0,openml-schema,100,0,False,0.0206,0.0234,,3.9.6,All three use add-one (Laplace) smoothing on discrete attributes.,3.3049,4.5196,302.3,0.6895454545454546,0.6894986868889963,0.7188761934037476,0.7211992363762583,0.7188761934037476,,,,True,False
weka,naive_bayes,E-CommereShippingData,binary,classification,matched,42,,ok,8799,2200,10,6,4,19,2.0,openml-schema,100,0,False,0.0208,0.0266,,3.9.6,All three use add-one (Laplace) smoothing on discrete attributes.,3.5241,5.0385,293.1,0.6895454545454546,0.6894986868889963,0.7188761934037476,0.7211992363762583,0.7188761934037476,,,,True,False
sklearn,random_forest,E-CommereShippingData,binary,classification,defaults,42,,ok,8799,2200,10,6,4,19,2.0,openml-schema,100,0,False,1.2092,0.0601,"{'n_estimators': 100, 'random_state': 42}",1.8.0,"sqrt(p) is evaluated on each library's own representation: Weka splits on intact nominal attributes, scikit-learn/TuiML on one-hot columns.",2.5334,2.4983,219.2,0.6659090909090909,0.6625653505741502,0.6718235217850117,0.6653859123081347,0.6718235217850117,,,,,False
sklearn,random_forest,E-CommereShippingData,binary,classification,matched,42,,ok,8799,2200,10,6,4,19,2.0,openml-schema,100,0,False,1.2802,0.0668,"{'n_estimators': 100, 'max_features': 'sqrt', 'min_samples_leaf': 1, 'bootstrap': True, 'random_state': 42}",1.8.0,"sqrt(p) is evaluated on each library's own representation: Weka splits on intact nominal attributes, scikit-learn/TuiML on one-hot columns.",2.8016,2.7883,218.9,0.6659090909090909,0.6625653505741502,0.6718235217850117,0.6653859123081347,0.6718235217850117,,,,,False
tuiml,random_forest,E-CommereShippingData,binary,classification,defaults,42,,ok,8799,2200,10,6,4,19,2.0,openml-schema,100,0,False,7.9905,0.0554,{'n_estimators': 100},0.1.6,"sqrt(p) is evaluated on each library's own representation: Weka splits on intact nominal attributes, scikit-learn/TuiML on one-hot columns.",8.4123,9.0554,513.5,0.6522727272727272,0.6487280008866331,0.6574730536968362,0.6515766123166845,0.6574730536968362,,,,,False
tuiml,random_forest,E-CommereShippingData,binary,classification,matched,42,,ok,8799,2200,10,6,4,19,2.0,openml-schema,100,0,False,8.2946,0.052,"{'n_estimators': 100, 'max_features': 'sqrt', 'min_samples_leaf': 1, 'bootstrap': True, 'random_state': 42}",0.1.6,"sqrt(p) is evaluated on each library's own representation: Weka splits on intact nominal attributes, scikit-learn/TuiML on one-hot columns.",8.7158,9.339,522.4,0.665,0.661647161051903,0.6708790166155632,0.6644767943509062,0.6708790166155632,,,,,False
weka,random_forest,E-CommereShippingData,binary,classification,defaults,42,,ok,8799,2200,10,6,4,19,2.0,openml-schema,100,0,False,2.6867,0.1553,-I 100,3.9.6,"sqrt(p) is evaluated on each library's own representation: Weka splits on intact nominal attributes, scikit-learn/TuiML on one-hot columns.",6.0889,8.685,817.1,0.6522727272727272,0.6474618193609445,0.6541810238607765,0.6486378205128205,0.6541810238607765,,,,True,False
weka,random_forest,E-CommereShippingData,binary,classification,matched,42,,ok,8799,2200,10,6,4,19,2.0,openml-schema,100,0,False,2.5165,0.1807,-I 100 -K 3 -depth 0 -M 1 -P 100 -S 42,3.9.6,"sqrt(p) is evaluated on each library's own representation: Weka splits on intact nominal attributes, scikit-learn/TuiML on one-hot columns.",6.6015,9.6114,821.2,0.6445454545454545,0.6394316416549091,0.6456955035543447,0.6405114611721274,0.6456955035543447,,,,True,False
sklearn,svm,E-CommereShippingData,binary,classification,defaults,42,,ok,8799,2200,10,6,4,19,2.0,openml-schema,100,0,False,3.2429,0.8352,{},1.8.0,Both use one-vs-one for multiclass. Optimizer tolerances differ (SMO -T 1e-3 / -P 1e-12 vs libsvm tol 1e-3).,5.3264,5.2956,385.9,0.6472727272727272,0.6472715612283015,0.6721218995544511,0.6718727895198484,0.6721218995544511,,,,,False
sklearn,svm,E-CommereShippingData,binary,classification,matched,42,,ok,8799,2200,10,6,4,19,2.0,openml-schema,100,0,False,3.1307,0.8201,"{'C': 1.0, 'kernel': 'rbf', 'gamma': 0.10919540229885058}",1.8.0,Both use one-vs-one for multiclass. Optimizer tolerances differ (SMO -T 1e-3 / -P 1e-12 vs libsvm tol 1e-3).,5.1082,5.0985,387.7,0.6472727272727272,0.6472715612283015,0.6721218995544511,0.6718727895198484,0.6721218995544511,,,,,False
tuiml,svm,E-CommereShippingData,binary,classification,defaults,42,,ok,8799,2200,10,6,4,19,2.0,openml-schema,100,0,False,8.8345,0.3981,{},0.1.6,Both use one-vs-one for multiclass. Optimizer tolerances differ (SMO -T 1e-3 / -P 1e-12 vs libsvm tol 1e-3).,9.4571,9.4222,489.4,0.6477272727272727,0.6477254531273405,0.6725027068659515,0.6721914811919749,0.6725027068659515,,,,,False
tuiml,svm,E-CommereShippingData,binary,classification,matched,42,,ok,8799,2200,10,6,4,19,2.0,openml-schema,100,0,False,8.9859,0.4097,"{'C': 1.0, 'kernel': 'rbf', 'gamma': 0.10919540229885058}",0.1.6,Both use one-vs-one for multiclass. Optimizer tolerances differ (SMO -T 1e-3 / -P 1e-12 vs libsvm tol 1e-3).,9.5416,9.5224,493.9,0.6477272727272727,0.6477254531273405,0.6725027068659515,0.6721914811919749,0.6725027068659515,,,,,False
weka,svm,E-CommereShippingData,binary,classification,defaults,42,,ok,8799,2200,10,6,4,19,2.0,openml-schema,100,0,False,7.3547,0.0348,,3.9.6,Both use one-vs-one for multiclass. Optimizer tolerances differ (SMO -T 1e-3 / -P 1e-12 vs libsvm tol 1e-3).,10.6195,12.8897,327.9,0.6545454545454545,0.6520583909282134,0.6630349011832932,0.6570165000235679,0.6630349011832932,,,,True,False
weka,svm,E-CommereShippingData,binary,classification,matched,42,,ok,8799,2200,10,6,4,19,2.0,openml-schema,100,0,False,121.9085,1.3131,-N 2 -C 1.0 -K weka.classifiers.functions.supportVector.RBFKernel -G 0.1091954023,3.9.6,Both use one-vs-one for multiclass. Optimizer tolerances differ (SMO -T 1e-3 / -P 1e-12 vs libsvm tol 1e-3).,126.6494,129.0148,332.5,0.6459090909090909,0.6459031649083383,0.670247915434159,0.6697010571866784,0.670247915434159,,,,True,False
sklearn,decision_tree,Fitness_Club,binary,classification,defaults,42,,ok,1200,300,6,3,3,18,2.0,openml-schema,100,0,False,0.0061,0.0005,{'random_state': 42},1.8.0,"C4.5 vs CART: even matched, J48 splits on gain ratio while scikit-learn/TuiML use information gain. Related algorithms, not identical ones.",1.2711,1.25,180.0,0.6966666666666667,0.6524550928696007,0.6582102108417898,0.648989898989899,0.6582102108417898,,,,,False
sklearn,decision_tree,Fitness_Club,binary,classification,matched,42,,ok,1200,300,6,3,3,18,2.0,openml-schema,100,0,False,0.0086,0.0006,"{'criterion': 'entropy', 'min_samples_leaf': 1, 'random_state': 42}",1.8.0,"C4.5 vs CART: even matched, J48 splits on gain ratio while scikit-learn/TuiML use information gain. Related algorithms, not identical ones.",1.3252,1.3135,180.0,0.7033333333333334,0.6582137508160627,0.6629948998370051,0.655,0.6629948998370051,,,,,False
tuiml,decision_tree,Fitness_Club,binary,classification,defaults,42,,ok,1200,300,6,3,3,18,2.0,openml-schema,100,0,False,0.0123,0.0033,{},0.1.6,"C4.5 vs CART: even matched, J48 splits on gain ratio while scikit-learn/TuiML use information gain. Related algorithms, not identical ones.",0.1128,0.1127,289.0,0.7166666666666667,0.6678606317160534,0.6694621168305379,0.6664428837017145,0.6694621168305379,,,,,False
tuiml,decision_tree,Fitness_Club,binary,classification,matched,42,,ok,1200,300,6,3,3,18,2.0,openml-schema,100,0,False,0.0148,0.0041,"{'criterion': 'entropy', 'min_samples_leaf': 1, 'random_state': 42}",0.1.6,"C4.5 vs CART: even matched, J48 splits on gain ratio while scikit-learn/TuiML use information gain. Related algorithms, not identical ones.",0.1284,0.1282,291.0,0.6833333333333333,0.6351719812081568,0.6393343498606656,0.6325000000000001,0.6393343498606656,,,,,False
weka,decision_tree,Fitness_Club,binary,classification,defaults,42,,ok,1200,300,6,3,3,18,2.0,openml-schema,100,0,False,0.2102,0.0077,,3.9.6,"C4.5 vs CART: even matched, J48 splits on gain ratio while scikit-learn/TuiML use information gain. Related algorithms, not identical ones.",2.1975,3.2894,300.1,0.7766666666666666,0.7199582027168234,0.7094221567905779,0.7381607270987802,0.7094221567905779,,,,True,False
weka,decision_tree,Fitness_Club,binary,classification,matched,42,,ok,1200,300,6,3,3,18,2.0,openml-schema,100,0,False,0.0846,0.0049,-U -B -M 1,3.9.6,"C4.5 vs CART: even matched, J48 splits on gain ratio while scikit-learn/TuiML use information gain. Related algorithms, not identical ones.",2.86,3.8271,300.1,0.73,0.6687523003312477,0.6635206898364794,0.6767045454545455,0.6635206898364794,,,,True,False
sklearn,knn,Fitness_Club,binary,classification,defaults,42,,ok,1200,300,6,3,3,18,2.0,openml-schema,100,0,False,0.0011,0.0292,{'n_neighbors': 5},1.8.0,Nominal attributes contribute a distance of 1 per mismatch in Weka but sqrt(2) across the corresponding one-hot columns. Neighbour-search structure is left to each library.,1.4623,1.4458,181.0,0.7166666666666667,0.6392139107797223,0.6322361848677638,0.6562111801242236,0.6322361848677638,,,,,False
sklearn,knn,Fitness_Club,binary,classification,matched,42,,ok,1200,300,6,3,3,18,2.0,openml-schema,100,0,False,0.0013,0.0259,"{'n_neighbors': 5, 'weights': 'uniform'}",1.8.0,Nominal attributes contribute a distance of 1 per mismatch in Weka but sqrt(2) across the corresponding one-hot columns. Neighbour-search structure is left to each library.,1.6133,1.6034,181.0,0.7166666666666667,0.6392139107797223,0.6322361848677638,0.6562111801242236,0.6322361848677638,,,,,False
tuiml,knn,Fitness_Club,binary,classification,defaults,42,,ok,1200,300,6,3,3,18,2.0,openml-schema,100,0,False,0.0001,0.008,{'k': 5},0.1.6,Nominal attributes contribute a distance of 1 per mismatch in Weka but sqrt(2) across the corresponding one-hot columns. Neighbour-search structure is left to each library.,0.122,0.1217,287.8,0.7166666666666667,0.6392139107797223,0.6322361848677638,0.6562111801242236,0.6322361848677638,,,,,False
tuiml,knn,Fitness_Club,binary,classification,matched,42,,ok,1200,300,6,3,3,18,2.0,openml-schema,100,0,False,0.0001,0.0083,"{'k': 5, 'distance_weighting': 'uniform'}",0.1.6,Nominal attributes contribute a distance of 1 per mismatch in Weka but sqrt(2) across the corresponding one-hot columns. Neighbour-search structure is left to each library.,0.1149,0.1149,290.0,0.7166666666666667,0.6392139107797223,0.6322361848677638,0.6562111801242236,0.6322361848677638,,,,,False
weka,knn,Fitness_Club,binary,classification,defaults,42,,ok,1200,300,6,3,3,18,2.0,openml-schema,100,0,False,0.0038,0.0865,-K 5,3.9.6,Nominal attributes contribute a distance of 1 per mismatch in Weka but sqrt(2) across the corresponding one-hot columns. Neighbour-search structure is left to each library.,2.4192,3.6839,294.3,0.7066666666666667,0.6156310057655349,0.6095483463904516,0.6395418927064497,0.6095483463904516,,,,True,False
weka,knn,Fitness_Club,binary,classification,matched,42,,ok,1200,300,6,3,3,18,2.0,openml-schema,100,0,False,0.0032,0.0668,"-K 5 -A weka.core.neighboursearch.LinearNNSearch -A ""weka.core.EuclideanDistance -R first-last -D""",3.9.6,Nominal attributes contribute a distance of 1 per mismatch in Weka but sqrt(2) across the corresponding one-hot columns. Neighbour-search structure is left to each library.,2.2383,3.2799,297.1,0.7433333333333333,0.6851102114260008,0.6792943898207056,0.6937500000000001,0.6792943898207056,,,,True,False
sklearn,logistic,Fitness_Club,binary,classification,defaults,42,,ok,1200,300,6,3,3,18,2.0,openml-schema,100,0,False,0.0094,0.0004,{'max_iter': 1000},1.8.0,Ridge 0.5 in Weka/TuiML corresponds to scikit-learn's C=1.0.,1.4915,1.473,179.0,0.7366666666666667,0.6504373220843965,0.6403859298596141,0.6854166666666667,0.6403859298596141,,,,,False
sklearn,logistic,Fitness_Club,binary,classification,matched,42,,ok,1200,300,6,3,3,18,2.0,openml-schema,100,0,False,0.0079,0.0003,"{'C': 1.0, 'max_iter': 1000}",1.8.0,Ridge 0.5 in Weka/TuiML corresponds to scikit-learn's C=1.0.,1.1376,1.1293,181.0,0.7366666666666667,0.6504373220843965,0.6403859298596141,0.6854166666666667,0.6403859298596141,,,,,False
tuiml,logistic,Fitness_Club,binary,classification,defaults,42,,ok,1200,300,6,3,3,18,2.0,openml-schema,100,0,False,0.0049,0.0001,{},0.1.6,Ridge 0.5 in Weka/TuiML corresponds to scikit-learn's C=1.0.,0.0999,0.0999,290.0,0.7366666666666667,0.6504373220843965,0.6403859298596141,0.6854166666666667,0.6403859298596141,,,,,False
tuiml,logistic,Fitness_Club,binary,classification,matched,42,,ok,1200,300,6,3,3,18,2.0,openml-schema,100,0,False,0.0031,0.0001,"{'ridge': 0.5, 'max_iter': 1000}",0.1.6,Ridge 0.5 in Weka/TuiML corresponds to scikit-learn's C=1.0.,0.0912,0.0909,289.4,0.7133333333333334,0.484,0.5336768494663231,0.7445589919816724,0.5336768494663231,,,,,False
weka,logistic,Fitness_Club,binary,classification,defaults,42,,ok,1200,300,6,3,3,18,2.0,openml-schema,100,0,False,0.0803,0.005,,3.9.6,Ridge 0.5 in Weka/TuiML corresponds to scikit-learn's C=1.0.,2.3123,3.3737,300.5,0.74,0.6563674812030075,0.6458804353541195,0.690307977227519,0.6458804353541195,,,,True,False
weka,logistic,Fitness_Club,binary,classification,matched,42,,ok,1200,300,6,3,3,18,2.0,openml-schema,100,0,False,0.0863,0.0054,-R 0.5 -M 1000,3.9.6,Ridge 0.5 in Weka/TuiML corresponds to scikit-learn's C=1.0.,2.6075,3.8182,298.6,0.7366666666666667,0.6504373220843965,0.6403859298596141,0.6854166666666667,0.6403859298596141,,,,True,False
sklearn,mlp,Fitness_Club,binary,classification,defaults,42,,ok,1200,300,6,3,3,18,2.0,openml-schema,100,0,False,1.0411,0.0007,"{'max_iter': 300, 'random_state': 42}",1.8.0,"Weka updates weights per instance (online backprop); scikit-learn's SGD uses mini-batches. Same architecture and learning rate, different optimizer schedule and different divergence handling — the least matchable row in the table.",2.2601,2.2471,183.0,0.7533333333333333,0.6918549775137416,0.6833692623166308,0.7066666666666667,0.6833692623166308,,,,,False
sklearn,mlp,Fitness_Club,binary,classification,matched,42,,ok,1200,300,6,3,3,18,2.0,openml-schema,100,0,False,1.0872,0.0011,"{'hidden_layer_sizes': (100,), 'max_iter': 300, 'solver': 'sgd', 'learning_rate': 'adaptive', 'learning_rate_init': 0.05, 'momentum': 0.2, 'activation': 'logistic', 'random_state': 42}",1.8.0,"Weka updates weights per instance (online backprop); scikit-learn's SGD uses mini-batches. Same architecture and learning rate, different optimizer schedule and different divergence handling — the least matchable row in the table.",2.2561,2.2441,182.0,0.7466666666666667,0.6622222222222223,0.6506651243493349,0.7015261270131514,0.6506651243493349,,,,,False
tuiml,mlp,Fitness_Club,binary,classification,defaults,42,,ok,1200,300,6,3,3,18,2.0,openml-schema,100,0,False,0.7829,0.0007,{},0.1.6,"Weka updates weights per instance (online backprop); scikit-learn's SGD uses mini-batches. Same architecture and learning rate, different optimizer schedule and different divergence handling — the least matchable row in the table.",0.8878,0.8878,294.0,0.7566666666666667,0.6971415137392651,0.6888637678111362,0.7109962406015038,0.6888637678111362,,,,,False
tuiml,mlp,Fitness_Club,binary,classification,matched,42,,ok,1200,300,6,3,3,18,2.0,openml-schema,100,0,False,0.8445,0.001,"{'hidden_layers': [100], 'max_epochs': 300, 'learning_rate': 0.05, 'momentum': 0.2, 'decay': True, 'activation': 'sigmoid', 'random_state': 42}",0.1.6,"Weka updates weights per instance (online backprop); scikit-learn's SGD uses mini-batches. Same architecture and learning rate, different optimizer schedule and different divergence handling — the least matchable row in the table.",0.9408,0.9405,295.0,0.74,0.59375,0.5962458594037542,0.7329176740043262,0.5962458594037542,,,,,False
weka,mlp,Fitness_Club,binary,classification,defaults,42,,ok,1200,300,6,3,3,18,2.0,openml-schema,100,0,False,1.8381,0.0104,,3.9.6,"Weka updates weights per instance (online backprop); scikit-learn's SGD uses mini-batches. Same architecture and learning rate, different optimizer schedule and different divergence handling — the least matchable row in the table.",3.9536,5.3765,295.2,0.7566666666666667,0.6948798328108673,0.6857616068142384,0.711253288686917,0.6857616068142384,,,,True,False
weka,mlp,Fitness_Club,binary,classification,matched,42,,ok,1200,300,6,3,3,18,2.0,openml-schema,100,0,False,11.1603,0.0157,-H 100 -N 300 -L 0.05 -M 0.2 -D -I -C -S 42,3.9.6,"Weka updates weights per instance (online backprop); scikit-learn's SGD uses mini-batches. Same architecture and learning rate, different optimizer schedule and different divergence handling — the least matchable row in the table.",13.3647,14.7214,293.3,0.7466666666666667,0.6651785714285714,0.6537672853462327,0.7005967487481994,0.6537672853462327,,,,True,False
sklearn,naive_bayes,Fitness_Club,binary,classification,defaults,42,,ok,1200,300,6,3,3,18,2.0,openml-schema,100,0,False,0.0026,0.0002,{'alpha': 1.0},1.8.0,All three use add-one (Laplace) smoothing on discrete attributes.,1.1767,1.1701,181.0,0.72,0.6600291403593979,0.6563436563436564,0.6650935539392593,0.6563436563436564,,,,,False
sklearn,naive_bayes,Fitness_Club,binary,classification,matched,42,,ok,1200,300,6,3,3,18,2.0,openml-schema,100,0,False,0.0042,0.0003,{'alpha': 1.0},1.8.0,All three use add-one (Laplace) smoothing on discrete attributes.,1.3446,1.3266,179.0,0.72,0.6600291403593979,0.6563436563436564,0.6650935539392593,0.6563436563436564,,,,,False
tuiml,naive_bayes,Fitness_Club,binary,classification,defaults,42,,ok,1200,300,6,3,3,18,2.0,openml-schema,100,0,False,0.0008,0.0002,{'alpha': 1.0},0.1.6,All three use add-one (Laplace) smoothing on discrete attributes.,0.1164,0.1141,287.0,0.7233333333333334,0.6652100840336135,0.6618381618381619,0.6696428571428572,0.6618381618381619,,,,,False
tuiml,naive_bayes,Fitness_Club,binary,classification,matched,42,,ok,1200,300,6,3,3,18,2.0,openml-schema,100,0,False,0.0008,0.0002,{'alpha': 1.0},0.1.6,All three use add-one (Laplace) smoothing on discrete attributes.,0.1478,0.1476,288.2,0.7233333333333334,0.6652100840336135,0.6618381618381619,0.6696428571428572,0.6618381618381619,,,,,False
weka,naive_bayes,Fitness_Club,binary,classification,defaults,42,,ok,1200,300,6,3,3,18,2.0,openml-schema,100,0,False,0.0075,0.0053,,3.9.6,All three use add-one (Laplace) smoothing on discrete attributes.,2.2409,2.999,288.0,0.7233333333333334,0.6652100840336135,0.6618381618381619,0.6696428571428572,0.6618381618381619,,,,True,False
weka,naive_bayes,Fitness_Club,binary,classification,matched,42,,ok,1200,300,6,3,3,18,2.0,openml-schema,100,0,False,0.0066,0.0047,,3.9.6,All three use add-one (Laplace) smoothing on discrete attributes.,1.8657,2.8106,300.1,0.7233333333333334,0.6652100840336135,0.6618381618381619,0.6696428571428572,0.6618381618381619,,,,True,False
sklearn,random_forest,Fitness_Club,binary,classification,defaults,42,,ok,1200,300,6,3,3,18,2.0,openml-schema,100,0,False,0.241,0.0145,"{'n_estimators': 100, 'random_state': 42}",1.8.0,"sqrt(p) is evaluated on each library's own representation: Weka splits on intact nominal attributes, scikit-learn/TuiML on one-hot columns.",1.6969,1.6799,188.0,0.7533333333333333,0.6918549775137416,0.6833692623166308,0.7066666666666667,0.6833692623166308,,,,,False
sklearn,random_forest,Fitness_Club,binary,classification,matched,42,,ok,1200,300,6,3,3,18,2.0,openml-schema,100,0,False,0.2488,0.0162,"{'n_estimators': 100, 'max_features': 'sqrt', 'min_samples_leaf': 1, 'bootstrap': True, 'random_state': 42}",1.8.0,"sqrt(p) is evaluated on each library's own representation: Weka splits on intact nominal attributes, scikit-learn/TuiML on one-hot columns.",1.5332,1.5177,188.0,0.7533333333333333,0.6918549775137416,0.6833692623166308,0.7066666666666667,0.6833692623166308,,,,,False
tuiml,random_forest,Fitness_Club,binary,classification,defaults,42,,ok,1200,300,6,3,3,18,2.0,openml-schema,100,0,False,0.9419,0.0079,{'n_estimators': 100},0.1.6,"sqrt(p) is evaluated on each library's own representation: Weka splits on intact nominal attributes, scikit-learn/TuiML on one-hot columns.",1.0687,1.1499,305.0,0.7533333333333333,0.6846590909090908,0.6740627793259373,0.7076980990024468,0.6740627793259373,,,,,False
tuiml,random_forest,Fitness_Club,binary,classification,matched,42,,ok,1200,300,6,3,3,18,2.0,openml-schema,100,0,False,0.7104,0.0079,"{'n_estimators': 100, 'max_features': 'sqrt', 'min_samples_leaf': 1, 'bootstrap': True, 'random_state': 42}",0.1.6,"sqrt(p) is evaluated on each library's own representation: Weka splits on intact nominal attributes, scikit-learn/TuiML on one-hot columns.",0.862,0.9059,308.0,0.76,0.6931818181818181,0.6819496293180504,0.7171089779785431,0.6819496293180504,,,,,False
weka,random_forest,Fitness_Club,binary,classification,defaults,42,,ok,1200,300,6,3,3,18,2.0,openml-schema,100,0,False,0.5067,0.044,-I 100,3.9.6,"sqrt(p) is evaluated on each library's own representation: Weka splits on intact nominal attributes, scikit-learn/TuiML on one-hot columns.",2.9078,4.898,343.0,0.7466666666666667,0.6858465608465609,0.6785845733214154,0.6978044377147516,0.6785845733214154,,,,True,False
weka,random_forest,Fitness_Club,binary,classification,matched,42,,ok,1200,300,6,3,3,18,2.0,openml-schema,100,0,False,0.4343,0.0431,-I 100 -K 2 -depth 0 -M 1 -P 100 -S 42,3.9.6,"sqrt(p) is evaluated on each library's own representation: Weka splits on intact nominal attributes, scikit-learn/TuiML on one-hot columns.",2.7887,4.5103,343.9,0.7166666666666667,0.6523943892364945,0.647746989852253,0.6596590909090909,0.647746989852253,,,,True,False
sklearn,svm,Fitness_Club,binary,classification,defaults,42,,ok,1200,300,6,3,3,18,2.0,openml-schema,100,0,False,0.0439,0.0118,{},1.8.0,Both use one-vs-one for multiclass. Optimizer tolerances differ (SMO -T 1e-3 / -P 1e-12 vs libsvm tol 1e-3).,1.4427,1.4188,184.0,0.7566666666666667,0.6711267288372302,0.6578421578421578,0.7197014051522248,0.6578421578421578,,,,,False
sklearn,svm,Fitness_Club,binary,classification,matched,42,,ok,1200,300,6,3,3,18,2.0,openml-schema,100,0,False,0.0379,0.0114,"{'C': 1.0, 'kernel': 'rbf', 'gamma': 0.18181818181818185}",1.8.0,Both use one-vs-one for multiclass. Optimizer tolerances differ (SMO -T 1e-3 / -P 1e-12 vs libsvm tol 1e-3).,1.2618,1.2442,183.0,0.7566666666666667,0.6711267288372302,0.6578421578421578,0.7197014051522248,0.6578421578421578,,,,,False
tuiml,svm,Fitness_Club,binary,classification,defaults,42,,ok,1200,300,6,3,3,18,2.0,openml-schema,100,0,False,0.043,0.0051,{},0.1.6,Both use one-vs-one for multiclass. Optimizer tolerances differ (SMO -T 1e-3 / -P 1e-12 vs libsvm tol 1e-3).,0.132,0.1319,296.0,0.7566666666666667,0.6711267288372302,0.6578421578421578,0.7197014051522248,0.6578421578421578,,,,,False
tuiml,svm,Fitness_Club,binary,classification,matched,42,,ok,1200,300,6,3,3,18,2.0,openml-schema,100,0,False,0.0425,0.0051,"{'C': 1.0, 'kernel': 'rbf', 'gamma': 0.18181818181818185}",0.1.6,Both use one-vs-one for multiclass. Optimizer tolerances differ (SMO -T 1e-3 / -P 1e-12 vs libsvm tol 1e-3).,0.1446,0.1443,294.0,0.7566666666666667,0.6711267288372302,0.6578421578421578,0.7197014051522248,0.6578421578421578,,,,,False
weka,svm,Fitness_Club,binary,classification,defaults,42,,ok,1200,300,6,3,3,18,2.0,openml-schema,100,0,False,0.3206,0.0055,,3.9.6,Both use one-vs-one for multiclass. Optimizer tolerances differ (SMO -T 1e-3 / -P 1e-12 vs libsvm tol 1e-3).,3.06,4.4869,307.6,0.7466666666666667,0.6090266822141437,0.6072348703927651,0.7445736898908741,0.6072348703927651,,,,True,False
weka,svm,Fitness_Club,binary,classification,matched,42,,ok,1200,300,6,3,3,18,2.0,openml-schema,100,0,False,0.8914,0.0257,-N 2 -C 1.0 -K weka.classifiers.functions.supportVector.RBFKernel -G 0.1818181818,3.9.6,Both use one-vs-one for multiclass. Optimizer tolerances differ (SMO -T 1e-3 / -P 1e-12 vs libsvm tol 1e-3).,3.1839,4.8847,293.9,0.76,0.6741295033492245,0.6602345023397655,0.7261595547309834,0.6602345023397655,,,,True,False
sklearn,decision_tree,GiveMeSomeCredit,binary,classification,defaults,42,,ok,120000,30000,10,10,0,10,2.0,openml-schema,100,0,False,1.4151,0.0087,{'random_state': 42},1.8.0,"C4.5 vs CART: even matched, J48 splits on gain ratio while scikit-learn/TuiML use information gain. Related algorithms, not identical ones.",3.2912,3.2829,283.8,0.8976333333333333,0.6095502144339797,0.6152402971852384,0.6046250376304547,0.6152402971852384,,,,,False
sklearn,decision_tree,GiveMeSomeCredit,binary,classification,matched,42,,ok,120000,30000,10,10,0,10,2.0,openml-schema,100,0,False,1.4376,0.0105,"{'criterion': 'entropy', 'min_samples_leaf': 1, 'random_state': 42}",1.8.0,"C4.5 vs CART: even matched, J48 splits on gain ratio while scikit-learn/TuiML use information gain. Related algorithms, not identical ones.",3.0019,2.9931,282.5,0.9006,0.61107483577498,0.6138201558080152,0.6085157681414813,0.6138201558080152,,,,,False
tuiml,decision_tree,GiveMeSomeCredit,binary,classification,defaults,42,,ok,120000,30000,10,10,0,10,2.0,openml-schema,100,0,False,2.5049,0.6348,{},0.1.6,"C4.5 vs CART: even matched, J48 splits on gain ratio while scikit-learn/TuiML use information gain. Related algorithms, not identical ones.",3.7402,3.7354,392.0,0.898,0.6118810663560091,0.6179834393298768,0.6066310102186702,0.6179834393298768,,,,,False
tuiml,decision_tree,GiveMeSomeCredit,binary,classification,matched,42,,ok,120000,30000,10,10,0,10,2.0,openml-schema,100,0,False,2.9712,0.5909,"{'criterion': 'entropy', 'min_samples_leaf': 1, 'random_state': 42}",0.1.6,"C4.5 vs CART: even matched, J48 splits on gain ratio while scikit-learn/TuiML use information gain. Related algorithms, not identical ones.",4.4738,4.4721,392.6,0.9003666666666666,0.6041856456456698,0.6051290331057514,0.6032670083460758,0.6051290331057514,,,,,False
weka,decision_tree,GiveMeSomeCredit,binary,classification,defaults,42,,ok,120000,30000,10,10,0,10,2.0,openml-schema,100,0,False,18.3413,0.2005,,3.9.6,"C4.5 vs CART: even matched, J48 splits on gain ratio while scikit-learn/TuiML use information gain. Related algorithms, not identical ones.",34.4313,37.4266,960.4,0.935,0.6183697218999494,0.5847911922283949,0.742545154554946,0.5847911922283949,,,,True,False
weka,decision_tree,GiveMeSomeCredit,binary,classification,matched,42,,ok,120000,30000,10,10,0,10,2.0,openml-schema,100,0,False,21.7547,0.2167,-U -B -M 1,3.9.6,"C4.5 vs CART: even matched, J48 splits on gain ratio while scikit-learn/TuiML use information gain. Related algorithms, not identical ones.",37.3091,40.2634,945.7,0.9304333333333333,0.61852449209546,0.589521329735137,0.6987153183570602,0.589521329735137,,,,True,False
sklearn,knn,GiveMeSomeCredit,binary,classification,defaults,42,,ok,120000,30000,10,10,0,10,2.0,openml-schema,100,0,False,0.4463,12.5383,{'n_neighbors': 5},1.8.0,Nominal attributes contribute a distance of 1 per mismatch in Weka but sqrt(2) across the corresponding one-hot columns. Neighbour-search structure is left to each library.,14.861,14.8325,282.5,0.932,0.5893190308272703,0.5637363993124885,0.705832825442952,0.5637363993124885,,,,,False
sklearn,knn,GiveMeSomeCredit,binary,classification,matched,42,,ok,120000,30000,10,10,0,10,2.0,openml-schema,100,0,False,0.5215,13.6397,"{'n_neighbors': 5, 'weights': 'uniform'}",1.8.0,Nominal attributes contribute a distance of 1 per mismatch in Weka but sqrt(2) across the corresponding one-hot columns. Neighbour-search structure is left to each library.,15.9328,15.8811,282.6,0.932,0.5893190308272703,0.5637363993124885,0.705832825442952,0.5637363993124885,,,,,False
tuiml,knn,GiveMeSomeCredit,binary,classification,defaults,42,,ok,120000,30000,10,10,0,10,2.0,openml-schema,100,0,False,0.0057,52.5159,{'k': 5},0.1.6,Nominal attributes contribute a distance of 1 per mismatch in Weka but sqrt(2) across the corresponding one-hot columns. Neighbour-search structure is left to each library.,53.0361,53.0131,392.2,0.932,0.5893190308272703,0.5637363993124885,0.705832825442952,0.5637363993124885,,,,,False
tuiml,knn,GiveMeSomeCredit,binary,classification,matched,42,,ok,120000,30000,10,10,0,10,2.0,openml-schema,100,0,False,0.0069,51.9236,"{'k': 5, 'distance_weighting': 'uniform'}",0.1.6,Nominal attributes contribute a distance of 1 per mismatch in Weka but sqrt(2) across the corresponding one-hot columns. Neighbour-search structure is left to each library.,52.6004,52.5229,391.6,0.932,0.5893190308272703,0.5637363993124885,0.705832825442952,0.5637363993124885,,,,,False
weka,knn,GiveMeSomeCredit,binary,classification,defaults,42,,ok,120000,30000,10,10,0,10,2.0,openml-schema,100,0,False,0.125,281.1185,-K 5,3.9.6,Nominal attributes contribute a distance of 1 per mismatch in Weka but sqrt(2) across the corresponding one-hot columns. Neighbour-search structure is left to each library.,296.3073,299.1705,616.4,0.9327666666666666,0.570675677231803,0.5497931809162573,0.7129786607557619,0.5497931809162573,,,,True,False
weka,knn,GiveMeSomeCredit,binary,classification,matched,42,,ok,120000,30000,10,10,0,10,2.0,openml-schema,100,0,False,0.0861,239.9063,"-K 5 -A weka.core.neighboursearch.LinearNNSearch -A ""weka.core.EuclideanDistance -R first-last -D""",3.9.6,Nominal attributes contribute a distance of 1 per mismatch in Weka but sqrt(2) across the corresponding one-hot columns. Neighbour-search structure is left to each library.,254.9515,257.4942,614.3,0.9320666666666667,0.5897216592284201,0.5640036362032942,0.7066958507297656,0.5640036362032942,,,,True,False
sklearn,logistic,GiveMeSomeCredit,binary,classification,defaults,42,,ok,120000,30000,10,10,0,10,2.0,openml-schema,100,0,False,0.3692,0.0011,{'max_iter': 1000},1.8.0,Ridge 0.5 in Weka/TuiML corresponds to scikit-learn's C=1.0.,2.1985,2.1922,283.8,0.9338666666666666,0.5188707275162843,0.5182018164091468,0.7571972587242036,0.5182018164091468,,,,,False
sklearn,logistic,GiveMeSomeCredit,binary,classification,matched,42,,ok,120000,30000,10,10,0,10,2.0,openml-schema,100,0,False,0.2921,0.0011,"{'C': 1.0, 'max_iter': 1000}",1.8.0,Ridge 0.5 in Weka/TuiML corresponds to scikit-learn's C=1.0.,1.8928,1.8805,283.9,0.9338666666666666,0.5188707275162843,0.5182018164091468,0.7571972587242036,0.5182018164091468,,,,,False
tuiml,logistic,GiveMeSomeCredit,binary,classification,defaults,42,,ok,120000,30000,10,10,0,10,2.0,openml-schema,100,0,False,0.2719,0.0014,{},0.1.6,Ridge 0.5 in Weka/TuiML corresponds to scikit-learn's C=1.0.,0.8304,0.8301,393.9,0.9338666666666666,0.5188707275162843,0.5182018164091468,0.7571972587242036,0.5182018164091468,,,,,False
tuiml,logistic,GiveMeSomeCredit,binary,classification,matched,42,,ok,120000,30000,10,10,0,10,2.0,openml-schema,100,0,False,0.0831,0.0012,"{'ridge': 0.5, 'max_iter': 1000}",0.1.6,Ridge 0.5 in Weka/TuiML corresponds to scikit-learn's C=1.0.,0.5988,0.5986,393.2,0.9331666666666667,0.48271402707129923,0.5,0.46658333333333335,0.5,,,,,False
weka,logistic,GiveMeSomeCredit,binary,classification,defaults,42,,ok,120000,30000,10,10,0,10,2.0,openml-schema,100,0,False,1.8881,0.2181,,3.9.6,Ridge 0.5 in Weka/TuiML corresponds to scikit-learn's C=1.0.,18.2857,20.8217,916.3,0.9338,0.5196837129342227,0.518629128197545,0.7519232395470716,0.518629128197545,,,,True,False
weka,logistic,GiveMeSomeCredit,binary,classification,matched,42,,ok,120000,30000,10,10,0,10,2.0,openml-schema,100,0,False,2.0229,0.22,-R 0.5 -M 1000,3.9.6,Ridge 0.5 in Weka/TuiML corresponds to scikit-learn's C=1.0.,17.8877,20.4375,901.4,0.9338666666666666,0.5188707275162843,0.5182018164091468,0.7571972587242036,0.5182018164091468,,,,True,False
sklearn,mlp,GiveMeSomeCredit,binary,classification,defaults,42,,ok,120000,30000,10,10,0,10,2.0,openml-schema,100,0,False,66.595,0.0514,"{'max_iter': 300, 'random_state': 42}",1.8.0,"Weka updates weights per instance (online backprop); scikit-learn's SGD uses mini-batches. Same architecture and learning rate, different optimizer schedule and different divergence handling — the least matchable row in the table.",68.6125,68.5107,283.3,0.9359666666666666,0.6518577833426835,0.6147117026152248,0.7474471925574515,0.6147117026152248,,,,,False
sklearn,mlp,GiveMeSomeCredit,binary,classification,matched,42,,ok,120000,30000,10,10,0,10,2.0,openml-schema,100,0,False,52.3446,0.0643,"{'hidden_layer_sizes': (100,), 'max_iter': 300, 'solver': 'sgd', 'learning_rate': 'adaptive', 'learning_rate_init': 0.05, 'momentum': 0.2, 'activation': 'logistic', 'random_state': 42}",1.8.0,"Weka updates weights per instance (online backprop); scikit-learn's SGD uses mini-batches. Same architecture and learning rate, different optimizer schedule and different divergence handling — the least matchable row in the table.",54.4632,54.3832,281.7,0.9366333333333333,0.6218880827311792,0.5861293809591043,0.7637357026143792,0.5861293809591043,,,,,False
tuiml,mlp,GiveMeSomeCredit,binary,classification,defaults,42,,ok,120000,30000,10,10,0,10,2.0,openml-schema,100,0,False,200.6599,0.0402,{},0.1.6,"Weka updates weights per instance (online backprop); scikit-learn's SGD uses mini-batches. Same architecture and learning rate, different optimizer schedule and different divergence handling — the least matchable row in the table.",201.4944,201.3633,740.1,0.9351666666666667,0.5777393720419277,0.5536258033252286,0.7580433689014197,0.5536258033252286,,,,,False
tuiml,mlp,GiveMeSomeCredit,binary,classification,matched,42,,ok,120000,30000,10,10,0,10,2.0,openml-schema,100,0,False,196.0957,0.0886,"{'hidden_layers': [100], 'max_epochs': 300, 'learning_rate': 0.05, 'momentum': 0.2, 'decay': True, 'activation': 'sigmoid', 'random_state': 42}",0.1.6,"Weka updates weights per instance (online backprop); scikit-learn's SGD uses mini-batches. Same architecture and learning rate, different optimizer schedule and different divergence handling — the least matchable row in the table.",196.9448,196.7151,912.8,0.9335333333333333,0.4964540499589638,0.5066789179934608,0.7781116118622378,0.5066789179934608,,,,,False
weka,mlp,GiveMeSomeCredit,binary,classification,defaults,42,,ok,120000,30000,10,10,0,10,2.0,openml-schema,100,0,False,83.9137,0.2454,,3.9.6,"Weka updates weights per instance (online backprop); scikit-learn's SGD uses mini-batches. Same architecture and learning rate, different optimizer schedule and different divergence handling — the least matchable row in the table.",100.1569,102.381,580.4,0.9361666666666667,0.5868920747455693,0.5594864864985242,0.7752227598315186,0.5594864864985242,,,,True,False
weka,mlp,GiveMeSomeCredit,binary,classification,matched,42,,ok,120000,30000,10,10,0,10,2.0,openml-schema,100,0,False,728.3569,0.4562,-H 100 -N 300 -L 0.05 -M 0.2 -D -I -C -S 42,3.9.6,"Weka updates weights per instance (online backprop); scikit-learn's SGD uses mini-batches. Same architecture and learning rate, different optimizer schedule and different divergence handling — the least matchable row in the table.",745.5235,748.7769,570.1,0.9366,0.6179433923611015,0.5828702934572838,0.7649889415789624,0.5828702934572838,,,,True,False
sklearn,naive_bayes,GiveMeSomeCredit,binary,classification,defaults,42,,ok,120000,30000,10,10,0,10,2.0,openml-schema,100,0,False,0.0424,0.0068,{'alpha': 1.0},1.8.0,All three use add-one (Laplace) smoothing on discrete attributes.,1.7257,1.716,283.8,0.9236,0.6247954054527639,0.6032236786137888,0.6646274332546909,0.6032236786137888,,,,,False
sklearn,naive_bayes,GiveMeSomeCredit,binary,classification,matched,42,,ok,120000,30000,10,10,0,10,2.0,openml-schema,100,0,False,0.0404,0.0066,{'alpha': 1.0},1.8.0,All three use add-one (Laplace) smoothing on discrete attributes.,1.7763,1.764,284.3,0.9236,0.6247954054527639,0.6032236786137888,0.6646274332546909,0.6032236786137888,,,,,False
tuiml,naive_bayes,GiveMeSomeCredit,binary,classification,defaults,42,,ok,120000,30000,10,10,0,10,2.0,openml-schema,100,0,False,0.0297,0.0066,{'alpha': 1.0},0.1.6,All three use add-one (Laplace) smoothing on discrete attributes.,0.6625,0.6606,390.4,0.9236,0.6247954054527639,0.6032236786137888,0.6646274332546909,0.6032236786137888,,,,,False
tuiml,naive_bayes,GiveMeSomeCredit,binary,classification,matched,42,,ok,120000,30000,10,10,0,10,2.0,openml-schema,100,0,False,0.0239,0.0065,{'alpha': 1.0},0.1.6,All three use add-one (Laplace) smoothing on discrete attributes.,0.6246,0.6245,390.6,0.9236,0.6247954054527639,0.6032236786137888,0.6646274332546909,0.6032236786137888,,,,,False
weka,naive_bayes,GiveMeSomeCredit,binary,classification,defaults,42,,ok,120000,30000,10,10,0,10,2.0,openml-schema,100,0,False,0.1236,0.2265,,3.9.6,All three use add-one (Laplace) smoothing on discrete attributes.,16.4162,18.1345,807.0,0.9236,0.6247954054527639,0.6032236786137888,0.6646274332546909,0.6032236786137888,,,,True,False
weka,naive_bayes,GiveMeSomeCredit,binary,classification,matched,42,,ok,120000,30000,10,10,0,10,2.0,openml-schema,100,0,False,0.1217,0.2497,,3.9.6,All three use add-one (Laplace) smoothing on discrete attributes.,16.6643,18.5287,810.7,0.9236,0.6247954054527639,0.6032236786137888,0.6646274332546909,0.6032236786137888,,,,True,False
sklearn,random_forest,GiveMeSomeCredit,binary,classification,defaults,42,,ok,120000,30000,10,10,0,10,2.0,openml-schema,100,0,False,29.8334,0.7636,"{'n_estimators': 100, 'random_state': 42}",1.8.0,"sqrt(p) is evaluated on each library's own representation: Weka splits on intact nominal attributes, scikit-learn/TuiML on one-hot columns.",32.4834,32.4601,344.7,0.9347666666666666,0.62330651302654,0.589296494431006,0.7390483983092946,0.589296494431006,,,,,False
sklearn,random_forest,GiveMeSomeCredit,binary,classification,matched,42,,ok,120000,30000,10,10,0,10,2.0,openml-schema,100,0,False,26.7847,0.6863,"{'n_estimators': 100, 'max_features': 'sqrt', 'min_samples_leaf': 1, 'bootstrap': True, 'random_state': 42}",1.8.0,"sqrt(p) is evaluated on each library's own representation: Weka splits on intact nominal attributes, scikit-learn/TuiML on one-hot columns.",29.5929,29.5593,342.9,0.9347666666666666,0.62330651302654,0.589296494431006,0.7390483983092946,0.589296494431006,,,,,False
tuiml,random_forest,GiveMeSomeCredit,binary,classification,defaults,42,,ok,120000,30000,10,10,0,10,2.0,openml-schema,100,0,False,105.5494,0.947,{'n_estimators': 100},0.1.6,"sqrt(p) is evaluated on each library's own representation: Weka splits on intact nominal attributes, scikit-learn/TuiML on one-hot columns.",108.1195,123.7914,2180.1,0.9357666666666666,0.6251422956538703,0.5898323043970712,0.750742637623671,0.5898323043970712,,,,,False
tuiml,random_forest,GiveMeSomeCredit,binary,classification,matched,42,,ok,120000,30000,10,10,0,10,2.0,openml-schema,100,0,False,106.0853,1.1467,"{'n_estimators': 100, 'max_features': 'sqrt', 'min_samples_leaf': 1, 'bootstrap': True, 'random_state': 42}",0.1.6,"sqrt(p) is evaluated on each library's own representation: Weka splits on intact nominal attributes, scikit-learn/TuiML on one-hot columns.",109.045,126.3021,2264.1,0.9355,0.627280233558726,0.5920045840034669,0.7469710482021122,0.5920045840034669,,,,,False
weka,random_forest,GiveMeSomeCredit,binary,classification,defaults,42,,ok,120000,30000,10,10,0,10,2.0,openml-schema,100,0,False,125.7497,2.1858,-I 100,3.9.6,"sqrt(p) is evaluated on each library's own representation: Weka splits on intact nominal attributes, scikit-learn/TuiML on one-hot columns.",143.069,150.1503,1123.3,0.9353333333333333,0.6274914294866623,0.5923783147952586,0.7449627304341688,0.5923783147952586,,,,True,False
weka,random_forest,GiveMeSomeCredit,binary,classification,matched,42,,ok,120000,30000,10,10,0,10,2.0,openml-schema,100,0,False,105.0634,1.6222,-I 100 -K 3 -depth 0 -M 1 -P 100 -S 42,3.9.6,"sqrt(p) is evaluated on each library's own representation: Weka splits on intact nominal attributes, scikit-learn/TuiML on one-hot columns.",122.3808,129.3166,1113.7,0.9350666666666667,0.6227934579114954,0.5885311725152202,0.7426227085366581,0.5885311725152202,,,,True,False
sklearn,svm,GiveMeSomeCredit,binary,classification,defaults,42,,ok,120000,30000,10,10,0,10,2.0,openml-schema,100,0,False,1175.1674,29.3288,{},1.8.0,Both use one-vs-one for multiclass. Optimizer tolerances differ (SMO -T 1e-3 / -P 1e-12 vs libsvm tol 1e-3).,1206.3752,1205.6983,487.3,0.9352666666666667,0.5307466611569805,0.5247398560216711,0.8298356887299385,0.5247398560216711,,,,,False
sklearn,svm,GiveMeSomeCredit,binary,classification,matched,42,,ok,120000,30000,10,10,0,10,2.0,openml-schema,100,0,False,1196.2768,27.3406,"{'C': 1.0, 'kernel': 'rbf', 'gamma': 0.1}",1.8.0,Both use one-vs-one for multiclass. Optimizer tolerances differ (SMO -T 1e-3 / -P 1e-12 vs libsvm tol 1e-3).,1225.4377,1224.9411,492.4,0.9352666666666667,0.5307466611569805,0.5247398560216711,0.8298356887299385,0.5247398560216711,,,,,False
tuiml,svm,GiveMeSomeCredit,binary,classification,defaults,42,,ok,120000,30000,10,10,0,10,2.0,openml-schema,100,0,False,862.2072,17.5974,{},0.1.6,Both use one-vs-one for multiclass. Optimizer tolerances differ (SMO -T 1e-3 / -P 1e-12 vs libsvm tol 1e-3).,880.5118,880.3643,543.9,0.934,0.5023308343750315,0.5097071573611069,0.8308262116911307,0.5097071573611069,,,,,False
tuiml,svm,GiveMeSomeCredit,binary,classification,matched,42,,ok,120000,30000,10,10,0,10,2.0,openml-schema,100,0,False,887.5165,13.8686,"{'C': 1.0, 'kernel': 'rbf', 'gamma': 0.1}",0.1.6,Both use one-vs-one for multiclass. Optimizer tolerances differ (SMO -T 1e-3 / -P 1e-12 vs libsvm tol 1e-3).,901.9949,901.6127,539.8,0.934,0.5023308343750315,0.5097071573611069,0.8308262116911307,0.5097071573611069,,,,,False
weka,svm,GiveMeSomeCredit,binary,classification,defaults,42,,ok,120000,30000,10,10,0,10,2.0,openml-schema,100,0,False,1053.0094,0.2153,,3.9.6,Both use one-vs-one for multiclass. Optimizer tolerances differ (SMO -T 1e-3 / -P 1e-12 vs libsvm tol 1e-3).,1069.1374,1074.5747,689.8,0.9335333333333333,0.4964540499589638,0.5066789179934608,0.7781116118622378,0.5066789179934608,,,,True,False
sklearn,decision_tree,HR_Analytics_Job_Change_of_Data_Scientists,binary,classification,defaults,42,,ok,15326,3832,12,2,10,164,2.0,openml-schema,100,1,False,0.2646,0.0044,{'random_state': 42},1.8.0,"C4.5 vs CART: even matched, J48 splits on gain ratio while scikit-learn/TuiML use information gain. Related algorithms, not identical ones.",1.6791,1.6637,234.3,0.7014613778705637,0.6033251207902572,0.6039125980196794,0.6027718913143878,0.6039125980196794,,,,,False
sklearn,decision_tree,HR_Analytics_Job_Change_of_Data_Scientists,binary,classification,matched,42,,ok,15326,3832,12,2,10,164,2.0,openml-schema,100,1,False,0.2757,0.0045,"{'criterion': 'entropy', 'min_samples_leaf': 1, 'random_state': 42}",1.8.0,"C4.5 vs CART: even matched, J48 splits on gain ratio while scikit-learn/TuiML use information gain. Related algorithms, not identical ones.",1.8488,1.8247,230.2,0.7105949895615866,0.6192409436529301,0.6211879011550353,0.6175734463276836,0.6211879011550353,,,,,False
tuiml,decision_tree,HR_Analytics_Job_Change_of_Data_Scientists,binary,classification,defaults,42,,ok,15326,3832,12,2,10,164,2.0,openml-schema,100,1,False,1.5151,0.0913,{},0.1.6,"C4.5 vs CART: even matched, J48 splits on gain ratio while scikit-learn/TuiML use information gain. Related algorithms, not identical ones.",1.9628,1.9531,338.7,0.7012004175365344,0.604474777744454,0.6054876461992296,0.6035591524636439,0.6054876461992296,,,,,False
tuiml,decision_tree,HR_Analytics_Job_Change_of_Data_Scientists,binary,classification,matched,42,,ok,15326,3832,12,2,10,164,2.0,openml-schema,100,1,False,1.4143,0.0874,"{'criterion': 'entropy', 'min_samples_leaf': 1, 'random_state': 42}",0.1.6,"C4.5 vs CART: even matched, J48 splits on gain ratio while scikit-learn/TuiML use information gain. Related algorithms, not identical ones.",1.761,1.7604,344.9,0.7108559498956158,0.6194562503248981,0.6213616932996304,0.6178183124882737,0.6213616932996304,,,,,False
weka,decision_tree,HR_Analytics_Job_Change_of_Data_Scientists,binary,classification,defaults,42,,ok,15326,3832,12,2,10,164,2.0,openml-schema,100,1,False,0.4239,0.0288,,3.9.6,"C4.5 vs CART: even matched, J48 splits on gain ratio while scikit-learn/TuiML use information gain. Related algorithms, not identical ones.",4.7799,6.8031,360.7,0.7771398747390397,0.6705008062970105,0.6571104644708803,0.6975504497516127,0.6571104644708803,,,,True,False
weka,decision_tree,HR_Analytics_Job_Change_of_Data_Scientists,binary,classification,matched,42,,ok,15326,3832,12,2,10,164,2.0,openml-schema,100,1,False,1.0023,0.0451,-U -B -M 1,3.9.6,"C4.5 vs CART: even matched, J48 splits on gain ratio while scikit-learn/TuiML use information gain. Related algorithms, not identical ones.",5.4054,7.5734,482.5,0.7092901878914405,0.6093796152769212,0.6087765942927024,0.6100182328392098,0.6087765942927024,,,,True,False
sklearn,knn,HR_Analytics_Job_Change_of_Data_Scientists,binary,classification,defaults,42,,ok,15326,3832,12,2,10,164,2.0,openml-schema,100,1,False,0.0083,0.9046,{'n_neighbors': 5},1.8.0,Nominal attributes contribute a distance of 1 per mismatch in Weka but sqrt(2) across the corresponding one-hot columns. Neighbour-search structure is left to each library.,2.617,2.593,230.4,0.7434759916492694,0.6399211983253545,0.6339917416884588,0.6487931550145096,0.6339917416884588,,,,,False
sklearn,knn,HR_Analytics_Job_Change_of_Data_Scientists,binary,classification,matched,42,,ok,15326,3832,12,2,10,164,2.0,openml-schema,100,1,False,0.0091,0.8746,"{'n_neighbors': 5, 'weights': 'uniform'}",1.8.0,Nominal attributes contribute a distance of 1 per mismatch in Weka but sqrt(2) across the corresponding one-hot columns. Neighbour-search structure is left to each library.,2.418,2.3934,234.6,0.7434759916492694,0.6399211983253545,0.6339917416884588,0.6487931550145096,0.6339917416884588,,,,,False
tuiml,knn,HR_Analytics_Job_Change_of_Data_Scientists,binary,classification,defaults,42,,ok,15326,3832,12,2,10,164,2.0,openml-schema,100,1,False,0.0007,20.4125,{'k': 5},0.1.6,Nominal attributes contribute a distance of 1 per mismatch in Weka but sqrt(2) across the corresponding one-hot columns. Neighbour-search structure is left to each library.,20.7354,20.7017,339.6,0.7437369519832986,0.6404287384566225,0.634515301897883,0.6492426325721096,0.634515301897883,,,,,False
tuiml,knn,HR_Analytics_Job_Change_of_Data_Scientists,binary,classification,matched,42,,ok,15326,3832,12,2,10,164,2.0,openml-schema,100,1,False,0.0006,20.4196,"{'k': 5, 'distance_weighting': 'uniform'}",0.1.6,Nominal attributes contribute a distance of 1 per mismatch in Weka but sqrt(2) across the corresponding one-hot columns. Neighbour-search structure is left to each library.,20.7561,20.75,338.6,0.7437369519832986,0.6404287384566225,0.634515301897883,0.6492426325721096,0.634515301897883,,,,,False
weka,knn,HR_Analytics_Job_Change_of_Data_Scientists,binary,classification,defaults,42,,ok,15326,3832,12,2,10,164,2.0,openml-schema,100,1,False,0.0228,6.8971,-K 5,3.9.6,Nominal attributes contribute a distance of 1 per mismatch in Weka but sqrt(2) across the corresponding one-hot columns. Neighbour-search structure is left to each library.,11.3975,13.2646,336.5,0.7426931106471816,0.6319483489872217,0.6247261636339483,0.6446450768727511,0.6247261636339483,,,,True,False
weka,knn,HR_Analytics_Job_Change_of_Data_Scientists,binary,classification,matched,42,,ok,15326,3832,12,2,10,164,2.0,openml-schema,100,1,False,0.0336,4.8782,"-K 5 -A weka.core.neighboursearch.LinearNNSearch -A ""weka.core.EuclideanDistance -R first-last -D""",3.9.6,Nominal attributes contribute a distance of 1 per mismatch in Weka but sqrt(2) across the corresponding one-hot columns. Neighbour-search structure is left to each library.,9.3762,11.4528,341.2,0.7424321503131524,0.635286749316196,0.6287495882673014,0.6458377308707124,0.6287495882673014,,,,True,False
sklearn,logistic,HR_Analytics_Job_Change_of_Data_Scientists,binary,classification,defaults,42,,ok,15326,3832,12,2,10,164,2.0,openml-schema,100,1,False,0.4783,0.0022,{'max_iter': 1000},1.8.0,Ridge 0.5 in Weka/TuiML corresponds to scikit-learn's C=1.0.,1.7357,1.7311,234.5,0.7716597077244259,0.636438747844303,0.6223314716646011,0.6890722739750686,0.6223314716646011,,,,,False
sklearn,logistic,HR_Analytics_Job_Change_of_Data_Scientists,binary,classification,matched,42,,ok,15326,3832,12,2,10,164,2.0,openml-schema,100,1,False,0.6413,0.0018,"{'C': 1.0, 'max_iter': 1000}",1.8.0,Ridge 0.5 in Weka/TuiML corresponds to scikit-learn's C=1.0.,2.3581,2.3366,232.7,0.7716597077244259,0.636438747844303,0.6223314716646011,0.6890722739750686,0.6223314716646011,,,,,False
tuiml,logistic,HR_Analytics_Job_Change_of_Data_Scientists,binary,classification,defaults,42,,ok,15326,3832,12,2,10,164,2.0,openml-schema,100,1,False,0.2124,0.0043,{},0.1.6,Ridge 0.5 in Weka/TuiML corresponds to scikit-learn's C=1.0.,0.4748,0.4743,362.2,0.7721816283924844,0.6380029508723577,0.6237283601482784,0.6900560863031344,0.6237283601482784,,,,,False
tuiml,logistic,HR_Analytics_Job_Change_of_Data_Scientists,binary,classification,matched,42,,ok,15326,3832,12,2,10,164,2.0,openml-schema,100,1,False,0.1583,0.0068,"{'ridge': 0.5, 'max_iter': 1000}",0.1.6,Ridge 0.5 in Weka/TuiML corresponds to scikit-learn's C=1.0.,0.5497,0.5396,355.2,0.752348643006263,0.46204607426717076,0.5129348670717571,0.6520450072730384,0.5129348670717571,,,,,False
weka,logistic,HR_Analytics_Job_Change_of_Data_Scientists,binary,classification,defaults,42,,ok,15326,3832,12,2,10,164,2.0,openml-schema,100,1,False,3.8413,0.0473,,3.9.6,Ridge 0.5 in Weka/TuiML corresponds to scikit-learn's C=1.0.,7.779,10.6266,593.3,0.7721816283924844,0.6380029508723577,0.6237283601482784,0.6900560863031344,0.6237283601482784,,,,True,False
weka,logistic,HR_Analytics_Job_Change_of_Data_Scientists,binary,classification,matched,42,,ok,15326,3832,12,2,10,164,2.0,openml-schema,100,1,False,3.1927,0.0613,-R 0.5 -M 1000,3.9.6,Ridge 0.5 in Weka/TuiML corresponds to scikit-learn's C=1.0.,7.4389,10.2167,571.7,0.7721816283924844,0.6380029508723577,0.6237283601482784,0.6900560863031344,0.6237283601482784,,,,True,False
sklearn,mlp,HR_Analytics_Job_Change_of_Data_Scientists,binary,classification,defaults,42,,ok,15326,3832,12,2,10,164,2.0,openml-schema,100,1,False,24.9639,0.0094,"{'max_iter': 300, 'random_state': 42}",1.8.0,"Weka updates weights per instance (online backprop); scikit-learn's SGD uses mini-batches. Same architecture and learning rate, different optimizer schedule and different divergence handling — the least matchable row in the table.",26.4403,26.4251,234.2,0.7280793319415448,0.6461375724395705,0.6503203780843556,0.6428426415602032,0.6503203780843556,,,,,False
sklearn,mlp,HR_Analytics_Job_Change_of_Data_Scientists,binary,classification,matched,42,,ok,15326,3832,12,2,10,164,2.0,openml-schema,100,1,False,17.1537,0.0127,"{'hidden_layer_sizes': (100,), 'max_iter': 300, 'solver': 'sgd', 'learning_rate': 'adaptive', 'learning_rate_init': 0.05, 'momentum': 0.2, 'activation': 'logistic', 'random_state': 42}",1.8.0,"Weka updates weights per instance (online backprop); scikit-learn's SGD uses mini-batches. Same architecture and learning rate, different optimizer schedule and different divergence handling — the least matchable row in the table.",18.5976,18.5265,234.2,0.7711377870563675,0.6374412509257716,0.6233829596347271,0.6878006758628331,0.6233829596347271,,,,,False
tuiml,mlp,HR_Analytics_Job_Change_of_Data_Scientists,binary,classification,defaults,42,,ok,15326,3832,12,2,10,164,2.0,openml-schema,100,1,False,36.2849,0.012,{},0.1.6,"Weka updates weights per instance (online backprop); scikit-learn's SGD uses mini-batches. Same architecture and learning rate, different optimizer schedule and different divergence handling — the least matchable row in the table.",36.5553,36.4825,395.2,0.7625260960334029,0.6580685016130139,0.6484274085680437,0.674844913430632,0.6484274085680437,,,,,False
tuiml,mlp,HR_Analytics_Job_Change_of_Data_Scientists,binary,classification,matched,42,,ok,15326,3832,12,2,10,164,2.0,openml-schema,100,1,False,31.6005,0.0251,"{'hidden_layers': [100], 'max_epochs': 300, 'learning_rate': 0.05, 'momentum': 0.2, 'decay': True, 'activation': 'sigmoid', 'random_state': 42}",0.1.6,"Weka updates weights per instance (online backprop); scikit-learn's SGD uses mini-batches. Same architecture and learning rate, different optimizer schedule and different divergence handling — the least matchable row in the table.",31.9143,31.9121,416.0,0.7526096033402923,0.5509375000000001,0.5564798992551505,0.6425496069747852,0.5564798992551505,,,,,False
weka,mlp,HR_Analytics_Job_Change_of_Data_Scientists,binary,classification,defaults,42,,ok,15326,3832,12,2,10,164,2.0,openml-schema,100,1,False,2042.7102,0.3258,,3.9.6,"Weka updates weights per instance (online backprop); scikit-learn's SGD uses mini-batches. Same architecture and learning rate, different optimizer schedule and different divergence handling — the least matchable row in the table.",2047.665,2053.315,395.4,0.7507828810020877,0.428826948874646,0.5,0.37539144050104384,0.5,,,,True,False
weka,mlp,HR_Analytics_Job_Change_of_Data_Scientists,binary,classification,matched,42,,ok,15326,3832,12,2,10,164,2.0,openml-schema,100,1,False,1471.7007,0.3781,-H 100 -N 300 -L 0.05 -M 0.2 -D -I -C -S 42,3.9.6,"Weka updates weights per instance (online backprop); scikit-learn's SGD uses mini-batches. Same architecture and learning rate, different optimizer schedule and different divergence handling — the least matchable row in the table.",1476.6697,1481.7163,364.7,0.7753131524008351,0.6643935544803868,0.6506473984862795,0.6944611490200574,0.6506473984862795,,,,True,False
sklearn,naive_bayes,HR_Analytics_Job_Change_of_Data_Scientists,binary,classification,defaults,42,,ok,15326,3832,12,2,10,164,2.0,openml-schema,100,1,False,0.0088,0.0012,{'alpha': 1.0},1.8.0,All three use add-one (Laplace) smoothing on discrete attributes.,1.3118,1.3058,189.9,0.7633089770354906,0.679099757129054,0.6765804621233215,0.6819090891366197,0.6765804621233215,,,,,False
sklearn,naive_bayes,HR_Analytics_Job_Change_of_Data_Scientists,binary,classification,matched,42,,ok,15326,3832,12,2,10,164,2.0,openml-schema,100,1,False,0.0096,0.0013,{'alpha': 1.0},1.8.0,All three use add-one (Laplace) smoothing on discrete attributes.,1.3304,1.3194,188.7,0.7633089770354906,0.679099757129054,0.6765804621233215,0.6819090891366197,0.6765804621233215,,,,,False
tuiml,naive_bayes,HR_Analytics_Job_Change_of_Data_Scientists,binary,classification,defaults,42,,ok,15326,3832,12,2,10,164,2.0,openml-schema,100,1,False,0.005,0.0013,{'alpha': 1.0},0.1.6,All three use add-one (Laplace) smoothing on discrete attributes.,0.2461,0.246,298.1,0.7633089770354906,0.679099757129054,0.6765804621233215,0.6819090891366197,0.6765804621233215,,,,,False
tuiml,naive_bayes,HR_Analytics_Job_Change_of_Data_Scientists,binary,classification,matched,42,,ok,15326,3832,12,2,10,164,2.0,openml-schema,100,1,False,0.0058,0.0015,{'alpha': 1.0},0.1.6,All three use add-one (Laplace) smoothing on discrete attributes.,0.2791,0.2769,286.4,0.7633089770354906,0.679099757129054,0.6765804621233215,0.6819090891366197,0.6765804621233215,,,,,False
weka,naive_bayes,HR_Analytics_Job_Change_of_Data_Scientists,binary,classification,defaults,42,,ok,15326,3832,12,2,10,164,2.0,openml-schema,100,1,False,0.0266,0.035,,3.9.6,All three use add-one (Laplace) smoothing on discrete attributes.,4.1081,5.4205,350.2,0.7633089770354906,0.679099757129054,0.6765804621233215,0.6819090891366197,0.6765804621233215,,,,True,False
weka,naive_bayes,HR_Analytics_Job_Change_of_Data_Scientists,binary,classification,matched,42,,ok,15326,3832,12,2,10,164,2.0,openml-schema,100,1,False,0.0385,0.0395,,3.9.6,All three use add-one (Laplace) smoothing on discrete attributes.,4.6461,5.9299,333.6,0.7633089770354906,0.679099757129054,0.6765804621233215,0.6819090891366197,0.6765804621233215,,,,True,False
sklearn,random_forest,HR_Analytics_Job_Change_of_Data_Scientists,binary,classification,defaults,42,,ok,15326,3832,12,2,10,164,2.0,openml-schema,100,1,False,3.3117,0.1445,"{'n_estimators': 100, 'random_state': 42}",1.8.0,"sqrt(p) is evaluated on each library's own representation: Weka splits on intact nominal attributes, scikit-learn/TuiML on one-hot columns.",5.0213,4.9864,292.1,0.7546972860125261,0.6398398292706728,0.6299224577666891,0.6605175625841166,0.6299224577666891,,,,,False
sklearn,random_forest,HR_Analytics_Job_Change_of_Data_Scientists,binary,classification,matched,42,,ok,15326,3832,12,2,10,164,2.0,openml-schema,100,1,False,3.3383,0.148,"{'n_estimators': 100, 'max_features': 'sqrt', 'min_samples_leaf': 1, 'bootstrap': True, 'random_state': 42}",1.8.0,"sqrt(p) is evaluated on each library's own representation: Weka splits on intact nominal attributes, scikit-learn/TuiML on one-hot columns.",5.0617,5.0358,290.8,0.7546972860125261,0.6398398292706728,0.6299224577666891,0.6605175625841166,0.6299224577666891,,,,,False
tuiml,random_forest,HR_Analytics_Job_Change_of_Data_Scientists,binary,classification,defaults,42,,ok,15326,3832,12,2,10,164,2.0,openml-schema,100,1,False,40.3384,0.2682,{'n_estimators': 100},0.1.6,"sqrt(p) is evaluated on each library's own representation: Weka splits on intact nominal attributes, scikit-learn/TuiML on one-hot columns.",41.3204,46.9701,2902.0,0.7682672233820459,0.6585794209482835,0.6466545467118708,0.6827770935820933,0.6466545467118708,,,,,False
tuiml,random_forest,HR_Analytics_Job_Change_of_Data_Scientists,binary,classification,matched,42,,ok,15326,3832,12,2,10,164,2.0,openml-schema,100,1,False,39.094,0.4382,"{'n_estimators': 100, 'max_features': 'sqrt', 'min_samples_leaf': 1, 'bootstrap': True, 'random_state': 42}",0.1.6,"sqrt(p) is evaluated on each library's own representation: Weka splits on intact nominal attributes, scikit-learn/TuiML on one-hot columns.",40.1219,45.2918,2823.2,0.769572025052192,0.6635663032170368,0.6520704922776234,0.6852892029822311,0.6520704922776234,,,,,False
weka,random_forest,HR_Analytics_Job_Change_of_Data_Scientists,binary,classification,defaults,42,,ok,15326,3832,12,2,10,164,2.0,openml-schema,100,1,False,3.4568,0.2331,-I 100,3.9.6,"sqrt(p) is evaluated on each library's own representation: Weka splits on intact nominal attributes, scikit-learn/TuiML on one-hot columns.",8.7159,11.431,974.4,0.7570459290187892,0.6393640719643956,0.6286884425494125,0.6634601159831943,0.6286884425494125,,,,True,False
weka,random_forest,HR_Analytics_Job_Change_of_Data_Scientists,binary,classification,matched,42,,ok,15326,3832,12,2,10,164,2.0,openml-schema,100,1,False,3.4976,0.2626,-I 100 -K 3 -depth 0 -M 1 -P 100 -S 42,3.9.6,"sqrt(p) is evaluated on each library's own representation: Weka splits on intact nominal attributes, scikit-learn/TuiML on one-hot columns.",8.2283,10.8918,968.5,0.7552192066805845,0.634543720552859,0.6239742168889568,0.659843968136651,0.6239742168889568,,,,True,False
sklearn,svm,HR_Analytics_Job_Change_of_Data_Scientists,binary,classification,defaults,42,,ok,15326,3832,12,2,10,164,2.0,openml-schema,100,1,False,42.6335,5.6237,{},1.8.0,Both use one-vs-one for multiclass. Optimizer tolerances differ (SMO -T 1e-3 / -P 1e-12 vs libsvm tol 1e-3).,49.6491,49.5785,435.4,0.7745302713987474,0.6675170426678267,0.6546730068952715,0.6931954409877406,0.6546730068952715,,,,,False
sklearn,svm,HR_Analytics_Job_Change_of_Data_Scientists,binary,classification,matched,42,,ok,15326,3832,12,2,10,164,2.0,openml-schema,100,1,False,45.4784,8.4174,"{'C': 1.0, 'kernel': 'rbf', 'gamma': 0.08779443254817991}",1.8.0,Both use one-vs-one for multiclass. Optimizer tolerances differ (SMO -T 1e-3 / -P 1e-12 vs libsvm tol 1e-3).,55.2638,55.2306,436.3,0.7745302713987474,0.6675170426678267,0.6546730068952715,0.6931954409877406,0.6546730068952715,,,,,False
tuiml,svm,HR_Analytics_Job_Change_of_Data_Scientists,binary,classification,defaults,42,,ok,15326,3832,12,2,10,164,2.0,openml-schema,100,1,False,101.3309,16.2669,{},0.1.6,Both use one-vs-one for multiclass. Optimizer tolerances differ (SMO -T 1e-3 / -P 1e-12 vs libsvm tol 1e-3).,117.9261,117.7979,536.2,0.7737473903966597,0.6659246779377761,0.6531023262669994,0.6918691844553914,0.6531023262669994,,,,,False
tuiml,svm,HR_Analytics_Job_Change_of_Data_Scientists,binary,classification,matched,42,,ok,15326,3832,12,2,10,164,2.0,openml-schema,100,1,False,108.2622,18.2806,"{'C': 1.0, 'kernel': 'rbf', 'gamma': 0.08779443254817991}",0.1.6,Both use one-vs-one for multiclass. Optimizer tolerances differ (SMO -T 1e-3 / -P 1e-12 vs libsvm tol 1e-3).,126.8445,126.7836,532.8,0.7737473903966597,0.6659246779377761,0.6531023262669994,0.6918691844553914,0.6531023262669994,,,,,False
weka,svm,HR_Analytics_Job_Change_of_Data_Scientists,binary,classification,defaults,42,,ok,15326,3832,12,2,10,164,2.0,openml-schema,100,1,False,292.2736,0.0583,,3.9.6,Both use one-vs-one for multiclass. Optimizer tolerances differ (SMO -T 1e-3 / -P 1e-12 vs libsvm tol 1e-3).,296.6429,300.0374,443.9,0.7771398747390397,0.6702111235400228,0.6567606964060513,0.6975518469508741,0.6567606964060513,,,,True,False
weka,svm,HR_Analytics_Job_Change_of_Data_Scientists,binary,classification,matched,42,,ok,15326,3832,12,2,10,164,2.0,openml-schema,100,1,False,1248.3095,16.9781,-N 2 -C 1.0 -K weka.classifiers.functions.supportVector.RBFKernel -G 0.08779443255,3.9.6,Both use one-vs-one for multiclass. Optimizer tolerances differ (SMO -T 1e-3 / -P 1e-12 vs libsvm tol 1e-3).,1269.737,1274.7481,412.0,0.7750521920668059,0.6668285865523652,0.6536215189251456,0.6940308284685475,0.6536215189251456,,,,True,False
sklearn,decision_tree,Is-this-a-good-customer,binary,classification,defaults,42,,ok,1378,345,13,5,8,50,2.0,openml-schema,100,0,False,0.0087,0.0004,{'random_state': 42},1.8.0,"C4.5 vs CART: even matched, J48 splits on gain ratio while scikit-learn/TuiML use information gain. Related algorithms, not identical ones.",1.2192,1.2093,182.4,0.8115942028985508,0.6032728881026095,0.6253142282554047,0.5924060800790905,0.6253142282554047,,,,,False
sklearn,decision_tree,Is-this-a-good-customer,binary,classification,matched,42,,ok,1378,345,13,5,8,50,2.0,openml-schema,100,0,False,0.0097,0.0007,"{'criterion': 'entropy', 'min_samples_leaf': 1, 'random_state': 42}",1.8.0,"C4.5 vs CART: even matched, J48 splits on gain ratio while scikit-learn/TuiML use information gain. Related algorithms, not identical ones.",1.3963,1.3837,180.0,0.7797101449275362,0.5319862915893189,0.5402212166918049,0.5300940438871473,0.5402212166918049,,,,,False
tuiml,decision_tree,Is-this-a-good-customer,binary,classification,defaults,42,,ok,1378,345,13,5,8,50,2.0,openml-schema,100,0,False,0.0192,0.0032,{},0.1.6,"C4.5 vs CART: even matched, J48 splits on gain ratio while scikit-learn/TuiML use information gain. Related algorithms, not identical ones.",0.1243,0.1243,292.0,0.7971014492753623,0.56893474225332,0.5835847159376572,0.562539184952978,0.5835847159376572,,,,,False
tuiml,decision_tree,Is-this-a-good-customer,binary,classification,matched,42,,ok,1378,345,13,5,8,50,2.0,openml-schema,100,0,False,0.0192,0.0032,"{'criterion': 'entropy', 'min_samples_leaf': 1, 'random_state': 42}",0.1.6,"C4.5 vs CART: even matched, J48 splits on gain ratio while scikit-learn/TuiML use information gain. Related algorithms, not identical ones.",0.1287,0.1284,289.0,0.7971014492753623,0.5764941077441077,0.5947712418300654,0.5688961988304093,0.5947712418300654,,,,,False
weka,decision_tree,Is-this-a-good-customer,binary,classification,defaults,42,,ok,1378,345,13,5,8,50,2.0,openml-schema,100,0,False,0.0897,0.0034,,3.9.6,"C4.5 vs CART: even matched, J48 splits on gain ratio while scikit-learn/TuiML use information gain. Related algorithms, not identical ones.",2.3225,3.5117,300.7,0.8869565217391304,0.4700460829493088,0.5,0.4434782608695652,0.5,,,,True,False
weka,decision_tree,Is-this-a-good-customer,binary,classification,matched,42,,ok,1378,345,13,5,8,50,2.0,openml-schema,100,0,False,0.1142,0.0056,-U -B -M 1,3.9.6,"C4.5 vs CART: even matched, J48 splits on gain ratio while scikit-learn/TuiML use information gain. Related algorithms, not identical ones.",2.339,3.5239,299.0,0.8289855072463768,0.5586991869918699,0.5568124685771745,0.5609492988133764,0.5568124685771745,,,,True,False
sklearn,knn,Is-this-a-good-customer,binary,classification,defaults,42,,ok,1378,345,13,5,8,50,2.0,openml-schema,100,0,False,0.0011,0.0235,{'n_neighbors': 5},1.8.0,Nominal attributes contribute a distance of 1 per mismatch in Weka but sqrt(2) across the corresponding one-hot columns. Neighbour-search structure is left to each library.,1.2708,1.2582,181.5,0.8695652173913043,0.48628437179444756,0.5013826043237808,0.506120178041543,0.5013826043237808,,,,,False
sklearn,knn,Is-this-a-good-customer,binary,classification,matched,42,,ok,1378,345,13,5,8,50,2.0,openml-schema,100,0,False,0.0013,0.0242,"{'n_neighbors': 5, 'weights': 'uniform'}",1.8.0,Nominal attributes contribute a distance of 1 per mismatch in Weka but sqrt(2) across the corresponding one-hot columns. Neighbour-search structure is left to each library.,1.3811,1.3462,180.5,0.8695652173913043,0.48628437179444756,0.5013826043237808,0.506120178041543,0.5013826043237808,,,,,False
tuiml,knn,Is-this-a-good-customer,binary,classification,defaults,42,,ok,1378,345,13,5,8,50,2.0,openml-schema,100,0,False,0.0001,0.0263,{'k': 5},0.1.6,Nominal attributes contribute a distance of 1 per mismatch in Weka but sqrt(2) across the corresponding one-hot columns. Neighbour-search structure is left to each library.,0.1417,0.1416,291.4,0.8695652173913043,0.48628437179444756,0.5013826043237808,0.506120178041543,0.5013826043237808,,,,,False
tuiml,knn,Is-this-a-good-customer,binary,classification,matched,42,,ok,1378,345,13,5,8,50,2.0,openml-schema,100,0,False,0.0001,0.0265,"{'k': 5, 'distance_weighting': 'uniform'}",0.1.6,Nominal attributes contribute a distance of 1 per mismatch in Weka but sqrt(2) across the corresponding one-hot columns. Neighbour-search structure is left to each library.,0.1365,0.1362,291.4,0.8695652173913043,0.48628437179444756,0.5013826043237808,0.506120178041543,0.5013826043237808,,,,,False
weka,knn,Is-this-a-good-customer,binary,classification,defaults,42,,ok,1378,345,13,5,8,50,2.0,openml-schema,100,0,False,0.0052,0.1306,-K 5,3.9.6,Nominal attributes contribute a distance of 1 per mismatch in Weka but sqrt(2) across the corresponding one-hot columns. Neighbour-search structure is left to each library.,2.3971,3.5945,300.7,0.8608695652173913,0.5008439836026043,0.5076671694318753,0.5212001853568118,0.5076671694318753,,,,True,False
weka,knn,Is-this-a-good-customer,binary,classification,matched,42,,ok,1378,345,13,5,8,50,2.0,openml-schema,100,0,False,0.004,0.0903,"-K 5 -A weka.core.neighboursearch.LinearNNSearch -A ""weka.core.EuclideanDistance -R first-last -D""",3.9.6,Nominal attributes contribute a distance of 1 per mismatch in Weka but sqrt(2) across the corresponding one-hot columns. Neighbour-search structure is left to each library.,2.496,3.6492,296.1,0.8695652173913043,0.50571492247445,0.512569130216189,0.5447761194029851,0.512569130216189,,,,True,False
sklearn,logistic,Is-this-a-good-customer,binary,classification,defaults,42,,ok,1378,345,13,5,8,50,2.0,openml-schema,100,0,False,0.0122,0.0004,{'max_iter': 1000},1.8.0,Ridge 0.5 in Weka/TuiML corresponds to scikit-learn's C=1.0.,1.2482,1.2415,182.9,0.8840579710144928,0.46923076923076923,0.49836601307189543,0.4433139534883721,0.49836601307189543,,,,,False
sklearn,logistic,Is-this-a-good-customer,binary,classification,matched,42,,ok,1378,345,13,5,8,50,2.0,openml-schema,100,0,False,0.0123,0.0004,"{'C': 1.0, 'max_iter': 1000}",1.8.0,Ridge 0.5 in Weka/TuiML corresponds to scikit-learn's C=1.0.,1.2897,1.2758,180.9,0.8840579710144928,0.46923076923076923,0.49836601307189543,0.4433139534883721,0.49836601307189543,,,,,False
tuiml,logistic,Is-this-a-good-customer,binary,classification,defaults,42,,ok,1378,345,13,5,8,50,2.0,openml-schema,100,0,False,0.0056,0.0002,{},0.1.6,Ridge 0.5 in Weka/TuiML corresponds to scikit-learn's C=1.0.,0.1195,0.1194,292.5,0.881159420289855,0.4915711153445239,0.5079185520361991,0.5692815249266863,0.5079185520361991,,,,,False
tuiml,logistic,Is-this-a-good-customer,binary,classification,matched,42,,ok,1378,345,13,5,8,50,2.0,openml-schema,100,0,False,0.0044,0.0002,"{'ridge': 0.5, 'max_iter': 1000}",0.1.6,Ridge 0.5 in Weka/TuiML corresponds to scikit-learn's C=1.0.,0.1758,0.1744,288.8,0.8869565217391304,0.4700460829493088,0.5,0.4434782608695652,0.5,,,,,False
weka,logistic,Is-this-a-good-customer,binary,classification,defaults,42,,ok,1378,345,13,5,8,50,2.0,openml-schema,100,0,False,0.2145,0.0076,,3.9.6,Ridge 0.5 in Weka/TuiML corresponds to scikit-learn's C=1.0.,3.2562,4.473,292.8,0.881159420289855,0.4915711153445239,0.5079185520361991,0.5692815249266863,0.5079185520361991,,,,True,False
weka,logistic,Is-this-a-good-customer,binary,classification,matched,42,,ok,1378,345,13,5,8,50,2.0,openml-schema,100,0,False,0.186,0.0057,-R 0.5 -M 1000,3.9.6,Ridge 0.5 in Weka/TuiML corresponds to scikit-learn's C=1.0.,2.4963,3.8894,299.6,0.881159420289855,0.4915711153445239,0.5079185520361991,0.5692815249266863,0.5079185520361991,,,,True,False
sklearn,mlp,Is-this-a-good-customer,binary,classification,defaults,42,,ok,1378,345,13,5,8,50,2.0,openml-schema,100,0,False,1.3525,0.0008,"{'max_iter': 300, 'random_state': 42}",1.8.0,"Weka updates weights per instance (online backprop); scikit-learn's SGD uses mini-batches. Same architecture and learning rate, different optimizer schedule and different divergence handling — the least matchable row in the table.",2.396,2.3827,182.9,0.8666666666666667,0.59240805424286,0.5780542986425339,0.6257763975155279,0.5780542986425339,,,,,False
sklearn,mlp,Is-this-a-good-customer,binary,classification,matched,42,,ok,1378,345,13,5,8,50,2.0,openml-schema,100,0,False,1.4322,0.0012,"{'hidden_layer_sizes': (100,), 'max_iter': 300, 'solver': 'sgd', 'learning_rate': 'adaptive', 'learning_rate_init': 0.05, 'momentum': 0.2, 'activation': 'logistic', 'random_state': 42}",1.8.0,"Weka updates weights per instance (online backprop); scikit-learn's SGD uses mini-batches. Same architecture and learning rate, different optimizer schedule and different divergence handling — the least matchable row in the table.",2.613,2.6064,182.9,0.8869565217391304,0.4700460829493088,0.5,0.4434782608695652,0.5,,,,,False
tuiml,mlp,Is-this-a-good-customer,binary,classification,defaults,42,,ok,1378,345,13,5,8,50,2.0,openml-schema,100,0,False,1.2478,0.0009,{},0.1.6,"Weka updates weights per instance (online backprop); scikit-learn's SGD uses mini-batches. Same architecture and learning rate, different optimizer schedule and different divergence handling — the least matchable row in the table.",1.3699,1.3694,295.0,0.8579710144927536,0.5720361509835195,0.561965811965812,0.5959890965732088,0.561965811965812,,,,,False
tuiml,mlp,Is-this-a-good-customer,binary,classification,matched,42,,ok,1378,345,13,5,8,50,2.0,openml-schema,100,0,False,1.2596,0.0014,"{'hidden_layers': [100], 'max_epochs': 300, 'learning_rate': 0.05, 'momentum': 0.2, 'decay': True, 'activation': 'sigmoid', 'random_state': 42}",0.1.6,"Weka updates weights per instance (online backprop); scikit-learn's SGD uses mini-batches. Same architecture and learning rate, different optimizer schedule and different divergence handling — the least matchable row in the table.",1.3774,1.3773,299.0,0.8869565217391304,0.4700460829493088,0.5,0.4434782608695652,0.5,,,,,False
weka,mlp,Is-this-a-good-customer,binary,classification,defaults,42,,ok,1378,345,13,5,8,50,2.0,openml-schema,100,0,False,12.1993,0.0139,,3.9.6,"Weka updates weights per instance (online backprop); scikit-learn's SGD uses mini-batches. Same architecture and learning rate, different optimizer schedule and different divergence handling — the least matchable row in the table.",15.0093,16.4719,290.8,0.8,0.5370928536703938,0.5404725992961287,0.5351170568561873,0.5404725992961287,,,,True,False
weka,mlp,Is-this-a-good-customer,binary,classification,matched,42,,ok,1378,345,13,5,8,50,2.0,openml-schema,100,0,False,31.1008,0.02,-H 100 -N 300 -L 0.05 -M 0.2 -D -I -C -S 42,3.9.6,"Weka updates weights per instance (online backprop); scikit-learn's SGD uses mini-batches. Same architecture and learning rate, different optimizer schedule and different divergence handling — the least matchable row in the table.",33.6822,35.3621,295.3,0.8869565217391304,0.4700460829493088,0.5,0.4434782608695652,0.5,,,,True,False
sklearn,naive_bayes,Is-this-a-good-customer,binary,classification,defaults,42,,ok,1378,345,13,5,8,50,2.0,openml-schema,100,0,False,0.0041,0.0004,{'alpha': 1.0},1.8.0,All three use add-one (Laplace) smoothing on discrete attributes.,1.2968,1.2812,180.9,0.8724637681159421,0.6101294431888227,0.5925087983911513,0.6490683229813665,0.5925087983911513,,,,,False
sklearn,naive_bayes,Is-this-a-good-customer,binary,classification,matched,42,,ok,1378,345,13,5,8,50,2.0,openml-schema,100,0,False,0.0032,0.0003,{'alpha': 1.0},1.8.0,All three use add-one (Laplace) smoothing on discrete attributes.,1.0773,1.0649,177.6,0.8724637681159421,0.6101294431888227,0.5925087983911513,0.6490683229813665,0.5925087983911513,,,,,False
tuiml,naive_bayes,Is-this-a-good-customer,binary,classification,defaults,42,,ok,1378,345,13,5,8,50,2.0,openml-schema,100,0,False,0.0013,0.0003,{'alpha': 1.0},0.1.6,All three use add-one (Laplace) smoothing on discrete attributes.,0.1034,0.103,289.0,0.8724637681159421,0.6101294431888227,0.5925087983911513,0.6490683229813665,0.5925087983911513,,,,,False
tuiml,naive_bayes,Is-this-a-good-customer,binary,classification,matched,42,,ok,1378,345,13,5,8,50,2.0,openml-schema,100,0,False,0.0012,0.0003,{'alpha': 1.0},0.1.6,All three use add-one (Laplace) smoothing on discrete attributes.,0.1151,0.1151,289.4,0.8724637681159421,0.6101294431888227,0.5925087983911513,0.6490683229813665,0.5925087983911513,,,,,False
weka,naive_bayes,Is-this-a-good-customer,binary,classification,defaults,42,,ok,1378,345,13,5,8,50,2.0,openml-schema,100,0,False,0.0109,0.0077,,3.9.6,All three use add-one (Laplace) smoothing on discrete attributes.,2.4253,3.5443,291.2,0.8724637681159421,0.6101294431888227,0.5925087983911513,0.6490683229813665,0.5925087983911513,,,,True,False
weka,naive_bayes,Is-this-a-good-customer,binary,classification,matched,42,,ok,1378,345,13,5,8,50,2.0,openml-schema,100,0,False,0.0092,0.0078,,3.9.6,All three use add-one (Laplace) smoothing on discrete attributes.,2.6096,3.6704,294.8,0.8724637681159421,0.6101294431888227,0.5925087983911513,0.6490683229813665,0.5925087983911513,,,,True,False
sklearn,random_forest,Is-this-a-good-customer,binary,classification,defaults,42,,ok,1378,345,13,5,8,50,2.0,openml-schema,100,0,False,0.2557,0.0141,"{'n_estimators': 100, 'random_state': 42}",1.8.0,"sqrt(p) is evaluated on each library's own representation: Weka splits on intact nominal attributes, scikit-learn/TuiML on one-hot columns.",1.6862,1.6773,187.6,0.881159420289855,0.46841294298921415,0.49673202614379086,0.44314868804664725,0.49673202614379086,,,,,False
sklearn,random_forest,Is-this-a-good-customer,binary,classification,matched,42,,ok,1378,345,13,5,8,50,2.0,openml-schema,100,0,False,0.2567,0.0143,"{'n_estimators': 100, 'max_features': 'sqrt', 'min_samples_leaf': 1, 'bootstrap': True, 'random_state': 42}",1.8.0,"sqrt(p) is evaluated on each library's own representation: Weka splits on intact nominal attributes, scikit-learn/TuiML on one-hot columns.",1.7492,1.7286,186.6,0.881159420289855,0.46841294298921415,0.49673202614379086,0.44314868804664725,0.49673202614379086,,,,,False
tuiml,random_forest,Is-this-a-good-customer,binary,classification,defaults,42,,ok,1378,345,13,5,8,50,2.0,openml-schema,100,0,False,1.2319,0.0094,{'n_estimators': 100},0.1.6,"sqrt(p) is evaluated on each library's own representation: Weka splits on intact nominal attributes, scikit-learn/TuiML on one-hot columns.",1.4067,1.4994,336.8,0.8840579710144928,0.46923076923076923,0.49836601307189543,0.4433139534883721,0.49836601307189543,,,,,False
tuiml,random_forest,Is-this-a-good-customer,binary,classification,matched,42,,ok,1378,345,13,5,8,50,2.0,openml-schema,100,0,False,1.2492,0.0104,"{'n_estimators': 100, 'max_features': 'sqrt', 'min_samples_leaf': 1, 'bootstrap': True, 'random_state': 42}",0.1.6,"sqrt(p) is evaluated on each library's own representation: Weka splits on intact nominal attributes, scikit-learn/TuiML on one-hot columns.",1.412,1.5265,328.2,0.8869565217391304,0.4700460829493088,0.5,0.4434782608695652,0.5,,,,,False
weka,random_forest,Is-this-a-good-customer,binary,classification,defaults,42,,ok,1378,345,13,5,8,50,2.0,openml-schema,100,0,False,0.4556,0.0456,-I 100,3.9.6,"sqrt(p) is evaluated on each library's own representation: Weka splits on intact nominal attributes, scikit-learn/TuiML on one-hot columns.",2.8998,4.6356,355.7,0.8869565217391304,0.5364341085271318,0.5335595776772247,0.6969026548672566,0.5335595776772247,,,,True,False
weka,random_forest,Is-this-a-good-customer,binary,classification,matched,42,,ok,1378,345,13,5,8,50,2.0,openml-schema,100,0,False,0.4576,0.0426,-I 100 -K 3 -depth 0 -M 1 -P 100 -S 42,3.9.6,"sqrt(p) is evaluated on each library's own representation: Weka splits on intact nominal attributes, scikit-learn/TuiML on one-hot columns.",2.9427,4.7629,353.2,0.881159420289855,0.4915711153445239,0.5079185520361991,0.5692815249266863,0.5079185520361991,,,,True,False
sklearn,svm,Is-this-a-good-customer,binary,classification,defaults,42,,ok,1378,345,13,5,8,50,2.0,openml-schema,100,0,False,0.053,0.014,{},1.8.0,Both use one-vs-one for multiclass. Optimizer tolerances differ (SMO -T 1e-3 / -P 1e-12 vs libsvm tol 1e-3).,1.3062,1.2926,183.9,0.8869565217391304,0.4700460829493088,0.5,0.4434782608695652,0.5,,,,,False
sklearn,svm,Is-this-a-good-customer,binary,classification,matched,42,,ok,1378,345,13,5,8,50,2.0,openml-schema,100,0,False,0.0509,0.0142,"{'C': 1.0, 'kernel': 'rbf', 'gamma': 0.08532423208191127}",1.8.0,Both use one-vs-one for multiclass. Optimizer tolerances differ (SMO -T 1e-3 / -P 1e-12 vs libsvm tol 1e-3).,1.4135,1.3964,183.5,0.8869565217391304,0.4700460829493088,0.5,0.4434782608695652,0.5,,,,,False
tuiml,svm,Is-this-a-good-customer,binary,classification,defaults,42,,ok,1378,345,13,5,8,50,2.0,openml-schema,100,0,False,0.0852,0.0107,{},0.1.6,Both use one-vs-one for multiclass. Optimizer tolerances differ (SMO -T 1e-3 / -P 1e-12 vs libsvm tol 1e-3).,0.2129,0.2119,289.9,0.8869565217391304,0.4700460829493088,0.5,0.4434782608695652,0.5,,,,,False
tuiml,svm,Is-this-a-good-customer,binary,classification,matched,42,,ok,1378,345,13,5,8,50,2.0,openml-schema,100,0,False,0.0817,0.011,"{'C': 1.0, 'kernel': 'rbf', 'gamma': 0.08532423208191127}",0.1.6,Both use one-vs-one for multiclass. Optimizer tolerances differ (SMO -T 1e-3 / -P 1e-12 vs libsvm tol 1e-3).,0.2022,0.2021,296.4,0.8869565217391304,0.4700460829493088,0.5,0.4434782608695652,0.5,,,,,False
weka,svm,Is-this-a-good-customer,binary,classification,defaults,42,,ok,1378,345,13,5,8,50,2.0,openml-schema,100,0,False,0.4022,0.0068,,3.9.6,Both use one-vs-one for multiclass. Optimizer tolerances differ (SMO -T 1e-3 / -P 1e-12 vs libsvm tol 1e-3).,3.1638,4.6842,308.6,0.8869565217391304,0.4700460829493088,0.5,0.4434782608695652,0.5,,,,True,False
weka,svm,Is-this-a-good-customer,binary,classification,matched,42,,ok,1378,345,13,5,8,50,2.0,openml-schema,100,0,False,1.1638,0.0353,-N 2 -C 1.0 -K weka.classifiers.functions.supportVector.RBFKernel -G 0.08532423208,3.9.6,Both use one-vs-one for multiclass. Optimizer tolerances differ (SMO -T 1e-3 / -P 1e-12 vs libsvm tol 1e-3).,3.7798,5.4004,304.2,0.8869565217391304,0.4700460829493088,0.5,0.4434782608695652,0.5,,,,True,False
sklearn,decision_tree,Marketing_Campaign,binary,classification,defaults,42,,ok,1792,448,25,16,9,142,2.0,openml-schema,100,1,False,0.0365,0.0006,{'random_state': 42},1.8.0,"C4.5 vs CART: even matched, J48 splits on gain ratio while scikit-learn/TuiML use information gain. Related algorithms, not identical ones.",1.1494,1.1342,187.5,0.8125,0.6563287671232877,0.6683511575978376,0.6474220438406916,0.6683511575978376,,,,,False
sklearn,decision_tree,Marketing_Campaign,binary,classification,matched,42,,ok,1792,448,25,16,9,142,2.0,openml-schema,100,1,False,0.0285,0.0008,"{'criterion': 'entropy', 'min_samples_leaf': 1, 'random_state': 42}",1.8.0,"C4.5 vs CART: even matched, J48 splits on gain ratio while scikit-learn/TuiML use information gain. Related algorithms, not identical ones.",1.3998,1.3751,186.0,0.8102678571428571,0.6422901695552111,0.6485877698123556,0.6370501517560341,0.6485877698123556,,,,,False
tuiml,decision_tree,Marketing_Campaign,binary,classification,defaults,42,,ok,1792,448,25,16,9,142,2.0,openml-schema,100,1,False,0.1091,0.0068,{},0.1.6,"C4.5 vs CART: even matched, J48 splits on gain ratio while scikit-learn/TuiML use information gain. Related algorithms, not identical ones.",0.2415,0.2412,296.3,0.8169642857142857,0.6751556310130165,0.6955772319504838,0.6618052179549505,0.6955772319504838,,,,,False
tuiml,decision_tree,Marketing_Campaign,binary,classification,matched,42,,ok,1792,448,25,16,9,142,2.0,openml-schema,100,1,False,0.0731,0.0048,"{'criterion': 'entropy', 'min_samples_leaf': 1, 'random_state': 42}",0.1.6,"C4.5 vs CART: even matched, J48 splits on gain ratio while scikit-learn/TuiML use information gain. Related algorithms, not identical ones.",0.2235,0.2235,296.3,0.8125,0.6524822695035462,0.6622008069886787,0.6449399656946827,0.6622008069886787,,,,,False
weka,decision_tree,Marketing_Campaign,binary,classification,defaults,42,,ok,1792,448,25,16,9,142,2.0,openml-schema,100,1,False,0.1973,0.0054,,3.9.6,"C4.5 vs CART: even matched, J48 splits on gain ratio while scikit-learn/TuiML use information gain. Related algorithms, not identical ones.",3.0691,4.4541,290.4,0.84375,0.6428571428571428,0.6252203549183217,0.6762613730355667,0.6252203549183217,,,,True,False
weka,decision_tree,Marketing_Campaign,binary,classification,matched,42,,ok,1792,448,25,16,9,142,2.0,openml-schema,100,1,False,0.2761,0.0078,-U -B -M 1,3.9.6,"C4.5 vs CART: even matched, J48 splits on gain ratio while scikit-learn/TuiML use information gain. Related algorithms, not identical ones.",2.4823,3.8534,290.7,0.8549107142857143,0.7018318093853353,0.6932855407999373,0.7119415807560138,0.6932855407999373,,,,True,False
sklearn,knn,Marketing_Campaign,binary,classification,defaults,42,,ok,1792,448,25,16,9,142,2.0,openml-schema,100,1,False,0.0014,0.033,{'n_neighbors': 5},1.8.0,Nominal attributes contribute a distance of 1 per mismatch in Weka but sqrt(2) across the corresponding one-hot columns. Neighbour-search structure is left to each library.,1.3191,1.3047,187.4,0.8616071428571429,0.6170940170940171,0.5926665883182513,0.7419948849104859,0.5926665883182513,,,,,False
sklearn,knn,Marketing_Campaign,binary,classification,matched,42,,ok,1792,448,25,16,9,142,2.0,openml-schema,100,1,False,0.0014,0.0332,"{'n_neighbors': 5, 'weights': 'uniform'}",1.8.0,Nominal attributes contribute a distance of 1 per mismatch in Weka but sqrt(2) across the corresponding one-hot columns. Neighbour-search structure is left to each library.,1.3035,1.2921,186.8,0.8616071428571429,0.6170940170940171,0.5926665883182513,0.7419948849104859,0.5926665883182513,,,,,False
tuiml,knn,Marketing_Campaign,binary,classification,defaults,42,,ok,1792,448,25,16,9,142,2.0,openml-schema,100,1,False,0.0002,0.1241,{'k': 5},0.1.6,Nominal attributes contribute a distance of 1 per mismatch in Weka but sqrt(2) across the corresponding one-hot columns. Neighbour-search structure is left to each library.,0.2713,0.2711,295.2,0.8616071428571429,0.6170940170940171,0.5926665883182513,0.7419948849104859,0.5926665883182513,,,,,False
tuiml,knn,Marketing_Campaign,binary,classification,matched,42,,ok,1792,448,25,16,9,142,2.0,openml-schema,100,1,False,0.0001,0.1241,"{'k': 5, 'distance_weighting': 'uniform'}",0.1.6,Nominal attributes contribute a distance of 1 per mismatch in Weka but sqrt(2) across the corresponding one-hot columns. Neighbour-search structure is left to each library.,0.2542,0.2539,293.9,0.8616071428571429,0.6170940170940171,0.5926665883182513,0.7419948849104859,0.5926665883182513,,,,,False
weka,knn,Marketing_Campaign,binary,classification,defaults,42,,ok,1792,448,25,16,9,142,2.0,openml-schema,100,1,False,0.005,0.1763,-K 5,3.9.6,Nominal attributes contribute a distance of 1 per mismatch in Weka but sqrt(2) across the corresponding one-hot columns. Neighbour-search structure is left to each library.,3.4568,4.6555,299.1,0.875,0.6954156954156954,0.662044110157872,0.77201288880121,0.662044110157872,,,,True,False
weka,knn,Marketing_Campaign,binary,classification,matched,42,,ok,1792,448,25,16,9,142,2.0,openml-schema,100,1,False,0.0043,0.1391,"-K 5 -A weka.core.neighboursearch.LinearNNSearch -A ""weka.core.EuclideanDistance -R first-last -D""",3.9.6,Nominal attributes contribute a distance of 1 per mismatch in Weka but sqrt(2) across the corresponding one-hot columns. Neighbour-search structure is left to each library.,3.2059,4.3878,299.2,0.859375,0.6290952099349497,0.6036549535785638,0.725,0.6036549535785638,,,,True,False
sklearn,logistic,Marketing_Campaign,binary,classification,defaults,42,,ok,1792,448,25,16,9,142,2.0,openml-schema,100,1,False,0.0184,0.0005,{'max_iter': 1000},1.8.0,Ridge 0.5 in Weka/TuiML corresponds to scikit-learn's C=1.0.,1.461,1.4497,183.6,0.8861607142857143,0.7377861938371493,0.7055078936028519,0.7951170117011701,0.7055078936028519,,,,,False
sklearn,logistic,Marketing_Campaign,binary,classification,matched,42,,ok,1792,448,25,16,9,142,2.0,openml-schema,100,1,False,0.019,0.0004,"{'C': 1.0, 'max_iter': 1000}",1.8.0,Ridge 0.5 in Weka/TuiML corresponds to scikit-learn's C=1.0.,1.3463,1.3321,186.0,0.8861607142857143,0.7377861938371493,0.7055078936028519,0.7951170117011701,0.7055078936028519,,,,,False
tuiml,logistic,Marketing_Campaign,binary,classification,defaults,42,,ok,1792,448,25,16,9,142,2.0,openml-schema,100,1,False,0.0143,0.0006,{},0.1.6,Ridge 0.5 in Weka/TuiML corresponds to scikit-learn's C=1.0.,0.1568,0.1568,297.1,0.8772321428571429,0.7256582976117575,0.7002585497708309,0.76625,0.7002585497708309,,,,,False
tuiml,logistic,Marketing_Campaign,binary,classification,matched,42,,ok,1792,448,25,16,9,142,2.0,openml-schema,100,1,False,0.0078,0.0005,"{'ridge': 0.5, 'max_iter': 1000}",0.1.6,Ridge 0.5 in Weka/TuiML corresponds to scikit-learn's C=1.0.,0.1402,0.1402,297.0,0.8683035714285714,0.5707348761672757,0.5597014925373134,0.9329545454545455,0.5597014925373134,,,,,False
weka,logistic,Marketing_Campaign,binary,classification,defaults,42,,ok,1792,448,25,16,9,142,2.0,openml-schema,100,1,False,0.8079,0.0253,,3.9.6,Ridge 0.5 in Weka/TuiML corresponds to scikit-learn's C=1.0.,3.3381,5.5283,356.1,0.8794642857142857,0.7326259946949603,0.707721236337995,0.7712137486573577,0.707721236337995,,,,True,False
weka,logistic,Marketing_Campaign,binary,classification,matched,42,,ok,1792,448,25,16,9,142,2.0,openml-schema,100,1,False,0.7253,0.0099,-R 0.5 -M 1000,3.9.6,Ridge 0.5 in Weka/TuiML corresponds to scikit-learn's C=1.0.,3.6145,5.4885,329.7,0.8772321428571429,0.7256582976117575,0.7002585497708309,0.76625,0.7002585497708309,,,,True,False
sklearn,mlp,Marketing_Campaign,binary,classification,defaults,42,,ok,1792,448,25,16,9,142,2.0,openml-schema,100,1,False,2.6628,0.0014,"{'max_iter': 300, 'random_state': 42}",1.8.0,"Weka updates weights per instance (online backprop); scikit-learn's SGD uses mini-batches. Same architecture and learning rate, different optimizer schedule and different divergence handling — the least matchable row in the table.",3.8217,3.809,186.8,0.8861607142857143,0.752895752895753,0.7301092960394876,0.7852564102564102,0.7301092960394876,,,,,False
sklearn,mlp,Marketing_Campaign,binary,classification,matched,42,,ok,1792,448,25,16,9,142,2.0,openml-schema,100,1,False,3.1108,0.0021,"{'hidden_layer_sizes': (100,), 'max_iter': 300, 'solver': 'sgd', 'learning_rate': 'adaptive', 'learning_rate_init': 0.05, 'momentum': 0.2, 'activation': 'logistic', 'random_state': 42}",1.8.0,"Weka updates weights per instance (online backprop); scikit-learn's SGD uses mini-batches. Same architecture and learning rate, different optimizer schedule and different divergence handling — the least matchable row in the table.",4.4537,4.4444,186.8,0.890625,0.744098481051024,0.7081325655188624,0.8115763546798029,0.7081325655188624,,,,,False
tuiml,mlp,Marketing_Campaign,binary,classification,defaults,42,,ok,1792,448,25,16,9,142,2.0,openml-schema,100,1,False,3.0261,0.0019,{},0.1.6,"Weka updates weights per instance (online backprop); scikit-learn's SGD uses mini-batches. Same architecture and learning rate, different optimizer schedule and different divergence handling — the least matchable row in the table.",3.1648,3.1629,301.3,0.8660714285714286,0.7192044125020892,0.7059975711991225,0.7359447211378831,0.7059975711991225,,,,,False
tuiml,mlp,Marketing_Campaign,binary,classification,matched,42,,ok,1792,448,25,16,9,142,2.0,openml-schema,100,1,False,2.5501,0.0018,"{'hidden_layers': [100], 'max_epochs': 300, 'learning_rate': 0.05, 'momentum': 0.2, 'decay': True, 'activation': 'sigmoid', 'random_state': 42}",0.1.6,"Weka updates weights per instance (online backprop); scikit-learn's SGD uses mini-batches. Same architecture and learning rate, different optimizer schedule and different divergence handling — the least matchable row in the table.",2.6668,2.6647,305.8,0.875,0.6398507034165949,0.6066909546754417,0.8341307814992025,0.6066909546754417,,,,,False
weka,mlp,Marketing_Campaign,binary,classification,defaults,42,,ok,1792,448,25,16,9,142,2.0,openml-schema,100,1,False,139.8819,0.0469,,3.9.6,"Weka updates weights per instance (online backprop); scikit-learn's SGD uses mini-batches. Same architecture and learning rate, different optimizer schedule and different divergence handling — the least matchable row in the table.",142.5839,144.229,295.1,0.8794642857142857,0.685,0.6462177302464058,0.8071763640852605,0.6462177302464058,,,,True,False
weka,mlp,Marketing_Campaign,binary,classification,matched,42,,ok,1792,448,25,16,9,142,2.0,openml-schema,100,1,False,115.8731,0.0608,-H 100 -N 300 -L 0.05 -M 0.2 -D -I -C -S 42,3.9.6,"Weka updates weights per instance (online backprop); scikit-learn's SGD uses mini-batches. Same architecture and learning rate, different optimizer schedule and different divergence handling — the least matchable row in the table.",118.8414,120.3067,299.0,0.8816964285714286,0.7042904290429043,0.6659811180318878,0.8010088093208299,0.6659811180318878,,,,True,False
sklearn,naive_bayes,Marketing_Campaign,binary,classification,defaults,42,,ok,1792,448,25,16,9,142,2.0,openml-schema,100,1,False,0.0063,0.0006,{'alpha': 1.0},1.8.0,All three use add-one (Laplace) smoothing on discrete attributes.,1.4731,1.4554,180.9,0.765625,0.6394822155289357,0.6899949073529987,0.6259347735770668,0.6899949073529987,,,,,False
sklearn,naive_bayes,Marketing_Campaign,binary,classification,matched,42,,ok,1792,448,25,16,9,142,2.0,openml-schema,100,1,False,0.0051,0.0006,{'alpha': 1.0},1.8.0,All three use add-one (Laplace) smoothing on discrete attributes.,1.2481,1.2365,180.0,0.765625,0.6394822155289357,0.6899949073529987,0.6259347735770668,0.6899949073529987,,,,,False
tuiml,naive_bayes,Marketing_Campaign,binary,classification,defaults,42,,ok,1792,448,25,16,9,142,2.0,openml-schema,100,1,False,0.0021,0.0007,{'alpha': 1.0},0.1.6,All three use add-one (Laplace) smoothing on discrete attributes.,0.1264,0.1264,292.3,0.765625,0.6394822155289357,0.6899949073529987,0.6259347735770668,0.6899949073529987,,,,,False
tuiml,naive_bayes,Marketing_Campaign,binary,classification,matched,42,,ok,1792,448,25,16,9,142,2.0,openml-schema,100,1,False,0.0021,0.0006,{'alpha': 1.0},0.1.6,All three use add-one (Laplace) smoothing on discrete attributes.,0.1443,0.1444,289.3,0.765625,0.6394822155289357,0.6899949073529987,0.6259347735770668,0.6899949073529987,,,,,False
weka,naive_bayes,Marketing_Campaign,binary,classification,defaults,42,,ok,1792,448,25,16,9,142,2.0,openml-schema,100,1,False,0.0096,0.0103,,3.9.6,All three use add-one (Laplace) smoothing on discrete attributes.,2.2589,3.3315,303.3,0.765625,0.6394822155289357,0.6899949073529987,0.6259347735770668,0.6899949073529987,,,,True,False
weka,naive_bayes,Marketing_Campaign,binary,classification,matched,42,,ok,1792,448,25,16,9,142,2.0,openml-schema,100,1,False,0.0101,0.0102,,3.9.6,All three use add-one (Laplace) smoothing on discrete attributes.,2.4326,3.5859,303.5,0.765625,0.6394822155289357,0.6899949073529987,0.6259347735770668,0.6899949073529987,,,,True,False
sklearn,random_forest,Marketing_Campaign,binary,classification,defaults,42,,ok,1792,448,25,16,9,142,2.0,openml-schema,100,1,False,0.3656,0.0171,"{'n_estimators': 100, 'random_state': 42}",1.8.0,"sqrt(p) is evaluated on each library's own representation: Weka splits on intact nominal attributes, scikit-learn/TuiML on one-hot columns.",1.7082,1.6969,190.5,0.8660714285714286,0.668098977626315,0.6383437144983743,0.7443099273607747,0.6383437144983743,,,,,False
sklearn,random_forest,Marketing_Campaign,binary,classification,matched,42,,ok,1792,448,25,16,9,142,2.0,openml-schema,100,1,False,0.4058,0.0157,"{'n_estimators': 100, 'max_features': 'sqrt', 'min_samples_leaf': 1, 'bootstrap': True, 'random_state': 42}",1.8.0,"sqrt(p) is evaluated on each library's own representation: Weka splits on intact nominal attributes, scikit-learn/TuiML on one-hot columns.",1.555,1.5511,191.5,0.8660714285714286,0.668098977626315,0.6383437144983743,0.7443099273607747,0.6383437144983743,,,,,False
tuiml,random_forest,Marketing_Campaign,binary,classification,defaults,42,,ok,1792,448,25,16,9,142,2.0,openml-schema,100,1,False,2.6158,0.0119,{'n_estimators': 100},0.1.6,"sqrt(p) is evaluated on each library's own representation: Weka splits on intact nominal attributes, scikit-learn/TuiML on one-hot columns.",2.7909,3.0287,458.8,0.8616071428571429,0.6383333333333333,0.611117640145728,0.7334375771541437,0.611117640145728,,,,,False
tuiml,random_forest,Marketing_Campaign,binary,classification,matched,42,,ok,1792,448,25,16,9,142,2.0,openml-schema,100,1,False,2.529,0.014,"{'n_estimators': 100, 'max_features': 'sqrt', 'min_samples_leaf': 1, 'bootstrap': True, 'random_state': 42}",0.1.6,"sqrt(p) is evaluated on each library's own representation: Weka splits on intact nominal attributes, scikit-learn/TuiML on one-hot columns.",2.7113,2.9134,461.7,0.8660714285714286,0.6562835660580022,0.6260430132800564,0.7488976560686935,0.6260430132800564,,,,,False
weka,random_forest,Marketing_Campaign,binary,classification,defaults,42,,ok,1792,448,25,16,9,142,2.0,openml-schema,100,1,False,0.8619,0.0554,-I 100,3.9.6,"sqrt(p) is evaluated on each library's own representation: Weka splits on intact nominal attributes, scikit-learn/TuiML on one-hot columns.",3.901,6.3409,453.0,0.8705357142857143,0.6616666666666666,0.6286676851960669,0.7703069706197021,0.6286676851960669,,,,True,False
weka,random_forest,Marketing_Campaign,binary,classification,matched,42,,ok,1792,448,25,16,9,142,2.0,openml-schema,100,1,False,0.7737,0.0496,-I 100 -K 5 -depth 0 -M 1 -P 100 -S 42,3.9.6,"sqrt(p) is evaluated on each library's own representation: Weka splits on intact nominal attributes, scikit-learn/TuiML on one-hot columns.",3.4952,5.7192,458.6,0.8683035714285714,0.6526447204152704,0.6212049986289028,0.763095238095238,0.6212049986289028,,,,True,False
sklearn,svm,Marketing_Campaign,binary,classification,defaults,42,,ok,1792,448,25,16,9,142,2.0,openml-schema,100,1,False,0.0986,0.0441,{},1.8.0,Both use one-vs-one for multiclass. Optimizer tolerances differ (SMO -T 1e-3 / -P 1e-12 vs libsvm tol 1e-3).,1.5134,1.4786,184.5,0.8794642857142857,0.6791001220353372,0.6400673796372468,0.814550892935691,0.6400673796372468,,,,,False
sklearn,svm,Marketing_Campaign,binary,classification,matched,42,,ok,1792,448,25,16,9,142,2.0,openml-schema,100,1,False,0.086,0.0418,"{'C': 1.0, 'kernel': 'rbf', 'gamma': 0.04093398673969443}",1.8.0,Both use one-vs-one for multiclass. Optimizer tolerances differ (SMO -T 1e-3 / -P 1e-12 vs libsvm tol 1e-3).,1.3234,1.3122,185.7,0.8794642857142857,0.6791001220353372,0.6400673796372468,0.814550892935691,0.6400673796372468,,,,,False
tuiml,svm,Marketing_Campaign,binary,classification,defaults,42,,ok,1792,448,25,16,9,142,2.0,openml-schema,100,1,False,0.2102,0.0432,{},0.1.6,Both use one-vs-one for multiclass. Optimizer tolerances differ (SMO -T 1e-3 / -P 1e-12 vs libsvm tol 1e-3).,0.3916,0.3914,301.8,0.8794642857142857,0.6791001220353372,0.6400673796372468,0.814550892935691,0.6400673796372468,,,,,False
tuiml,svm,Marketing_Campaign,binary,classification,matched,42,,ok,1792,448,25,16,9,142,2.0,openml-schema,100,1,False,0.2021,0.044,"{'C': 1.0, 'kernel': 'rbf', 'gamma': 0.04093398673969443}",0.1.6,Both use one-vs-one for multiclass. Optimizer tolerances differ (SMO -T 1e-3 / -P 1e-12 vs libsvm tol 1e-3).,0.3626,0.3622,302.2,0.8794642857142857,0.6791001220353372,0.6400673796372468,0.814550892935691,0.6400673796372468,,,,,False
weka,svm,Marketing_Campaign,binary,classification,defaults,42,,ok,1792,448,25,16,9,142,2.0,openml-schema,100,1,False,1.0004,0.0185,,3.9.6,Both use one-vs-one for multiclass. Optimizer tolerances differ (SMO -T 1e-3 / -P 1e-12 vs libsvm tol 1e-3).,4.3929,6.6016,309.6,0.8861607142857143,0.7293628513556731,0.693207192384534,0.8022058823529412,0.693207192384534,,,,True,False
weka,svm,Marketing_Campaign,binary,classification,matched,42,,ok,1792,448,25,16,9,142,2.0,openml-schema,100,1,False,1.1338,0.1066,-N 2 -C 1.0 -K weka.classifiers.functions.supportVector.RBFKernel -G 0.04093398674,3.9.6,Both use one-vs-one for multiclass. Optimizer tolerances differ (SMO -T 1e-3 / -P 1e-12 vs libsvm tol 1e-3).,4.3089,6.2979,306.5,0.8794642857142857,0.672939649578196,0.6339170290280879,0.8232624113475178,0.6339170290280879,,,,True,False
sklearn,decision_tree,NATICUSdroid,binary,classification,defaults,42,,ok,5992,1499,86,0,86,172,2.0,openml-schema,100,0,False,0.0598,0.0011,{'random_state': 42},1.8.0,"C4.5 vs CART: even matched, J48 splits on gain ratio while scikit-learn/TuiML use information gain. Related algorithms, not identical ones.",1.4411,1.4343,201.8,0.9039359573048699,0.8933134052168962,0.8891991786447638,0.8980355921423686,0.8891991786447638,,,,,False
sklearn,decision_tree,NATICUSdroid,binary,classification,matched,42,,ok,5992,1499,86,0,86,172,2.0,openml-schema,100,0,False,0.0604,0.0011,"{'criterion': 'entropy', 'min_samples_leaf': 1, 'random_state': 42}",1.8.0,"C4.5 vs CART: even matched, J48 splits on gain ratio while scikit-learn/TuiML use information gain. Related algorithms, not identical ones.",1.7187,1.6947,201.3,0.8992661774516344,0.8884895152092893,0.8856057494866529,0.8916736852141716,0.8856057494866529,,,,,False
tuiml,decision_tree,NATICUSdroid,binary,classification,defaults,42,,ok,5992,1499,86,0,86,172,2.0,openml-schema,100,0,False,0.3222,0.0193,{},0.1.6,"C4.5 vs CART: even matched, J48 splits on gain ratio while scikit-learn/TuiML use information gain. Related algorithms, not identical ones.",0.796,0.7887,308.2,0.9006004002668445,0.8897631460623138,0.8861934096020339,0.8937943686687405,0.8861934096020339,,,,,False
tuiml,decision_tree,NATICUSdroid,binary,classification,matched,42,,ok,5992,1499,86,0,86,172,2.0,openml-schema,100,0,False,0.2919,0.0175,"{'criterion': 'entropy', 'min_samples_leaf': 1, 'random_state': 42}",0.1.6,"C4.5 vs CART: even matched, J48 splits on gain ratio while scikit-learn/TuiML use information gain. Related algorithms, not identical ones.",0.7616,0.7605,310.9,0.8985990660440294,0.888407829984641,0.8877266060428278,0.8891054249143342,0.8877266060428278,,,,,False
weka,decision_tree,NATICUSdroid,binary,classification,defaults,42,,ok,5992,1499,86,0,86,172,2.0,openml-schema,100,0,False,0.5279,0.0143,,3.9.6,"C4.5 vs CART: even matched, J48 splits on gain ratio while scikit-learn/TuiML use information gain. Related algorithms, not identical ones.",6.1424,8.2189,456.1,0.9219479653102068,0.913676936366254,0.9109621589909065,0.9166329625884733,0.9109621589909065,,,,True,False
weka,decision_tree,NATICUSdroid,binary,classification,matched,42,,ok,5992,1499,86,0,86,172,2.0,openml-schema,100,0,False,0.4404,0.0152,-U -B -M 1,3.9.6,"C4.5 vs CART: even matched, J48 splits on gain ratio while scikit-learn/TuiML use information gain. Related algorithms, not identical ones.",5.8662,7.6334,448.2,0.9012675116744496,0.8912477401694923,0.8902190280629706,0.8923135150013762,0.8902190280629706,,,,True,False
sklearn,knn,NATICUSdroid,binary,classification,defaults,42,,ok,5992,1499,86,0,86,172,2.0,openml-schema,100,0,False,0.0023,0.1865,{'n_neighbors': 5},1.8.0,Nominal attributes contribute a distance of 1 per mismatch in Weka but sqrt(2) across the corresponding one-hot columns. Neighbour-search structure is left to each library.,1.6368,1.6191,202.6,0.9312875250166778,0.9250637140678624,0.9282467976923829,0.9221834067870459,0.9282467976923829,,,,,False
sklearn,knn,NATICUSdroid,binary,classification,matched,42,,ok,5992,1499,86,0,86,172,2.0,openml-schema,100,0,False,0.0049,0.1546,"{'n_neighbors': 5, 'weights': 'uniform'}",1.8.0,Nominal attributes contribute a distance of 1 per mismatch in Weka but sqrt(2) across the corresponding one-hot columns. Neighbour-search structure is left to each library.,1.9126,1.8959,201.0,0.9312875250166778,0.9250637140678624,0.9282467976923829,0.9221834067870459,0.9282467976923829,,,,,False
tuiml,knn,NATICUSdroid,binary,classification,defaults,42,,ok,5992,1499,86,0,86,172,2.0,openml-schema,100,0,False,0.0003,1.8181,{'k': 5},0.1.6,Nominal attributes contribute a distance of 1 per mismatch in Weka but sqrt(2) across the corresponding one-hot columns. Neighbour-search structure is left to each library.,2.2293,2.227,309.0,0.9312875250166778,0.9248733795033663,0.9269296959030019,0.9229446614280622,0.9269296959030019,,,,,False
tuiml,knn,NATICUSdroid,binary,classification,matched,42,,ok,5992,1499,86,0,86,172,2.0,openml-schema,100,0,False,0.0003,2.0554,"{'k': 5, 'distance_weighting': 'uniform'}",0.1.6,Nominal attributes contribute a distance of 1 per mismatch in Weka but sqrt(2) across the corresponding one-hot columns. Neighbour-search structure is left to each library.,2.4956,2.4954,309.5,0.9312875250166778,0.9248733795033663,0.9269296959030019,0.9229446614280622,0.9269296959030019,,,,,False
weka,knn,NATICUSdroid,binary,classification,defaults,42,,ok,5992,1499,86,0,86,172,2.0,openml-schema,100,0,False,0.0132,3.3,-K 5,3.9.6,Nominal attributes contribute a distance of 1 per mismatch in Weka but sqrt(2) across the corresponding one-hot columns. Neighbour-search structure is left to each library.,8.9443,10.9382,424.4,0.9399599733155437,0.93404224112643,0.93404224112643,0.93404224112643,0.93404224112643,,,,True,False
weka,knn,NATICUSdroid,binary,classification,matched,42,,ok,5992,1499,86,0,86,172,2.0,openml-schema,100,0,False,0.0167,6.3496,"-K 5 -A weka.core.neighboursearch.LinearNNSearch -A ""weka.core.EuclideanDistance -R first-last -D""",3.9.6,Nominal attributes contribute a distance of 1 per mismatch in Weka but sqrt(2) across the corresponding one-hot columns. Neighbour-search structure is left to each library.,11.8238,13.7464,424.0,0.9399599733155437,0.93404224112643,0.93404224112643,0.93404224112643,0.93404224112643,,,,True,False
sklearn,logistic,NATICUSdroid,binary,classification,defaults,42,,ok,5992,1499,86,0,86,172,2.0,openml-schema,100,0,False,0.0706,0.0015,{'max_iter': 1000},1.8.0,Ridge 0.5 in Weka/TuiML corresponds to scikit-learn's C=1.0.,1.6538,1.6423,202.6,0.9306204136090727,0.9237150127226463,0.9233431113718589,0.9240911904836535,0.9233431113718589,,,,,False
sklearn,logistic,NATICUSdroid,binary,classification,matched,42,,ok,5992,1499,86,0,86,172,2.0,openml-schema,100,0,False,0.0703,0.0008,"{'C': 1.0, 'max_iter': 1000}",1.8.0,Ridge 0.5 in Weka/TuiML corresponds to scikit-learn's C=1.0.,1.7392,1.7267,201.7,0.9306204136090727,0.9237150127226463,0.9233431113718589,0.9240911904836535,0.9233431113718589,,,,,False
tuiml,logistic,NATICUSdroid,binary,classification,defaults,42,,ok,5992,1499,86,0,86,172,2.0,openml-schema,100,0,False,0.0446,0.0017,{},0.1.6,Ridge 0.5 in Weka/TuiML corresponds to scikit-learn's C=1.0.,0.4508,0.4501,317.5,0.9312875250166778,0.9244151237310282,0.9238564583944461,0.9249834311776217,0.9238564583944461,,,,,False
tuiml,logistic,NATICUSdroid,binary,classification,matched,42,,ok,5992,1499,86,0,86,172,2.0,openml-schema,100,0,False,0.0259,0.0019,"{'ridge': 0.5, 'max_iter': 1000}",0.1.6,Ridge 0.5 in Weka/TuiML corresponds to scikit-learn's C=1.0.,0.4282,0.4277,316.8,0.9132755170113409,0.9017709160856363,0.8906785958736677,0.9174837728152337,0.8906785958736677,,,,,False
weka,logistic,NATICUSdroid,binary,classification,defaults,42,,ok,5992,1499,86,0,86,172,2.0,openml-schema,100,0,False,1.1138,0.0269,,3.9.6,Ridge 0.5 in Weka/TuiML corresponds to scikit-learn's C=1.0.,7.1634,9.7736,531.4,0.9299533022014677,0.9230154448444878,0.9228297643492716,0.9232021922098257,0.9228297643492716,,,,True,False
weka,logistic,NATICUSdroid,binary,classification,matched,42,,ok,5992,1499,86,0,86,172,2.0,openml-schema,100,0,False,1.0113,0.0252,-R 0.5 -M 1000,3.9.6,Ridge 0.5 in Weka/TuiML corresponds to scikit-learn's C=1.0.,6.1953,8.6575,506.1,0.9312875250166778,0.9244151237310282,0.9238564583944461,0.9249834311776217,0.9238564583944461,,,,True,False
sklearn,mlp,NATICUSdroid,binary,classification,defaults,42,,ok,5992,1499,86,0,86,172,2.0,openml-schema,100,0,False,10.6786,0.0056,"{'max_iter': 300, 'random_state': 42}",1.8.0,"Weka updates weights per instance (online backprop); scikit-learn's SGD uses mini-batches. Same architecture and learning rate, different optimizer schedule and different divergence handling — the least matchable row in the table.",12.6435,12.6172,201.1,0.9306204136090727,0.9231627591536745,0.9198308399335093,0.9268477206209836,0.9198308399335093,,,,,False
sklearn,mlp,NATICUSdroid,binary,classification,matched,42,,ok,5992,1499,86,0,86,172,2.0,openml-schema,100,0,False,7.032,0.0068,"{'hidden_layer_sizes': (100,), 'max_iter': 300, 'solver': 'sgd', 'learning_rate': 'adaptive', 'learning_rate_init': 0.05, 'momentum': 0.2, 'activation': 'logistic', 'random_state': 42}",1.8.0,"Weka updates weights per instance (online backprop); scikit-learn's SGD uses mini-batches. Same architecture and learning rate, different optimizer schedule and different divergence handling — the least matchable row in the table.",8.4082,8.3893,202.5,0.9279519679786524,0.9210572511937085,0.922167791141097,0.9199847084092077,0.922167791141097,,,,,False
tuiml,mlp,NATICUSdroid,binary,classification,defaults,42,,ok,5992,1499,86,0,86,172,2.0,openml-schema,100,0,False,13.1276,0.0047,{},0.1.6,"Weka updates weights per instance (online backprop); scikit-learn's SGD uses mini-batches. Same architecture and learning rate, different optimizer schedule and different divergence handling — the least matchable row in the table.",13.5662,13.5372,330.9,0.9372915276851234,0.9301601935010606,0.9245252762295884,0.9368002736528633,0.9245252762295884,,,,,False
tuiml,mlp,NATICUSdroid,binary,classification,matched,42,,ok,5992,1499,86,0,86,172,2.0,openml-schema,100,0,False,13.5725,0.0107,"{'hidden_layers': [100], 'max_epochs': 300, 'learning_rate': 0.05, 'momentum': 0.2, 'decay': True, 'activation': 'sigmoid', 'random_state': 42}",0.1.6,"Weka updates weights per instance (online backprop); scikit-learn's SGD uses mini-batches. Same architecture and learning rate, different optimizer schedule and different divergence handling — the least matchable row in the table.",14.0152,14.0,340.9,0.9219479653102068,0.9135182499604285,0.910084091131319,0.9173413499237748,0.910084091131319,,,,,False
weka,mlp,NATICUSdroid,binary,classification,defaults,42,,ok,5992,1499,86,0,86,172,2.0,openml-schema,100,0,False,174.3822,0.0665,,3.9.6,"Weka updates weights per instance (online backprop); scikit-learn's SGD uses mini-batches. Same architecture and learning rate, different optimizer schedule and different divergence handling — the least matchable row in the table.",180.1318,182.4206,428.0,0.9279519679786524,0.9204258582045535,0.918216485772954,0.9227904107801621,0.918216485772954,,,,True,False
weka,mlp,NATICUSdroid,binary,classification,matched,42,,ok,5992,1499,86,0,86,172,2.0,openml-schema,100,0,False,239.8086,0.117,-H 100 -N 300 -L 0.05 -M 0.2 -D -I -C -S 42,3.9.6,"Weka updates weights per instance (online backprop); scikit-learn's SGD uses mini-batches. Same architecture and learning rate, different optimizer schedule and different divergence handling — the least matchable row in the table.",245.3699,247.3145,414.9,0.9292861907938625,0.9224519955333786,0.9231944851862717,0.9217264630795314,0.9231944851862717,,,,True,False
sklearn,naive_bayes,NATICUSdroid,binary,classification,defaults,42,,ok,5992,1499,86,0,86,172,2.0,openml-schema,100,0,False,0.0293,0.0034,{'alpha': 1.0},1.8.0,All three use add-one (Laplace) smoothing on discrete attributes.,1.6645,1.656,199.3,0.9212808539026017,0.915082074877483,0.9231807959323359,0.9089300224880473,0.9231807959323359,,,,,False
sklearn,naive_bayes,NATICUSdroid,binary,classification,matched,42,,ok,5992,1499,86,0,86,172,2.0,openml-schema,100,0,False,0.0271,0.0034,{'alpha': 1.0},1.8.0,All three use add-one (Laplace) smoothing on discrete attributes.,1.55,1.5318,199.0,0.9212808539026017,0.915082074877483,0.9231807959323359,0.9089300224880473,0.9231807959323359,,,,,False
tuiml,naive_bayes,NATICUSdroid,binary,classification,defaults,42,,ok,5992,1499,86,0,86,172,2.0,openml-schema,100,0,False,0.0172,0.0041,{'alpha': 1.0},0.1.6,All three use add-one (Laplace) smoothing on discrete attributes.,0.3917,0.3902,306.7,0.9212808539026017,0.915082074877483,0.9231807959323359,0.9089300224880473,0.9231807959323359,,,,,False
tuiml,naive_bayes,NATICUSdroid,binary,classification,matched,42,,ok,5992,1499,86,0,86,172,2.0,openml-schema,100,0,False,0.0189,0.0043,{'alpha': 1.0},0.1.6,All three use add-one (Laplace) smoothing on discrete attributes.,0.4203,0.419,303.6,0.9212808539026017,0.915082074877483,0.9231807959323359,0.9089300224880473,0.9231807959323359,,,,,False
weka,naive_bayes,NATICUSdroid,binary,classification,defaults,42,,ok,5992,1499,86,0,86,172,2.0,openml-schema,100,0,False,0.0472,0.0394,,3.9.6,All three use add-one (Laplace) smoothing on discrete attributes.,5.8771,7.5857,420.2,0.9212808539026017,0.915082074877483,0.9231807959323359,0.9089300224880473,0.9231807959323359,,,,True,False
weka,naive_bayes,NATICUSdroid,binary,classification,matched,42,,ok,5992,1499,86,0,86,172,2.0,openml-schema,100,0,False,0.0416,0.0393,,3.9.6,All three use add-one (Laplace) smoothing on discrete attributes.,5.3336,6.7781,408.8,0.9212808539026017,0.915082074877483,0.9231807959323359,0.9089300224880473,0.9231807959323359,,,,True,False
sklearn,random_forest,NATICUSdroid,binary,classification,defaults,42,,ok,5992,1499,86,0,86,172,2.0,openml-schema,100,0,False,0.8476,0.0379,"{'n_estimators': 100, 'random_state': 42}",1.8.0,"sqrt(p) is evaluated on each library's own representation: Weka splits on intact nominal attributes, scikit-learn/TuiML on one-hot columns.",2.5092,2.4963,213.5,0.9279519679786524,0.920207480659585,0.9168993839835728,0.9238672695170834,0.9168993839835728,,,,,False
sklearn,random_forest,NATICUSdroid,binary,classification,matched,42,,ok,5992,1499,86,0,86,172,2.0,openml-schema,100,0,False,0.8911,0.0389,"{'n_estimators': 100, 'max_features': 'sqrt', 'min_samples_leaf': 1, 'bootstrap': True, 'random_state': 42}",1.8.0,"sqrt(p) is evaluated on each library's own representation: Weka splits on intact nominal attributes, scikit-learn/TuiML on one-hot columns.",2.6302,2.6059,214.2,0.9279519679786524,0.920207480659585,0.9168993839835728,0.9238672695170834,0.9168993839835728,,,,,False
tuiml,random_forest,NATICUSdroid,binary,classification,defaults,42,,ok,5992,1499,86,0,86,172,2.0,openml-schema,100,0,False,8.4772,0.032,{'n_estimators': 100},0.1.6,"sqrt(p) is evaluated on each library's own representation: Weka splits on intact nominal attributes, scikit-learn/TuiML on one-hot columns.",8.995,10.1365,1092.0,0.933288859239493,0.926049806614571,0.9223232619536521,0.9302149530848458,0.9223232619536521,,,,,False
tuiml,random_forest,NATICUSdroid,binary,classification,matched,42,,ok,5992,1499,86,0,86,172,2.0,openml-schema,100,0,False,8.6284,0.0371,"{'n_estimators': 100, 'max_features': 'sqrt', 'min_samples_leaf': 1, 'bootstrap': True, 'random_state': 42}",0.1.6,"sqrt(p) is evaluated on each library's own representation: Weka splits on intact nominal attributes, scikit-learn/TuiML on one-hot columns.",9.2211,10.4586,1093.5,0.9352901934623082,0.9284330156198857,0.9256194387405886,0.9314924958861198,0.9256194387405886,,,,,False
weka,random_forest,NATICUSdroid,binary,classification,defaults,42,,ok,5992,1499,86,0,86,172,2.0,openml-schema,100,0,False,2.1132,0.1149,-I 100,3.9.6,"sqrt(p) is evaluated on each library's own representation: Weka splits on intact nominal attributes, scikit-learn/TuiML on one-hot columns.",7.2513,9.827,815.0,0.9279519679786524,0.9204977606663001,0.9186555197027476,0.9224475096692715,0.9186555197027476,,,,True,False
weka,random_forest,NATICUSdroid,binary,classification,matched,42,,ok,5992,1499,86,0,86,172,2.0,openml-schema,100,0,False,2.1326,0.1193,-I 100 -K 9 -depth 0 -M 1 -P 100 -S 42,3.9.6,"sqrt(p) is evaluated on each library's own representation: Weka splits on intact nominal attributes, scikit-learn/TuiML on one-hot columns.",7.8139,10.501,815.0,0.9299533022014677,0.9224595966687112,0.919317492910922,0.925915920449399,0.919317492910922,,,,True,False
sklearn,svm,NATICUSdroid,binary,classification,defaults,42,,ok,5992,1499,86,0,86,172,2.0,openml-schema,100,0,False,2.941,0.338,{},1.8.0,Both use one-vs-one for multiclass. Optimizer tolerances differ (SMO -T 1e-3 / -P 1e-12 vs libsvm tol 1e-3).,5.1231,5.0903,220.7,0.9372915276851234,0.9312310149069584,0.9319888530360809,0.930490324089412,0.9319888530360809,,,,,False
sklearn,svm,NATICUSdroid,binary,classification,matched,42,,ok,5992,1499,86,0,86,172,2.0,openml-schema,100,0,False,1.0014,0.3115,"{'C': 1.0, 'kernel': 'rbf', 'gamma': 0.023255813953488372}",1.8.0,Both use one-vs-one for multiclass. Optimizer tolerances differ (SMO -T 1e-3 / -P 1e-12 vs libsvm tol 1e-3).,2.9289,2.9238,224.1,0.9372915276851234,0.9312310149069584,0.9319888530360809,0.930490324089412,0.9319888530360809,,,,,False
tuiml,svm,NATICUSdroid,binary,classification,defaults,42,,ok,5992,1499,86,0,86,172,2.0,openml-schema,100,0,False,1.7342,0.3608,{},0.1.6,Both use one-vs-one for multiclass. Optimizer tolerances differ (SMO -T 1e-3 / -P 1e-12 vs libsvm tol 1e-3).,2.4874,2.4873,366.4,0.9372915276851234,0.9312310149069584,0.9319888530360809,0.930490324089412,0.9319888530360809,,,,,False
tuiml,svm,NATICUSdroid,binary,classification,matched,42,,ok,5992,1499,86,0,86,172,2.0,openml-schema,100,0,False,1.8413,0.3563,"{'C': 1.0, 'kernel': 'rbf', 'gamma': 0.023255813953488372}",0.1.6,Both use one-vs-one for multiclass. Optimizer tolerances differ (SMO -T 1e-3 / -P 1e-12 vs libsvm tol 1e-3).,2.5921,2.5903,366.0,0.9372915276851234,0.9312310149069584,0.9319888530360809,0.930490324089412,0.9319888530360809,,,,,False
weka,svm,NATICUSdroid,binary,classification,defaults,42,,ok,5992,1499,86,0,86,172,2.0,openml-schema,100,0,False,13.2906,0.0335,,3.9.6,Both use one-vs-one for multiclass. Optimizer tolerances differ (SMO -T 1e-3 / -P 1e-12 vs libsvm tol 1e-3).,18.4099,21.0774,460.3,0.9306204136090727,0.9240465379143686,0.9255382810208272,0.9226224464824677,0.9255382810208272,,,,True,False
weka,svm,NATICUSdroid,binary,classification,matched,42,,ok,5992,1499,86,0,86,172,2.0,openml-schema,100,0,False,17.4094,0.4675,-N 2 -C 1.0 -K weka.classifiers.functions.supportVector.RBFKernel -G 0.02325581395,3.9.6,Both use one-vs-one for multiclass. Optimizer tolerances differ (SMO -T 1e-3 / -P 1e-12 vs libsvm tol 1e-3).,23.5196,26.3311,461.8,0.9372915276851234,0.9312905704834129,0.9324278869658746,0.9301917479883581,0.9324278869658746,,,,True,False
sklearn,decision_tree,bank-marketing,binary,classification,defaults,42,,ok,36168,9043,13,5,8,37,2.0,openml-schema,100,0,False,0.3653,0.0042,{'random_state': 42},1.8.0,"C4.5 vs CART: even matched, J48 splits on gain ratio while scikit-learn/TuiML use information gain. Related algorithms, not identical ones.",1.8905,1.8805,218.5,0.8126727855800067,0.5739616727862855,0.5790673202235288,0.5701824781626355,0.5790673202235288,,,,,False
sklearn,decision_tree,bank-marketing,binary,classification,matched,42,,ok,36168,9043,13,5,8,37,2.0,openml-schema,100,0,False,0.3728,0.0036,"{'criterion': 'entropy', 'min_samples_leaf': 1, 'random_state': 42}",1.8.0,"C4.5 vs CART: even matched, J48 splits on gain ratio while scikit-learn/TuiML use information gain. Related algorithms, not identical ones.",2.1082,2.0682,215.9,0.8217405728187548,0.5832262330598016,0.5862518095720591,0.5806363136167542,0.5862518095720591,,,,,False
tuiml,decision_tree,bank-marketing,binary,classification,defaults,42,,ok,36168,9043,13,5,8,37,2.0,openml-schema,100,0,False,1.1758,0.2105,{},0.1.6,"C4.5 vs CART: even matched, J48 splits on gain ratio while scikit-learn/TuiML use information gain. Related algorithms, not identical ones.",1.7849,1.7847,335.6,0.8113457923255557,0.5738281000516908,0.5795458284851204,0.5697376671101976,0.5795458284851204,,,,,False
tuiml,decision_tree,bank-marketing,binary,classification,matched,42,,ok,36168,9043,13,5,8,37,2.0,openml-schema,100,0,False,1.2071,0.2135,"{'criterion': 'entropy', 'min_samples_leaf': 1, 'random_state': 42}",0.1.6,"C4.5 vs CART: even matched, J48 splits on gain ratio while scikit-learn/TuiML use information gain. Related algorithms, not identical ones.",1.832,1.8318,334.9,0.8225146522171846,0.5848736452955756,0.5879200485787979,0.58225743933907,0.5879200485787979,,,,,False
weka,decision_tree,bank-marketing,binary,classification,defaults,42,,ok,36168,9043,13,5,8,37,2.0,openml-schema,100,0,False,1.9401,0.0696,,3.9.6,"C4.5 vs CART: even matched, J48 splits on gain ratio while scikit-learn/TuiML use information gain. Related algorithms, not identical ones.",9.0436,11.6493,475.1,0.893177043016698,0.6123059430038292,0.5836555545428397,0.7802894377815851,0.5836555545428397,,,,True,False
weka,decision_tree,bank-marketing,binary,classification,matched,42,,ok,36168,9043,13,5,8,37,2.0,openml-schema,100,0,False,2.585,0.0722,-U -B -M 1,3.9.6,"C4.5 vs CART: even matched, J48 splits on gain ratio while scikit-learn/TuiML use information gain. Related algorithms, not identical ones.",9.3418,11.8124,540.7,0.8636514431051642,0.5995182086548242,0.5845655192332504,0.6326518164273346,0.5845655192332504,,,,True,False
sklearn,knn,bank-marketing,binary,classification,defaults,42,,ok,36168,9043,13,5,8,37,2.0,openml-schema,100,0,False,0.0061,2.0363,{'n_neighbors': 5},1.8.0,Nominal attributes contribute a distance of 1 per mismatch in Weka but sqrt(2) across the corresponding one-hot columns. Neighbour-search structure is left to each library.,3.6001,3.5632,217.8,0.8839986730067455,0.6099374208683758,0.5854278402439357,0.7062964678037611,0.5854278402439357,,,,,False
sklearn,knn,bank-marketing,binary,classification,matched,42,,ok,36168,9043,13,5,8,37,2.0,openml-schema,100,0,False,0.0055,2.0385,"{'n_neighbors': 5, 'weights': 'uniform'}",1.8.0,Nominal attributes contribute a distance of 1 per mismatch in Weka but sqrt(2) across the corresponding one-hot columns. Neighbour-search structure is left to each library.,3.5654,3.5503,217.5,0.8839986730067455,0.6099374208683758,0.5854278402439357,0.7062964678037611,0.5854278402439357,,,,,False
tuiml,knn,bank-marketing,binary,classification,defaults,42,,ok,36168,9043,13,5,8,37,2.0,openml-schema,100,0,False,0.0012,17.2085,{'k': 5},0.1.6,Nominal attributes contribute a distance of 1 per mismatch in Weka but sqrt(2) across the corresponding one-hot columns. Neighbour-search structure is left to each library.,17.5619,17.5583,330.6,0.8839986730067455,0.6099374208683758,0.5854278402439357,0.7062964678037611,0.5854278402439357,,,,,False
tuiml,knn,bank-marketing,binary,classification,matched,42,,ok,36168,9043,13,5,8,37,2.0,openml-schema,100,0,False,0.0013,21.9436,"{'k': 5, 'distance_weighting': 'uniform'}",0.1.6,Nominal attributes contribute a distance of 1 per mismatch in Weka but sqrt(2) across the corresponding one-hot columns. Neighbour-search structure is left to each library.,22.3711,22.3488,328.4,0.8839986730067455,0.6099374208683758,0.5854278402439357,0.7062964678037611,0.5854278402439357,,,,,False
weka,knn,bank-marketing,binary,classification,defaults,42,,ok,36168,9043,13,5,8,37,2.0,openml-schema,100,0,False,0.0401,17.595,-K 5,3.9.6,Nominal attributes contribute a distance of 1 per mismatch in Weka but sqrt(2) across the corresponding one-hot columns. Neighbour-search structure is left to each library.,25.763,28.0459,427.1,0.8842198385491541,0.6233158610048158,0.597032301823007,0.7080532611719224,0.597032301823007,,,,True,False
weka,knn,bank-marketing,binary,classification,matched,42,,ok,36168,9043,13,5,8,37,2.0,openml-schema,100,0,False,0.0606,19.5899,"-K 5 -A weka.core.neighboursearch.LinearNNSearch -A ""weka.core.EuclideanDistance -R first-last -D""",3.9.6,Nominal attributes contribute a distance of 1 per mismatch in Weka but sqrt(2) across the corresponding one-hot columns. Neighbour-search structure is left to each library.,26.9708,28.8872,431.6,0.8820081831250691,0.6071582919997608,0.5838907545220067,0.6952470920382098,0.5838907545220067,,,,True,False
sklearn,logistic,bank-marketing,binary,classification,defaults,42,,ok,36168,9043,13,5,8,37,2.0,openml-schema,100,0,False,0.0949,0.0008,{'max_iter': 1000},1.8.0,Ridge 0.5 in Weka/TuiML corresponds to scikit-learn's C=1.0.,1.4069,1.3943,218.5,0.8952781156695787,0.6149266297567542,0.5848452852879868,0.8036955248821501,0.5848452852879868,,,,,False
sklearn,logistic,bank-marketing,binary,classification,matched,42,,ok,36168,9043,13,5,8,37,2.0,openml-schema,100,0,False,0.1354,0.0009,"{'C': 1.0, 'max_iter': 1000}",1.8.0,Ridge 0.5 in Weka/TuiML corresponds to scikit-learn's C=1.0.,1.6283,1.619,218.7,0.8952781156695787,0.6149266297567542,0.5848452852879868,0.8036955248821501,0.5848452852879868,,,,,False
tuiml,logistic,bank-marketing,binary,classification,defaults,42,,ok,36168,9043,13,5,8,37,2.0,openml-schema,100,0,False,0.1051,0.0077,{},0.1.6,Ridge 0.5 in Weka/TuiML corresponds to scikit-learn's C=1.0.,0.538,0.5375,338.8,0.8952781156695787,0.6149266297567542,0.5848452852879868,0.8036955248821501,0.5848452852879868,,,,,False
tuiml,logistic,bank-marketing,binary,classification,matched,42,,ok,36168,9043,13,5,8,37,2.0,openml-schema,100,0,False,0.0485,0.0015,"{'ridge': 0.5, 'max_iter': 1000}",0.1.6,Ridge 0.5 in Weka/TuiML corresponds to scikit-learn's C=1.0.,0.3634,0.3623,340.9,0.8830034280659074,0.46893352125910265,0.5,0.4415017140329537,0.5,,,,,False
weka,logistic,bank-marketing,binary,classification,defaults,42,,ok,36168,9043,13,5,8,37,2.0,openml-schema,100,0,False,1.4096,0.0763,,3.9.6,Ridge 0.5 in Weka/TuiML corresponds to scikit-learn's C=1.0.,8.1902,10.1372,672.6,0.8952781156695787,0.6149266297567542,0.5848452852879868,0.8036955248821501,0.5848452852879868,,,,True,False
weka,logistic,bank-marketing,binary,classification,matched,42,,ok,36168,9043,13,5,8,37,2.0,openml-schema,100,0,False,1.4341,0.076,-R 0.5 -M 1000,3.9.6,Ridge 0.5 in Weka/TuiML corresponds to scikit-learn's C=1.0.,8.1836,10.3272,656.6,0.8952781156695787,0.6149266297567542,0.5848452852879868,0.8036955248821501,0.5848452852879868,,,,True,False
sklearn,mlp,bank-marketing,binary,classification,defaults,42,,ok,36168,9043,13,5,8,37,2.0,openml-schema,100,0,False,35.8383,0.0109,"{'max_iter': 300, 'random_state': 42}",1.8.0,"Weka updates weights per instance (online backprop); scikit-learn's SGD uses mini-batches. Same architecture and learning rate, different optimizer schedule and different divergence handling — the least matchable row in the table.",37.2432,37.1671,216.4,0.8883114010837112,0.6175115272988347,0.5899197810639751,0.7331090784560659,0.5899197810639751,,,,,False
sklearn,mlp,bank-marketing,binary,classification,matched,42,,ok,36168,9043,13,5,8,37,2.0,openml-schema,100,0,False,18.0079,0.0229,"{'hidden_layer_sizes': (100,), 'max_iter': 300, 'solver': 'sgd', 'learning_rate': 'adaptive', 'learning_rate_init': 0.05, 'momentum': 0.2, 'activation': 'logistic', 'random_state': 42}",1.8.0,"Weka updates weights per instance (online backprop); scikit-learn's SGD uses mini-batches. Same architecture and learning rate, different optimizer schedule and different divergence handling — the least matchable row in the table.",20.0808,20.0494,219.1,0.8954992812119872,0.6135937169987999,0.583740602950002,0.808647477293768,0.583740602950002,,,,,False
tuiml,mlp,bank-marketing,binary,classification,defaults,42,,ok,36168,9043,13,5,8,37,2.0,openml-schema,100,0,False,50.9347,0.0168,{},0.1.6,"Weka updates weights per instance (online backprop); scikit-learn's SGD uses mini-batches. Same architecture and learning rate, different optimizer schedule and different divergence handling — the least matchable row in the table.",51.3035,51.2412,449.2,0.8952781156695787,0.617051382923754,0.5864851748256715,0.8008991912467847,0.5864851748256715,,,,,False
tuiml,mlp,bank-marketing,binary,classification,matched,42,,ok,36168,9043,13,5,8,37,2.0,openml-schema,100,0,False,49.5256,0.0303,"{'hidden_layers': [100], 'max_epochs': 300, 'learning_rate': 0.05, 'momentum': 0.2, 'decay': True, 'activation': 'sigmoid', 'random_state': 42}",0.1.6,"Weka updates weights per instance (online backprop); scikit-learn's SGD uses mini-batches. Same architecture and learning rate, different optimizer schedule and different divergence handling — the least matchable row in the table.",49.8696,49.767,506.7,0.8879796527700984,0.5292769554587,0.5306959054844089,0.8183314674601538,0.5306959054844089,,,,,False
weka,mlp,bank-marketing,binary,classification,defaults,42,,ok,36168,9043,13,5,8,37,2.0,openml-schema,100,0,False,173.6553,0.1241,,3.9.6,"Weka updates weights per instance (online backprop); scikit-learn's SGD uses mini-batches. Same architecture and learning rate, different optimizer schedule and different divergence handling — the least matchable row in the table.",181.0022,183.4449,451.6,0.8907442220502045,0.6434747034783236,0.6117959832530986,0.7422079157697352,0.6117959832530986,,,,True,False
weka,mlp,bank-marketing,binary,classification,matched,42,,ok,36168,9043,13,5,8,37,2.0,openml-schema,100,0,False,580.4159,0.2968,-H 100 -N 300 -L 0.05 -M 0.2 -D -I -C -S 42,3.9.6,"Weka updates weights per instance (online backprop); scikit-learn's SGD uses mini-batches. Same architecture and learning rate, different optimizer schedule and different divergence handling — the least matchable row in the table.",587.531,590.7294,431.4,0.8961627778392126,0.6197621153631988,0.5882160312400495,0.8090828218314532,0.5882160312400495,,,,True,False
sklearn,naive_bayes,bank-marketing,binary,classification,defaults,42,,ok,36168,9043,13,5,8,37,2.0,openml-schema,100,0,False,0.0199,0.0027,{'alpha': 1.0},1.8.0,All three use add-one (Laplace) smoothing on discrete attributes.,1.5235,1.5198,204.3,0.8857679973460135,0.6515494944822068,0.6237372057484911,0.716092073776768,0.6237372057484911,,,,,False
sklearn,naive_bayes,bank-marketing,binary,classification,matched,42,,ok,36168,9043,13,5,8,37,2.0,openml-schema,100,0,False,0.0224,0.0028,{'alpha': 1.0},1.8.0,All three use add-one (Laplace) smoothing on discrete attributes.,1.5837,1.5741,203.1,0.8857679973460135,0.6515494944822068,0.6237372057484911,0.716092073776768,0.6237372057484911,,,,,False
tuiml,naive_bayes,bank-marketing,binary,classification,defaults,42,,ok,36168,9043,13,5,8,37,2.0,openml-schema,100,0,False,0.0188,0.0033,{'alpha': 1.0},0.1.6,All three use add-one (Laplace) smoothing on discrete attributes.,0.4955,0.4937,309.9,0.8857679973460135,0.6515494944822068,0.6237372057484911,0.716092073776768,0.6237372057484911,,,,,False
tuiml,naive_bayes,bank-marketing,binary,classification,matched,42,,ok,36168,9043,13,5,8,37,2.0,openml-schema,100,0,False,0.0109,0.003,{'alpha': 1.0},0.1.6,All three use add-one (Laplace) smoothing on discrete attributes.,0.369,0.3682,312.4,0.8857679973460135,0.6515494944822068,0.6237372057484911,0.716092073776768,0.6237372057484911,,,,,False
weka,naive_bayes,bank-marketing,binary,classification,defaults,42,,ok,36168,9043,13,5,8,37,2.0,openml-schema,100,0,False,0.0602,0.0825,,3.9.6,All three use add-one (Laplace) smoothing on discrete attributes.,7.5616,9.077,453.1,0.8857679973460135,0.6515494944822068,0.6237372057484911,0.716092073776768,0.6237372057484911,,,,True,False
weka,naive_bayes,bank-marketing,binary,classification,matched,42,,ok,36168,9043,13,5,8,37,2.0,openml-schema,100,0,False,0.0572,0.0785,,3.9.6,All three use add-one (Laplace) smoothing on discrete attributes.,7.0094,8.5727,449.4,0.8857679973460135,0.6515494944822068,0.6237372057484911,0.716092073776768,0.6237372057484911,,,,True,False
sklearn,random_forest,bank-marketing,binary,classification,defaults,42,,ok,36168,9043,13,5,8,37,2.0,openml-schema,100,0,False,5.0539,0.3056,"{'n_estimators': 100, 'random_state': 42}",1.8.0,"sqrt(p) is evaluated on each library's own representation: Weka splits on intact nominal attributes, scikit-learn/TuiML on one-hot columns.",6.7918,6.778,302.6,0.8867632422868517,0.6218247684154365,0.5943727783544998,0.7221540322868276,0.5943727783544998,,,,,False
sklearn,random_forest,bank-marketing,binary,classification,matched,42,,ok,36168,9043,13,5,8,37,2.0,openml-schema,100,0,False,5.3644,0.357,"{'n_estimators': 100, 'max_features': 'sqrt', 'min_samples_leaf': 1, 'bootstrap': True, 'random_state': 42}",1.8.0,"sqrt(p) is evaluated on each library's own representation: Weka splits on intact nominal attributes, scikit-learn/TuiML on one-hot columns.",7.2797,7.268,302.6,0.8867632422868517,0.6218247684154365,0.5943727783544998,0.7221540322868276,0.5943727783544998,,,,,False
tuiml,random_forest,bank-marketing,binary,classification,defaults,42,,ok,36168,9043,13,5,8,37,2.0,openml-schema,100,0,False,28.7578,0.1863,{'n_estimators': 100},0.1.6,"sqrt(p) is evaluated on each library's own representation: Weka splits on intact nominal attributes, scikit-learn/TuiML on one-hot columns.",29.711,32.4426,1398.1,0.8938405396439235,0.6136579030378033,0.5844412313730968,0.7867756544978284,0.5844412313730968,,,,,False
tuiml,random_forest,bank-marketing,binary,classification,matched,42,,ok,36168,9043,13,5,8,37,2.0,openml-schema,100,0,False,31.075,0.1764,"{'n_estimators': 100, 'max_features': 'sqrt', 'min_samples_leaf': 1, 'bootstrap': True, 'random_state': 42}",0.1.6,"sqrt(p) is evaluated on each library's own representation: Weka splits on intact nominal attributes, scikit-learn/TuiML on one-hot columns.",32.1052,35.8927,1548.3,0.8935087913303107,0.6100435751807886,0.5817935448436518,0.7865803334439283,0.5817935448436518,,,,,False
weka,random_forest,bank-marketing,binary,classification,defaults,42,,ok,36168,9043,13,5,8,37,2.0,openml-schema,100,0,False,8.4467,0.4508,-I 100,3.9.6,"sqrt(p) is evaluated on each library's own representation: Weka splits on intact nominal attributes, scikit-learn/TuiML on one-hot columns.",15.3502,18.5196,966.3,0.887316156142873,0.6234385107009949,0.5955058101615387,0.7253368131776061,0.5955058101615387,,,,True,False
weka,random_forest,bank-marketing,binary,classification,matched,42,,ok,36168,9043,13,5,8,37,2.0,openml-schema,100,0,False,9.7366,0.5803,-I 100 -K 3 -depth 0 -M 1 -P 100 -S 42,3.9.6,"sqrt(p) is evaluated on each library's own representation: Weka splits on intact nominal attributes, scikit-learn/TuiML on one-hot columns.",16.8917,20.1334,955.4,0.8884219838549154,0.6252782316379645,0.5965419566223531,0.7320436251654407,0.5965419566223531,,,,True,False
sklearn,svm,bank-marketing,binary,classification,defaults,42,,ok,36168,9043,13,5,8,37,2.0,openml-schema,100,0,False,284.0407,6.5668,{},1.8.0,Both use one-vs-one for multiclass. Optimizer tolerances differ (SMO -T 1e-3 / -P 1e-12 vs libsvm tol 1e-3).,292.1818,291.9929,469.9,0.8952781156695787,0.6252999961977475,0.5930447329764101,0.7912599127169571,0.5930447329764101,,,,,False
sklearn,svm,bank-marketing,binary,classification,matched,42,,ok,36168,9043,13,5,8,37,2.0,openml-schema,100,0,False,348.3721,6.4518,"{'C': 1.0, 'kernel': 'rbf', 'gamma': 0.08872901678657075}",1.8.0,Both use one-vs-one for multiclass. Optimizer tolerances differ (SMO -T 1e-3 / -P 1e-12 vs libsvm tol 1e-3).,356.2759,356.1918,473.4,0.8952781156695787,0.6252999961977475,0.5930447329764101,0.7912599127169571,0.5930447329764101,,,,,False
tuiml,svm,bank-marketing,binary,classification,defaults,42,,ok,36168,9043,13,5,8,37,2.0,openml-schema,100,0,False,130.6946,12.0665,{},0.1.6,Both use one-vs-one for multiclass. Optimizer tolerances differ (SMO -T 1e-3 / -P 1e-12 vs libsvm tol 1e-3).,143.1099,143.0502,520.6,0.8949463673559659,0.6187273766600805,0.5879372121404383,0.794635208452313,0.5879372121404383,,,,,False
tuiml,svm,bank-marketing,binary,classification,matched,42,,ok,36168,9043,13,5,8,37,2.0,openml-schema,100,0,False,133.3771,4.9584,"{'C': 1.0, 'kernel': 'rbf', 'gamma': 0.08872901678657075}",0.1.6,Both use one-vs-one for multiclass. Optimizer tolerances differ (SMO -T 1e-3 / -P 1e-12 vs libsvm tol 1e-3).,138.752,138.5696,514.5,0.8949463673559659,0.6187273766600805,0.5879372121404383,0.794635208452313,0.5879372121404383,,,,,False
weka,svm,bank-marketing,binary,classification,defaults,42,,ok,36168,9043,13,5,8,37,2.0,openml-schema,100,0,False,252.9238,0.088,,3.9.6,Both use one-vs-one for multiclass. Optimizer tolerances differ (SMO -T 1e-3 / -P 1e-12 vs libsvm tol 1e-3).,260.1762,263.8875,501.1,0.8952781156695787,0.6258026399426398,0.5934547053608313,0.7907285248625375,0.5934547053608313,,,,True,False
sklearn,decision_tree,blood-transfusion-service-center,binary,classification,defaults,42,,ok,598,150,4,4,0,4,2.0,openml-schema,100,0,False,0.0023,0.0002,{'random_state': 42},1.8.0,"C4.5 vs CART: even matched, J48 splits on gain ratio while scikit-learn/TuiML use information gain. Related algorithms, not identical ones.",1.1217,1.1125,182.0,0.68,0.5527950310559007,0.5519005847953217,0.5540060851926978,0.5519005847953217,,,,,False
sklearn,decision_tree,blood-transfusion-service-center,binary,classification,matched,42,,ok,598,150,4,4,0,4,2.0,openml-schema,100,0,False,0.0034,0.0004,"{'criterion': 'entropy', 'min_samples_leaf': 1, 'random_state': 42}",1.8.0,"C4.5 vs CART: even matched, J48 splits on gain ratio while scikit-learn/TuiML use information gain. Related algorithms, not identical ones.",1.4543,1.4422,182.0,0.7066666666666667,0.5527243155326647,0.5504385964912281,0.5642059553349876,0.5504385964912281,,,,,False
tuiml,decision_tree,blood-transfusion-service-center,binary,classification,defaults,42,,ok,598,150,4,4,0,4,2.0,openml-schema,100,0,False,0.0043,0.0014,{},0.1.6,"C4.5 vs CART: even matched, J48 splits on gain ratio while scikit-learn/TuiML use information gain. Related algorithms, not identical ones.",0.0986,0.0986,289.0,0.68,0.5527950310559007,0.5519005847953217,0.5540060851926978,0.5519005847953217,,,,,False
tuiml,decision_tree,blood-transfusion-service-center,binary,classification,matched,42,,ok,598,150,4,4,0,4,2.0,openml-schema,100,0,False,0.0045,0.0014,"{'criterion': 'entropy', 'min_samples_leaf': 1, 'random_state': 42}",0.1.6,"C4.5 vs CART: even matched, J48 splits on gain ratio while scikit-learn/TuiML use information gain. Related algorithms, not identical ones.",0.0879,0.0875,288.7,0.72,0.5828919491525424,0.5782163742690059,0.5939695550351288,0.5782163742690059,,,,,False
weka,decision_tree,blood-transfusion-service-center,binary,classification,defaults,42,,ok,598,150,4,4,0,4,2.0,openml-schema,100,0,False,0.0359,0.0033,,3.9.6,"C4.5 vs CART: even matched, J48 splits on gain ratio while scikit-learn/TuiML use information gain. Related algorithms, not identical ones.",1.8843,2.7095,300.6,0.7733333333333333,0.6160794941282746,0.6038011695906433,0.6792929292929293,0.6038011695906433,,,,True,False
weka,decision_tree,blood-transfusion-service-center,binary,classification,matched,42,,ok,598,150,4,4,0,4,2.0,openml-schema,100,0,False,0.1225,0.0037,-U -B -M 1,3.9.6,"C4.5 vs CART: even matched, J48 splits on gain ratio while scikit-learn/TuiML use information gain. Related algorithms, not identical ones.",2.3943,3.3755,301.6,0.7666666666666667,0.6103896103896104,0.5994152046783625,0.663921253515468,0.5994152046783625,,,,True,False
sklearn,knn,blood-transfusion-service-center,binary,classification,defaults,42,,ok,598,150,4,4,0,4,2.0,openml-schema,100,0,False,0.0012,0.0023,{'n_neighbors': 5},1.8.0,Nominal attributes contribute a distance of 1 per mismatch in Weka but sqrt(2) across the corresponding one-hot columns. Neighbour-search structure is left to each library.,1.2503,1.2459,180.0,0.7733333333333333,0.6458333333333333,0.6323099415204678,0.6795634920634921,0.6323099415204678,,,,,False
sklearn,knn,blood-transfusion-service-center,binary,classification,matched,42,,ok,598,150,4,4,0,4,2.0,openml-schema,100,0,False,0.001,0.0022,"{'n_neighbors': 5, 'weights': 'uniform'}",1.8.0,Nominal attributes contribute a distance of 1 per mismatch in Weka but sqrt(2) across the corresponding one-hot columns. Neighbour-search structure is left to each library.,1.1038,1.0986,180.0,0.7733333333333333,0.6458333333333333,0.6323099415204678,0.6795634920634921,0.6323099415204678,,,,,False
tuiml,knn,blood-transfusion-service-center,binary,classification,defaults,42,,ok,598,150,4,4,0,4,2.0,openml-schema,100,0,False,0.0001,0.0013,{'k': 5},0.1.6,Nominal attributes contribute a distance of 1 per mismatch in Weka but sqrt(2) across the corresponding one-hot columns. Neighbour-search structure is left to each library.,0.085,0.0849,289.0,0.7666666666666667,0.6307757226246571,0.618421052631579,0.6663813762410133,0.618421052631579,,,,,False
tuiml,knn,blood-transfusion-service-center,binary,classification,matched,42,,ok,598,150,4,4,0,4,2.0,openml-schema,100,0,False,0.0001,0.0011,"{'k': 5, 'distance_weighting': 'uniform'}",0.1.6,Nominal attributes contribute a distance of 1 per mismatch in Weka but sqrt(2) across the corresponding one-hot columns. Neighbour-search structure is left to each library.,0.0854,0.0854,290.0,0.7666666666666667,0.6307757226246571,0.618421052631579,0.6663813762410133,0.618421052631579,,,,,False
weka,knn,blood-transfusion-service-center,binary,classification,defaults,42,,ok,598,150,4,4,0,4,2.0,openml-schema,100,0,False,0.0024,0.0439,-K 5,3.9.6,Nominal attributes contribute a distance of 1 per mismatch in Weka but sqrt(2) across the corresponding one-hot columns. Neighbour-search structure is left to each library.,2.4755,3.301,295.7,0.7733333333333333,0.6366486178398404,0.6228070175438596,0.6789772727272727,0.6228070175438596,,,,True,False
weka,knn,blood-transfusion-service-center,binary,classification,matched,42,,ok,598,150,4,4,0,4,2.0,openml-schema,100,0,False,0.003,0.051,"-K 5 -A weka.core.neighboursearch.LinearNNSearch -A ""weka.core.EuclideanDistance -R first-last -D""",3.9.6,Nominal attributes contribute a distance of 1 per mismatch in Weka but sqrt(2) across the corresponding one-hot columns. Neighbour-search structure is left to each library.,2.0699,3.0505,298.4,0.7733333333333333,0.6366486178398404,0.6228070175438596,0.6789772727272727,0.6228070175438596,,,,True,False
sklearn,logistic,blood-transfusion-service-center,binary,classification,defaults,42,,ok,598,150,4,4,0,4,2.0,openml-schema,100,0,False,0.0027,0.0002,{'max_iter': 1000},1.8.0,Ridge 0.5 in Weka/TuiML corresponds to scikit-learn's C=1.0.,1.0888,1.08,180.0,0.7733333333333333,0.5472301136363636,0.5562865497076024,0.7033450704225352,0.5562865497076024,,,,,False
sklearn,logistic,blood-transfusion-service-center,binary,classification,matched,42,,ok,598,150,4,4,0,4,2.0,openml-schema,100,0,False,0.0028,0.0001,"{'C': 1.0, 'max_iter': 1000}",1.8.0,Ridge 0.5 in Weka/TuiML corresponds to scikit-learn's C=1.0.,1.0995,1.094,180.0,0.7733333333333333,0.5472301136363636,0.5562865497076024,0.7033450704225352,0.5562865497076024,,,,,False
tuiml,logistic,blood-transfusion-service-center,binary,classification,defaults,42,,ok,598,150,4,4,0,4,2.0,openml-schema,100,0,False,0.0022,0.0001,{},0.1.6,Ridge 0.5 in Weka/TuiML corresponds to scikit-learn's C=1.0.,0.071,0.0709,290.0,0.7733333333333333,0.5472301136363636,0.5562865497076024,0.7033450704225352,0.5562865497076024,,,,,False
tuiml,logistic,blood-transfusion-service-center,binary,classification,matched,42,,ok,598,150,4,4,0,4,2.0,openml-schema,100,0,False,0.0032,0.0001,"{'ridge': 0.5, 'max_iter': 1000}",0.1.6,Ridge 0.5 in Weka/TuiML corresponds to scikit-learn's C=1.0.,0.078,0.078,288.0,0.76,0.4318181818181818,0.5,0.38,0.5,,,,,False
weka,logistic,blood-transfusion-service-center,binary,classification,defaults,42,,ok,598,150,4,4,0,4,2.0,openml-schema,100,0,False,0.036,0.0029,,3.9.6,Ridge 0.5 in Weka/TuiML corresponds to scikit-learn's C=1.0.,2.0218,2.7965,293.0,0.7733333333333333,0.5472301136363636,0.5562865497076024,0.7033450704225352,0.5562865497076024,,,,True,False
weka,logistic,blood-transfusion-service-center,binary,classification,matched,42,,ok,598,150,4,4,0,4,2.0,openml-schema,100,0,False,0.0346,0.003,-R 0.5 -M 1000,3.9.6,Ridge 0.5 in Weka/TuiML corresponds to scikit-learn's C=1.0.,2.0045,2.7436,286.0,0.7733333333333333,0.5472301136363636,0.5562865497076024,0.7033450704225352,0.5562865497076024,,,,True,False
sklearn,mlp,blood-transfusion-service-center,binary,classification,defaults,42,,ok,598,150,4,4,0,4,2.0,openml-schema,100,0,False,0.2451,0.0004,"{'max_iter': 300, 'random_state': 42}",1.8.0,"Weka updates weights per instance (online backprop); scikit-learn's SGD uses mini-batches. Same architecture and learning rate, different optimizer schedule and different divergence handling — the least matchable row in the table.",1.4319,1.4215,181.0,0.8066666666666666,0.6771799628942486,0.6542397660818713,0.75431900361591,0.6542397660818713,,,,,False
sklearn,mlp,blood-transfusion-service-center,binary,classification,matched,42,,ok,598,150,4,4,0,4,2.0,openml-schema,100,0,False,0.5035,0.0009,"{'hidden_layer_sizes': (100,), 'max_iter': 300, 'solver': 'sgd', 'learning_rate': 'adaptive', 'learning_rate_init': 0.05, 'momentum': 0.2, 'activation': 'logistic', 'random_state': 42}",1.8.0,"Weka updates weights per instance (online backprop); scikit-learn's SGD uses mini-batches. Same architecture and learning rate, different optimizer schedule and different divergence handling — the least matchable row in the table.",1.6071,1.5988,181.0,0.78,0.5137046861184793,0.5416666666666666,0.8877551020408163,0.5416666666666666,,,,,False
tuiml,mlp,blood-transfusion-service-center,binary,classification,defaults,42,,ok,598,150,4,4,0,4,2.0,openml-schema,100,0,False,0.3048,0.0001,{},0.1.6,"Weka updates weights per instance (online backprop); scikit-learn's SGD uses mini-batches. Same architecture and learning rate, different optimizer schedule and different divergence handling — the least matchable row in the table.",0.3838,0.3795,292.0,0.8133333333333334,0.6926229508196722,0.6681286549707602,0.7653846153846153,0.6681286549707602,,,,,False
tuiml,mlp,blood-transfusion-service-center,binary,classification,matched,42,,ok,598,150,4,4,0,4,2.0,openml-schema,100,0,False,0.514,0.0007,"{'hidden_layers': [100], 'max_epochs': 300, 'learning_rate': 0.05, 'momentum': 0.2, 'decay': True, 'activation': 'sigmoid', 'random_state': 42}",0.1.6,"Weka updates weights per instance (online backprop); scikit-learn's SGD uses mini-batches. Same architecture and learning rate, different optimizer schedule and different divergence handling — the least matchable row in the table.",0.645,0.6449,291.2,0.7666666666666667,0.4604871030726544,0.5138888888888888,0.8825503355704698,0.5138888888888888,,,,,False
weka,mlp,blood-transfusion-service-center,binary,classification,defaults,42,,ok,598,150,4,4,0,4,2.0,openml-schema,100,0,False,0.3001,0.0023,,3.9.6,"Weka updates weights per instance (online backprop); scikit-learn's SGD uses mini-batches. Same architecture and learning rate, different optimizer schedule and different divergence handling — the least matchable row in the table.",2.109,3.0949,297.7,0.78,0.5520767351370917,0.560672514619883,0.7487512487512488,0.560672514619883,,,,True,False
weka,mlp,blood-transfusion-service-center,binary,classification,matched,42,,ok,598,150,4,4,0,4,2.0,openml-schema,100,0,False,2.3198,0.0064,-H 100 -N 300 -L 0.05 -M 0.2 -D -I -C -S 42,3.9.6,"Weka updates weights per instance (online backprop); scikit-learn's SGD uses mini-batches. Same architecture and learning rate, different optimizer schedule and different divergence handling — the least matchable row in the table.",4.0924,5.054,299.5,0.7666666666666667,0.4604871030726544,0.5138888888888888,0.8825503355704698,0.5138888888888888,,,,True,False
sklearn,naive_bayes,blood-transfusion-service-center,binary,classification,defaults,42,,ok,598,150,4,4,0,4,2.0,openml-schema,100,0,False,0.0025,0.0002,{'alpha': 1.0},1.8.0,All three use add-one (Laplace) smoothing on discrete attributes.,1.0942,1.0846,180.0,0.7466666666666667,0.6527777777777778,0.6527777777777778,0.6527777777777778,0.6527777777777778,,,,,False
sklearn,naive_bayes,blood-transfusion-service-center,binary,classification,matched,42,,ok,598,150,4,4,0,4,2.0,openml-schema,100,0,False,0.0022,0.0002,{'alpha': 1.0},1.8.0,All three use add-one (Laplace) smoothing on discrete attributes.,1.1154,1.1054,179.0,0.7466666666666667,0.6527777777777778,0.6527777777777778,0.6527777777777778,0.6527777777777778,,,,,False
tuiml,naive_bayes,blood-transfusion-service-center,binary,classification,defaults,42,,ok,598,150,4,4,0,4,2.0,openml-schema,100,0,False,0.0004,0.0001,{'alpha': 1.0},0.1.6,All three use add-one (Laplace) smoothing on discrete attributes.,0.0839,0.084,289.0,0.7466666666666667,0.6527777777777778,0.6527777777777778,0.6527777777777778,0.6527777777777778,,,,,False
tuiml,naive_bayes,blood-transfusion-service-center,binary,classification,matched,42,,ok,598,150,4,4,0,4,2.0,openml-schema,100,0,False,0.0006,0.0002,{'alpha': 1.0},0.1.6,All three use add-one (Laplace) smoothing on discrete attributes.,0.1252,0.125,287.0,0.7466666666666667,0.6527777777777778,0.6527777777777778,0.6527777777777778,0.6527777777777778,,,,,False
weka,naive_bayes,blood-transfusion-service-center,binary,classification,defaults,42,,ok,598,150,4,4,0,4,2.0,openml-schema,100,0,False,0.004,0.0022,,3.9.6,All three use add-one (Laplace) smoothing on discrete attributes.,1.7781,2.551,298.3,0.7466666666666667,0.6527777777777778,0.6527777777777778,0.6527777777777778,0.6527777777777778,,,,True,False
weka,naive_bayes,blood-transfusion-service-center,binary,classification,matched,42,,ok,598,150,4,4,0,4,2.0,openml-schema,100,0,False,0.004,0.0021,,3.9.6,All three use add-one (Laplace) smoothing on discrete attributes.,2.4222,3.2251,294.7,0.7466666666666667,0.6527777777777778,0.6527777777777778,0.6527777777777778,0.6527777777777778,,,,True,False
sklearn,random_forest,blood-transfusion-service-center,binary,classification,defaults,42,,ok,598,150,4,4,0,4,2.0,openml-schema,100,0,False,0.1704,0.0114,"{'n_estimators': 100, 'random_state': 42}",1.8.0,"sqrt(p) is evaluated on each library's own representation: Weka splits on intact nominal attributes, scikit-learn/TuiML on one-hot columns.",1.4504,1.4417,185.0,0.7466666666666667,0.6309246309246309,0.6242690058479532,0.6416666666666666,0.6242690058479532,,,,,False
sklearn,random_forest,blood-transfusion-service-center,binary,classification,matched,42,,ok,598,150,4,4,0,4,2.0,openml-schema,100,0,False,0.1672,0.0107,"{'n_estimators': 100, 'max_features': 'sqrt', 'min_samples_leaf': 1, 'bootstrap': True, 'random_state': 42}",1.8.0,"sqrt(p) is evaluated on each library's own representation: Weka splits on intact nominal attributes, scikit-learn/TuiML on one-hot columns.",1.3447,1.3332,184.0,0.7466666666666667,0.6309246309246309,0.6242690058479532,0.6416666666666666,0.6242690058479532,,,,,False
tuiml,random_forest,blood-transfusion-service-center,binary,classification,defaults,42,,ok,598,150,4,4,0,4,2.0,openml-schema,100,0,False,0.4302,0.0051,{'n_estimators': 100},0.1.6,"sqrt(p) is evaluated on each library's own representation: Weka splits on intact nominal attributes, scikit-learn/TuiML on one-hot columns.",0.5464,0.5766,295.0,0.76,0.625,0.6140350877192983,0.6547619047619048,0.6140350877192983,,,,,False
tuiml,random_forest,blood-transfusion-service-center,binary,classification,matched,42,,ok,598,150,4,4,0,4,2.0,openml-schema,100,0,False,0.3011,0.0037,"{'n_estimators': 100, 'max_features': 'sqrt', 'min_samples_leaf': 1, 'bootstrap': True, 'random_state': 42}",0.1.6,"sqrt(p) is evaluated on each library's own representation: Weka splits on intact nominal attributes, scikit-learn/TuiML on one-hot columns.",0.3953,0.4137,298.0,0.76,0.6340471672539983,0.6235380116959064,0.657258064516129,0.6235380116959064,,,,,False
weka,random_forest,blood-transfusion-service-center,binary,classification,defaults,42,,ok,598,150,4,4,0,4,2.0,openml-schema,100,0,False,0.3558,0.0329,-I 100,3.9.6,"sqrt(p) is evaluated on each library's own representation: Weka splits on intact nominal attributes, scikit-learn/TuiML on one-hot columns.",2.7468,4.1526,322.7,0.7466666666666667,0.6226165254237288,0.6147660818713451,0.6378805620608899,0.6147660818713451,,,,True,False
weka,random_forest,blood-transfusion-service-center,binary,classification,matched,42,,ok,598,150,4,4,0,4,2.0,openml-schema,100,0,False,0.3263,0.031,-I 100 -K 2 -depth 0 -M 1 -P 100 -S 42,3.9.6,"sqrt(p) is evaluated on each library's own representation: Weka splits on intact nominal attributes, scikit-learn/TuiML on one-hot columns.",2.3082,3.6559,312.2,0.7466666666666667,0.6309246309246309,0.6242690058479532,0.6416666666666666,0.6242690058479532,,,,True,False
sklearn,svm,blood-transfusion-service-center,binary,classification,defaults,42,,ok,598,150,4,4,0,4,2.0,openml-schema,100,0,False,0.0095,0.0027,{},1.8.0,Both use one-vs-one for multiclass. Optimizer tolerances differ (SMO -T 1e-3 / -P 1e-12 vs libsvm tol 1e-3).,1.1806,1.1669,181.0,0.7866666666666666,0.5738636363636364,0.5745614035087719,0.7693661971830985,0.5745614035087719,,,,,False
sklearn,svm,blood-transfusion-service-center,binary,classification,matched,42,,ok,598,150,4,4,0,4,2.0,openml-schema,100,0,False,0.0099,0.0026,"{'C': 1.0, 'kernel': 'rbf', 'gamma': 0.25000000000000006}",1.8.0,Both use one-vs-one for multiclass. Optimizer tolerances differ (SMO -T 1e-3 / -P 1e-12 vs libsvm tol 1e-3).,1.1871,1.1782,181.0,0.7866666666666666,0.5738636363636364,0.5745614035087719,0.7693661971830985,0.5745614035087719,,,,,False
tuiml,svm,blood-transfusion-service-center,binary,classification,defaults,42,,ok,598,150,4,4,0,4,2.0,openml-schema,100,0,False,0.0097,0.0007,{},0.1.6,Both use one-vs-one for multiclass. Optimizer tolerances differ (SMO -T 1e-3 / -P 1e-12 vs libsvm tol 1e-3).,0.1078,0.1079,287.7,0.7866666666666666,0.5738636363636364,0.5745614035087719,0.7693661971830985,0.5745614035087719,,,,,False
tuiml,svm,blood-transfusion-service-center,binary,classification,matched,42,,ok,598,150,4,4,0,4,2.0,openml-schema,100,0,False,0.0106,0.0007,"{'C': 1.0, 'kernel': 'rbf', 'gamma': 0.25000000000000006}",0.1.6,Both use one-vs-one for multiclass. Optimizer tolerances differ (SMO -T 1e-3 / -P 1e-12 vs libsvm tol 1e-3).,0.0797,0.0797,288.5,0.7866666666666666,0.5738636363636364,0.5745614035087719,0.7693661971830985,0.5745614035087719,,,,,False
weka,svm,blood-transfusion-service-center,binary,classification,defaults,42,,ok,598,150,4,4,0,4,2.0,openml-schema,100,0,False,0.0541,0.0034,,3.9.6,Both use one-vs-one for multiclass. Optimizer tolerances differ (SMO -T 1e-3 / -P 1e-12 vs libsvm tol 1e-3).,2.0753,2.8101,299.0,0.76,0.4318181818181818,0.5,0.38,0.5,,,,True,False
weka,svm,blood-transfusion-service-center,binary,classification,matched,42,,ok,598,150,4,4,0,4,2.0,openml-schema,100,0,False,0.2033,0.0099,-N 2 -C 1.0 -K weka.classifiers.functions.supportVector.RBFKernel -G 0.25,3.9.6,Both use one-vs-one for multiclass. Optimizer tolerances differ (SMO -T 1e-3 / -P 1e-12 vs libsvm tol 1e-3).,2.2828,3.4064,299.1,0.7866666666666666,0.5738636363636364,0.5745614035087719,0.7693661971830985,0.5745614035087719,,,,True,False
sklearn,decision_tree,churn,binary,classification,defaults,42,,ok,4000,1000,19,15,4,73,2.0,openml-schema,100,0,False,0.0872,0.0007,{'random_state': 42},1.8.0,"C4.5 vs CART: even matched, J48 splits on gain ratio while scikit-learn/TuiML use information gain. Related algorithms, not identical ones.",1.2967,1.2883,188.9,0.918,0.8336902907580478,0.8396370511645572,0.8280658101458638,0.8396370511645572,,,,,False
sklearn,decision_tree,churn,binary,classification,matched,42,,ok,4000,1000,19,15,4,73,2.0,openml-schema,100,0,False,0.077,0.0007,"{'criterion': 'entropy', 'min_samples_leaf': 1, 'random_state': 42}",1.8.0,"C4.5 vs CART: even matched, J48 splits on gain ratio while scikit-learn/TuiML use information gain. Related algorithms, not identical ones.",1.2919,1.2822,187.8,0.925,0.8465551634187509,0.8496396106308671,0.8435552959501558,0.8496396106308671,,,,,False
tuiml,decision_tree,churn,binary,classification,defaults,42,,ok,4000,1000,19,15,4,73,2.0,openml-schema,100,0,False,0.1841,0.016,{},0.1.6,"C4.5 vs CART: even matched, J48 splits on gain ratio while scikit-learn/TuiML use information gain. Related algorithms, not identical ones.",0.3472,0.3472,294.1,0.922,0.8408825713376472,0.844929366986187,0.8369832627545877,0.844929366986187,,,,,False
tuiml,decision_tree,churn,binary,classification,matched,42,,ok,4000,1000,19,15,4,73,2.0,openml-schema,100,0,False,0.1337,0.0116,"{'criterion': 'entropy', 'min_samples_leaf': 1, 'random_state': 42}",0.1.6,"C4.5 vs CART: even matched, J48 splits on gain ratio while scikit-learn/TuiML use information gain. Related algorithms, not identical ones.",0.2656,0.2656,297.9,0.929,0.8530139388330963,0.8519678993386669,0.8540697674418605,0.8519678993386669,,,,,False
weka,decision_tree,churn,binary,classification,defaults,42,,ok,4000,1000,19,15,4,73,2.0,openml-schema,100,0,False,0.2505,0.0098,,3.9.6,"C4.5 vs CART: even matched, J48 splits on gain ratio while scikit-learn/TuiML use information gain. Related algorithms, not identical ones.",2.7802,4.0844,304.6,0.947,0.8824622604059709,0.8565171442961055,0.914898727852723,0.8565171442961055,,,,True,False
weka,decision_tree,churn,binary,classification,matched,42,,ok,4000,1000,19,15,4,73,2.0,openml-schema,100,0,False,0.5468,0.0132,-U -B -M 1,3.9.6,"C4.5 vs CART: even matched, J48 splits on gain ratio while scikit-learn/TuiML use information gain. Related algorithms, not identical ones.",3.1916,4.8079,301.5,0.912,0.8274509803921568,0.8450366994443481,0.8125247720967103,0.8450366994443481,,,,True,False
sklearn,knn,churn,binary,classification,defaults,42,,ok,4000,1000,19,15,4,73,2.0,openml-schema,100,0,False,0.002,0.0626,{'n_neighbors': 5},1.8.0,Nominal attributes contribute a distance of 1 per mismatch in Weka but sqrt(2) across the corresponding one-hot columns. Neighbour-search structure is left to each library.,1.5371,1.5245,188.9,0.897,0.6932469659742387,0.643643854391136,0.9136078356789654,0.643643854391136,,,,,False
sklearn,knn,churn,binary,classification,matched,42,,ok,4000,1000,19,15,4,73,2.0,openml-schema,100,0,False,0.0047,0.0633,"{'n_neighbors': 5, 'weights': 'uniform'}",1.8.0,Nominal attributes contribute a distance of 1 per mismatch in Weka but sqrt(2) across the corresponding one-hot columns. Neighbour-search structure is left to each library.,1.509,1.477,188.9,0.897,0.6932469659742387,0.643643854391136,0.9136078356789654,0.643643854391136,,,,,False
tuiml,knn,churn,binary,classification,defaults,42,,ok,4000,1000,19,15,4,73,2.0,openml-schema,100,0,False,0.0002,0.3011,{'k': 5},0.1.6,Nominal attributes contribute a distance of 1 per mismatch in Weka but sqrt(2) across the corresponding one-hot columns. Neighbour-search structure is left to each library.,0.434,0.4326,298.2,0.897,0.6932469659742387,0.643643854391136,0.9136078356789654,0.643643854391136,,,,,False
tuiml,knn,churn,binary,classification,matched,42,,ok,4000,1000,19,15,4,73,2.0,openml-schema,100,0,False,0.0003,0.3084,"{'k': 5, 'distance_weighting': 'uniform'}",0.1.6,Nominal attributes contribute a distance of 1 per mismatch in Weka but sqrt(2) across the corresponding one-hot columns. Neighbour-search structure is left to each library.,0.4466,0.4461,299.4,0.897,0.6932469659742387,0.643643854391136,0.9136078356789654,0.643643854391136,,,,,False
weka,knn,churn,binary,classification,defaults,42,,ok,4000,1000,19,15,4,73,2.0,openml-schema,100,0,False,0.0076,0.6013,-K 5,3.9.6,Nominal attributes contribute a distance of 1 per mismatch in Weka but sqrt(2) across the corresponding one-hot columns. Neighbour-search structure is left to each library.,3.7831,5.0806,294.2,0.86,0.5726495726495726,0.559862614453554,0.6934550014674885,0.559862614453554,,,,True,False
weka,knn,churn,binary,classification,matched,42,,ok,4000,1000,19,15,4,73,2.0,openml-schema,100,0,False,0.0074,0.4201,"-K 5 -A weka.core.neighboursearch.LinearNNSearch -A ""weka.core.EuclideanDistance -R first-last -D""",3.9.6,Nominal attributes contribute a distance of 1 per mismatch in Weka but sqrt(2) across the corresponding one-hot columns. Neighbour-search structure is left to each library.,3.2468,4.5091,289.6,0.9,0.7119284660766961,0.6602102064911368,0.9009277051178743,0.6602102064911368,,,,True,False
sklearn,logistic,churn,binary,classification,defaults,42,,ok,4000,1000,19,15,4,73,2.0,openml-schema,100,0,False,0.0208,0.0003,{'max_iter': 1000},1.8.0,Ridge 0.5 in Weka/TuiML corresponds to scikit-learn's C=1.0.,1.1215,1.1173,190.2,0.866,0.6342635049565484,0.6078154542227066,0.7212142772441599,0.6078154542227066,,,,,False
sklearn,logistic,churn,binary,classification,matched,42,,ok,4000,1000,19,15,4,73,2.0,openml-schema,100,0,False,0.0212,0.0005,"{'C': 1.0, 'max_iter': 1000}",1.8.0,Ridge 0.5 in Weka/TuiML corresponds to scikit-learn's C=1.0.,1.3527,1.3417,188.4,0.866,0.6342635049565484,0.6078154542227066,0.7212142772441599,0.6078154542227066,,,,,False
tuiml,logistic,churn,binary,classification,defaults,42,,ok,4000,1000,19,15,4,73,2.0,openml-schema,100,0,False,0.0129,0.0004,{},0.1.6,Ridge 0.5 in Weka/TuiML corresponds to scikit-learn's C=1.0.,0.129,0.1289,300.3,0.865,0.6299250803884964,0.6042693549319265,0.717157301052342,0.6042693549319265,,,,,False
tuiml,logistic,churn,binary,classification,matched,42,,ok,4000,1000,19,15,4,73,2.0,openml-schema,100,0,False,0.0081,0.0003,"{'ridge': 0.5, 'max_iter': 1000}",0.1.6,Ridge 0.5 in Weka/TuiML corresponds to scikit-learn's C=1.0.,0.121,0.1209,298.8,0.859,0.46207638515330823,0.5,0.4295,0.5,,,,,False
weka,logistic,churn,binary,classification,defaults,42,,ok,4000,1000,19,15,4,73,2.0,openml-schema,100,0,False,0.6414,0.0134,,3.9.6,Ridge 0.5 in Weka/TuiML corresponds to scikit-learn's C=1.0.,3.693,5.5281,339.7,0.867,0.6354076717901483,0.6083975263996565,0.725754866221886,0.6083975263996565,,,,True,False
weka,logistic,churn,binary,classification,matched,42,,ok,4000,1000,19,15,4,73,2.0,openml-schema,100,0,False,0.4575,0.0285,-R 0.5 -M 1000,3.9.6,Ridge 0.5 in Weka/TuiML corresponds to scikit-learn's C=1.0.,3.1918,4.7168,313.8,0.865,0.6299250803884964,0.6042693549319265,0.717157301052342,0.6042693549319265,,,,True,False
sklearn,mlp,churn,binary,classification,defaults,42,,ok,4000,1000,19,15,4,73,2.0,openml-schema,100,0,False,4.602,0.0038,"{'max_iter': 300, 'random_state': 42}",1.8.0,"Weka updates weights per instance (online backprop); scikit-learn's SGD uses mini-batches. Same architecture and learning rate, different optimizer schedule and different divergence handling — the least matchable row in the table.",5.7442,5.7365,188.5,0.913,0.8070606916098013,0.7863382293446941,0.8332276413390214,0.7863382293446941,,,,,False
sklearn,mlp,churn,binary,classification,matched,42,,ok,4000,1000,19,15,4,73,2.0,openml-schema,100,0,False,4.1894,0.0026,"{'hidden_layer_sizes': (100,), 'max_iter': 300, 'solver': 'sgd', 'learning_rate': 'adaptive', 'learning_rate_init': 0.05, 'momentum': 0.2, 'activation': 'logistic', 'random_state': 42}",1.8.0,"Weka updates weights per instance (online backprop); scikit-learn's SGD uses mini-batches. Same architecture and learning rate, different optimizer schedule and different divergence handling — the least matchable row in the table.",5.6957,5.6506,190.2,0.871,0.6334966972086086,0.6047977608797959,0.748473103124266,0.6047977608797959,,,,,False
tuiml,mlp,churn,binary,classification,defaults,42,,ok,4000,1000,19,15,4,73,2.0,openml-schema,100,0,False,4.3752,0.0023,{},0.1.6,"Weka updates weights per instance (online backprop); scikit-learn's SGD uses mini-batches. Same architecture and learning rate, different optimizer schedule and different divergence handling — the least matchable row in the table.",4.5011,4.4991,313.6,0.904,0.7905320485965648,0.7751715255244842,0.8089662652612843,0.7751715255244842,,,,,False
tuiml,mlp,churn,binary,classification,matched,42,,ok,4000,1000,19,15,4,73,2.0,openml-schema,100,0,False,5.0495,0.0037,"{'hidden_layers': [100], 'max_epochs': 300, 'learning_rate': 0.05, 'momentum': 0.2, 'decay': True, 'activation': 'sigmoid', 'random_state': 42}",0.1.6,"Weka updates weights per instance (online backprop); scikit-learn's SGD uses mini-batches. Same architecture and learning rate, different optimizer schedule and different divergence handling — the least matchable row in the table.",5.1729,5.1539,318.0,0.86,0.48279174240073297,0.5094741535184405,0.7306532663316583,0.5094741535184405,,,,,False
weka,mlp,churn,binary,classification,defaults,42,,ok,4000,1000,19,15,4,73,2.0,openml-schema,100,0,False,71.4917,0.0311,,3.9.6,"Weka updates weights per instance (online backprop); scikit-learn's SGD uses mini-batches. Same architecture and learning rate, different optimizer schedule and different divergence handling — the least matchable row in the table.",74.4795,76.1809,301.5,0.889,0.7220657276995306,0.6864117107968196,0.7934341859014349,0.6864117107968196,,,,True,False
weka,mlp,churn,binary,classification,matched,42,,ok,4000,1000,19,15,4,73,2.0,openml-schema,100,0,False,131.6387,0.0638,-H 100 -N 300 -L 0.05 -M 0.2 -D -I -C -S 42,3.9.6,"Weka updates weights per instance (online backprop); scikit-learn's SGD uses mini-batches. Same architecture and learning rate, different optimizer schedule and different divergence handling — the least matchable row in the table.",134.5276,136.0374,291.4,0.906,0.7478107829670331,0.6963069378049687,0.8803570571579402,0.6963069378049687,,,,True,False
sklearn,naive_bayes,churn,binary,classification,defaults,42,,ok,4000,1000,19,15,4,73,2.0,openml-schema,100,0,False,0.0052,0.0006,{'alpha': 1.0},1.8.0,All three use add-one (Laplace) smoothing on discrete attributes.,1.2188,1.2144,185.2,0.868,0.6982857142857143,0.6801162493085313,0.724626489152483,0.6801162493085313,,,,,False
sklearn,naive_bayes,churn,binary,classification,matched,42,,ok,4000,1000,19,15,4,73,2.0,openml-schema,100,0,False,0.005,0.0006,{'alpha': 1.0},1.8.0,All three use add-one (Laplace) smoothing on discrete attributes.,1.1348,1.1262,185.2,0.868,0.6982857142857143,0.6801162493085313,0.724626489152483,0.6801162493085313,,,,,False
tuiml,naive_bayes,churn,binary,classification,defaults,42,,ok,4000,1000,19,15,4,73,2.0,openml-schema,100,0,False,0.0063,0.0008,{'alpha': 1.0},0.1.6,All three use add-one (Laplace) smoothing on discrete attributes.,0.1373,0.1325,291.7,0.868,0.6982857142857143,0.6801162493085313,0.724626489152483,0.6801162493085313,,,,,False
tuiml,naive_bayes,churn,binary,classification,matched,42,,ok,4000,1000,19,15,4,73,2.0,openml-schema,100,0,False,0.0025,0.0008,{'alpha': 1.0},0.1.6,All three use add-one (Laplace) smoothing on discrete attributes.,0.1451,0.1452,295.4,0.868,0.6982857142857143,0.6801162493085313,0.724626489152483,0.6801162493085313,,,,,False
weka,naive_bayes,churn,binary,classification,defaults,42,,ok,4000,1000,19,15,4,73,2.0,openml-schema,100,0,False,0.0245,0.0151,,3.9.6,All three use add-one (Laplace) smoothing on discrete attributes.,2.7678,3.8567,301.7,0.868,0.6982857142857143,0.6801162493085313,0.724626489152483,0.6801162493085313,,,,True,False
weka,naive_bayes,churn,binary,classification,matched,42,,ok,4000,1000,19,15,4,73,2.0,openml-schema,100,0,False,0.0122,0.0135,,3.9.6,All three use add-one (Laplace) smoothing on discrete attributes.,2.451,3.4954,305.9,0.868,0.6982857142857143,0.6801162493085313,0.724626489152483,0.6801162493085313,,,,True,False
sklearn,random_forest,churn,binary,classification,defaults,42,,ok,4000,1000,19,15,4,73,2.0,openml-schema,100,0,False,0.9458,0.0235,"{'n_estimators': 100, 'random_state': 42}",1.8.0,"sqrt(p) is evaluated on each library's own representation: Weka splits on intact nominal attributes, scikit-learn/TuiML on one-hot columns.",2.3359,2.3231,193.2,0.948,0.8768939393939394,0.8304229724485837,0.9486653437818809,0.8304229724485837,,,,,False
sklearn,random_forest,churn,binary,classification,matched,42,,ok,4000,1000,19,15,4,73,2.0,openml-schema,100,0,False,0.9447,0.0228,"{'n_estimators': 100, 'max_features': 'sqrt', 'min_samples_leaf': 1, 'bootstrap': True, 'random_state': 42}",1.8.0,"sqrt(p) is evaluated on each library's own representation: Weka splits on intact nominal attributes, scikit-learn/TuiML on one-hot columns.",2.3071,2.2966,193.6,0.948,0.8768939393939394,0.8304229724485837,0.9486653437818809,0.8304229724485837,,,,,False
tuiml,random_forest,churn,binary,classification,defaults,42,,ok,4000,1000,19,15,4,73,2.0,openml-schema,100,0,False,4.581,0.0199,{'n_estimators': 100},0.1.6,"sqrt(p) is evaluated on each library's own representation: Weka splits on intact nominal attributes, scikit-learn/TuiML on one-hot columns.",4.765,5.159,507.3,0.95,0.8841208480499856,0.8434432252578044,0.9426443202979515,0.8434432252578044,,,,,False
tuiml,random_forest,churn,binary,classification,matched,42,,ok,4000,1000,19,15,4,73,2.0,openml-schema,100,0,False,4.4372,0.0175,"{'n_estimators': 100, 'max_features': 'sqrt', 'min_samples_leaf': 1, 'bootstrap': True, 'random_state': 42}",0.1.6,"sqrt(p) is evaluated on each library's own representation: Weka splits on intact nominal attributes, scikit-learn/TuiML on one-hot columns.",4.6309,4.9839,496.3,0.949,0.8788250304719409,0.8310050446255335,0.9535386216570885,0.8310050446255335,,,,,False
weka,random_forest,churn,binary,classification,defaults,42,,ok,4000,1000,19,15,4,73,2.0,openml-schema,100,0,False,1.3127,0.0672,-I 100,3.9.6,"sqrt(p) is evaluated on each library's own representation: Weka splits on intact nominal attributes, scikit-learn/TuiML on one-hot columns.",4.6088,6.583,589.9,0.916,0.7707323463906721,0.7110197409159587,0.9329674238959191,0.7110197409159587,,,,True,False
weka,random_forest,churn,binary,classification,matched,42,,ok,4000,1000,19,15,4,73,2.0,openml-schema,100,0,False,1.2947,0.0643,-I 100 -K 4 -depth 0 -M 1 -P 100 -S 42,3.9.6,"sqrt(p) is evaluated on each library's own representation: Weka splits on intact nominal attributes, scikit-learn/TuiML on one-hot columns.",4.4483,6.4534,581.1,0.925,0.797925911556213,0.7340425531914894,0.9598501070663812,0.7340425531914894,,,,True,False
sklearn,svm,churn,binary,classification,defaults,42,,ok,4000,1000,19,15,4,73,2.0,openml-schema,100,0,False,0.3319,0.0997,{},1.8.0,Both use one-vs-one for multiclass. Optimizer tolerances differ (SMO -T 1e-3 / -P 1e-12 vs libsvm tol 1e-3).,1.7299,1.7205,204.2,0.918,0.7889187491633975,0.7358961021805002,0.9020134794782682,0.7358961021805002,,,,,False
sklearn,svm,churn,binary,classification,matched,42,,ok,4000,1000,19,15,4,73,2.0,openml-schema,100,0,False,0.3303,0.0956,"{'C': 1.0, 'kernel': 'rbf', 'gamma': 0.05324580598103573}",1.8.0,Both use one-vs-one for multiclass. Optimizer tolerances differ (SMO -T 1e-3 / -P 1e-12 vs libsvm tol 1e-3).,1.5885,1.5768,201.2,0.918,0.7889187491633975,0.7358961021805002,0.9020134794782682,0.7358961021805002,,,,,False
tuiml,svm,churn,binary,classification,defaults,42,,ok,4000,1000,19,15,4,73,2.0,openml-schema,100,0,False,0.5507,0.1001,{},0.1.6,Both use one-vs-one for multiclass. Optimizer tolerances differ (SMO -T 1e-3 / -P 1e-12 vs libsvm tol 1e-3).,0.7738,0.7726,333.4,0.918,0.7889187491633975,0.7358961021805002,0.9020134794782682,0.7358961021805002,,,,,False
tuiml,svm,churn,binary,classification,matched,42,,ok,4000,1000,19,15,4,73,2.0,openml-schema,100,0,False,0.5487,0.0992,"{'C': 1.0, 'kernel': 'rbf', 'gamma': 0.05324580598103573}",0.1.6,Both use one-vs-one for multiclass. Optimizer tolerances differ (SMO -T 1e-3 / -P 1e-12 vs libsvm tol 1e-3).,0.766,0.7657,334.3,0.918,0.7889187491633975,0.7358961021805002,0.9020134794782682,0.7358961021805002,,,,,False
weka,svm,churn,binary,classification,defaults,42,,ok,4000,1000,19,15,4,73,2.0,openml-schema,100,0,False,2.3612,0.023,,3.9.6,Both use one-vs-one for multiclass. Optimizer tolerances differ (SMO -T 1e-3 / -P 1e-12 vs libsvm tol 1e-3).,4.7528,6.5176,318.3,0.859,0.46207638515330823,0.5,0.4295,0.5,,,,True,False
weka,svm,churn,binary,classification,matched,42,,ok,4000,1000,19,15,4,73,2.0,openml-schema,100,0,False,6.754,0.2324,-N 2 -C 1.0 -K weka.classifiers.functions.supportVector.RBFKernel -G 0.05324580598,3.9.6,Both use one-vs-one for multiclass. Optimizer tolerances differ (SMO -T 1e-3 / -P 1e-12 vs libsvm tol 1e-3).,9.8495,11.9189,301.0,0.915,0.778516057585825,0.7252578043081597,0.8981524721265541,0.7252578043081597,,,,True,False
sklearn,decision_tree,coil2000_insurance_policies,binary,classification,defaults,42,,ok,7857,1965,85,80,5,149,2.0,openml-schema,100,0,False,0.1753,0.0017,{'random_state': 42},1.8.0,"C4.5 vs CART: even matched, J48 splits on gain ratio while scikit-learn/TuiML use information gain. Related algorithms, not identical ones.",1.7817,1.7635,226.8,0.8977099236641222,0.5140142412597868,0.5132992007992008,0.5151321398124467,0.5132992007992008,,,,,False
sklearn,decision_tree,coil2000_insurance_policies,binary,classification,matched,42,,ok,7857,1965,85,80,5,149,2.0,openml-schema,100,0,False,0.1476,0.0021,"{'criterion': 'entropy', 'min_samples_leaf': 1, 'random_state': 42}",1.8.0,"C4.5 vs CART: even matched, J48 splits on gain ratio while scikit-learn/TuiML use information gain. Related algorithms, not identical ones.",1.561,1.5282,229.0,0.9048346055979644,0.5399480421922439,0.5371017871017871,0.5438442114928457,0.5371017871017871,,,,,False
tuiml,decision_tree,coil2000_insurance_policies,binary,classification,defaults,42,,ok,7857,1965,85,80,5,149,2.0,openml-schema,100,0,False,0.4968,0.0313,{},0.1.6,"C4.5 vs CART: even matched, J48 splits on gain ratio while scikit-learn/TuiML use information gain. Related algorithms, not identical ones.",0.7802,0.7799,337.1,0.9022900763358779,0.5377603528546925,0.5357489732489732,0.5403027332547735,0.5357489732489732,,,,,False
tuiml,decision_tree,coil2000_insurance_policies,binary,classification,matched,42,,ok,7857,1965,85,80,5,149,2.0,openml-schema,100,0,False,0.4255,0.0252,"{'criterion': 'entropy', 'min_samples_leaf': 1, 'random_state': 42}",0.1.6,"C4.5 vs CART: even matched, J48 splits on gain ratio while scikit-learn/TuiML use information gain. Related algorithms, not identical ones.",0.7738,0.7728,333.8,0.9017811704834605,0.5412327423212175,0.5394813519813519,0.5433206126239508,0.5394813519813519,,,,,False
weka,decision_tree,coil2000_insurance_policies,binary,classification,defaults,42,,ok,7857,1965,85,80,5,149,2.0,openml-schema,100,0,False,1.4739,0.0166,,3.9.6,"C4.5 vs CART: even matched, J48 splits on gain ratio while scikit-learn/TuiML use information gain. Related algorithms, not identical ones.",7.0303,9.3612,484.6,0.9374045801526718,0.4838455476753349,0.49837662337662336,0.47013782542113325,0.49837662337662336,,,,True,False
weka,decision_tree,coil2000_insurance_policies,binary,classification,matched,42,,ok,7857,1965,85,80,5,149,2.0,openml-schema,100,0,False,2.7487,0.0214,-U -B -M 1,3.9.6,"C4.5 vs CART: even matched, J48 splits on gain ratio while scikit-learn/TuiML use information gain. Related algorithms, not identical ones.",8.6598,11.0594,707.2,0.8956743002544529,0.5360895977888464,0.5362345987345987,0.5359469776917218,0.5362345987345987,,,,True,False
sklearn,knn,coil2000_insurance_policies,binary,classification,defaults,42,,ok,7857,1965,85,80,5,149,2.0,openml-schema,100,0,False,0.0032,0.2436,{'n_neighbors': 5},1.8.0,Nominal attributes contribute a distance of 1 per mismatch in Weka but sqrt(2) across the corresponding one-hot columns. Neighbour-search structure is left to each library.,1.56,1.5421,226.8,0.9374045801526718,0.4995765878989028,0.5063825063825064,0.5705882352941176,0.5063825063825064,,,,,False
sklearn,knn,coil2000_insurance_policies,binary,classification,matched,42,,ok,7857,1965,85,80,5,149,2.0,openml-schema,100,0,False,0.0047,0.2336,"{'n_neighbors': 5, 'weights': 'uniform'}",1.8.0,Nominal attributes contribute a distance of 1 per mismatch in Weka but sqrt(2) across the corresponding one-hot columns. Neighbour-search structure is left to each library.,1.7643,1.7387,228.5,0.9374045801526718,0.4995765878989028,0.5063825063825064,0.5705882352941176,0.5063825063825064,,,,,False
tuiml,knn,coil2000_insurance_policies,binary,classification,defaults,42,,ok,7857,1965,85,80,5,149,2.0,openml-schema,100,0,False,0.0004,3.1857,{'k': 5},0.1.6,Nominal attributes contribute a distance of 1 per mismatch in Weka but sqrt(2) across the corresponding one-hot columns. Neighbour-search structure is left to each library.,3.5009,3.4992,328.8,0.9374045801526718,0.4995765878989028,0.5063825063825064,0.5705882352941176,0.5063825063825064,,,,,False
tuiml,knn,coil2000_insurance_policies,binary,classification,matched,42,,ok,7857,1965,85,80,5,149,2.0,openml-schema,100,0,False,0.0004,4.4068,"{'k': 5, 'distance_weighting': 'uniform'}",0.1.6,Nominal attributes contribute a distance of 1 per mismatch in Weka but sqrt(2) across the corresponding one-hot columns. Neighbour-search structure is left to each library.,4.7975,4.7972,335.2,0.9374045801526718,0.4995765878989028,0.5063825063825064,0.5705882352941176,0.5063825063825064,,,,,False
weka,knn,coil2000_insurance_policies,binary,classification,defaults,42,,ok,7857,1965,85,80,5,149,2.0,openml-schema,100,0,False,0.014,4.9346,-K 5,3.9.6,Nominal attributes contribute a distance of 1 per mismatch in Weka but sqrt(2) across the corresponding one-hot columns. Neighbour-search structure is left to each library.,10.8462,12.2725,326.7,0.9374045801526718,0.49183705650459925,0.5023795648795649,0.5328628002043945,0.5023795648795649,,,,True,False
weka,knn,coil2000_insurance_policies,binary,classification,matched,42,,ok,7857,1965,85,80,5,149,2.0,openml-schema,100,0,False,0.016,2.6696,"-K 5 -A weka.core.neighboursearch.LinearNNSearch -A ""weka.core.EuclideanDistance -R first-last -D""",3.9.6,Nominal attributes contribute a distance of 1 per mismatch in Weka but sqrt(2) across the corresponding one-hot columns. Neighbour-search structure is left to each library.,8.5056,9.9885,337.3,0.9368956743002544,0.5067611336032388,0.5101148851148851,0.5861837957124842,0.5101148851148851,,,,True,False
sklearn,logistic,coil2000_insurance_policies,binary,classification,defaults,42,,ok,7857,1965,85,80,5,149,2.0,openml-schema,100,0,False,0.1045,0.0016,{'max_iter': 1000},1.8.0,Ridge 0.5 in Weka/TuiML corresponds to scikit-learn's C=1.0.,1.5321,1.5277,227.6,0.9394402035623409,0.4926435649364598,0.5034618159618159,0.5954232534421213,0.5034618159618159,,,,,False
sklearn,logistic,coil2000_insurance_policies,binary,classification,matched,42,,ok,7857,1965,85,80,5,149,2.0,openml-schema,100,0,False,0.5748,0.0015,"{'C': 1.0, 'max_iter': 1000}",1.8.0,Ridge 0.5 in Weka/TuiML corresponds to scikit-learn's C=1.0.,2.4071,2.3995,227.9,0.9394402035623409,0.4926435649364598,0.5034618159618159,0.5954232534421213,0.5034618159618159,,,,,False
tuiml,logistic,coil2000_insurance_policies,binary,classification,defaults,42,,ok,7857,1965,85,80,5,149,2.0,openml-schema,100,0,False,0.0703,0.0012,{},0.1.6,Ridge 0.5 in Weka/TuiML corresponds to scikit-learn's C=1.0.,0.3498,0.3494,340.2,0.9394402035623409,0.4926435649364598,0.5034618159618159,0.5954232534421213,0.5034618159618159,,,,,False
tuiml,logistic,coil2000_insurance_policies,binary,classification,matched,42,,ok,7857,1965,85,80,5,149,2.0,openml-schema,100,0,False,0.0248,0.0011,"{'ridge': 0.5, 'max_iter': 1000}",0.1.6,Ridge 0.5 in Weka/TuiML corresponds to scikit-learn's C=1.0.,0.2948,0.2948,340.9,0.9404580152671755,0.4846577498033045,0.5,0.47022900763358777,0.5,,,,,False
weka,logistic,coil2000_insurance_policies,binary,classification,defaults,42,,ok,7857,1965,85,80,5,149,2.0,openml-schema,100,0,False,2.6963,0.0394,,3.9.6,Ridge 0.5 in Weka/TuiML corresponds to scikit-learn's C=1.0.,8.4182,10.8418,543.7,0.9389312977099237,0.492440418790467,0.5031912531912532,0.5704081632653061,0.5031912531912532,,,,True,False
weka,logistic,coil2000_insurance_policies,binary,classification,matched,42,,ok,7857,1965,85,80,5,149,2.0,openml-schema,100,0,False,2.6063,0.0368,-R 0.5 -M 1000,3.9.6,Ridge 0.5 in Weka/TuiML corresponds to scikit-learn's C=1.0.,8.2857,10.4781,524.4,0.9394402035623409,0.4926435649364598,0.5034618159618159,0.5954232534421213,0.5034618159618159,,,,True,False
sklearn,mlp,coil2000_insurance_policies,binary,classification,defaults,42,,ok,7857,1965,85,80,5,149,2.0,openml-schema,100,0,False,9.0072,0.0045,"{'max_iter': 300, 'random_state': 42}",1.8.0,"Weka updates weights per instance (online backprop); scikit-learn's SGD uses mini-batches. Same architecture and learning rate, different optimizer schedule and different divergence handling — the least matchable row in the table.",10.2519,10.2318,227.2,0.9185750636132316,0.5292398361323399,0.5243922743922744,0.5454091472654635,0.5243922743922744,,,,,False
sklearn,mlp,coil2000_insurance_policies,binary,classification,matched,42,,ok,7857,1965,85,80,5,149,2.0,openml-schema,100,0,False,7.7598,0.0064,"{'hidden_layer_sizes': (100,), 'max_iter': 300, 'solver': 'sgd', 'learning_rate': 'adaptive', 'learning_rate_init': 0.05, 'momentum': 0.2, 'activation': 'logistic', 'random_state': 42}",1.8.0,"Weka updates weights per instance (online backprop); scikit-learn's SGD uses mini-batches. Same architecture and learning rate, different optimizer schedule and different divergence handling — the least matchable row in the table.",9.1678,9.1433,228.9,0.9399491094147583,0.4845225603357817,0.49972943722943725,0.47021384928716903,0.49972943722943725,,,,,False
tuiml,mlp,coil2000_insurance_policies,binary,classification,defaults,42,,ok,7857,1965,85,80,5,149,2.0,openml-schema,100,0,False,14.5649,0.0094,{},0.1.6,"Weka updates weights per instance (online backprop); scikit-learn's SGD uses mini-batches. Same architecture and learning rate, different optimizer schedule and different divergence handling — the least matchable row in the table.",14.9388,14.9347,350.3,0.9363867684478372,0.5064490655435641,0.5098443223443223,0.5779270703668449,0.5098443223443223,,,,,False
tuiml,mlp,coil2000_insurance_policies,binary,classification,matched,42,,ok,7857,1965,85,80,5,149,2.0,openml-schema,100,0,False,12.8573,0.0071,"{'hidden_layers': [100], 'max_epochs': 300, 'learning_rate': 0.05, 'momentum': 0.2, 'decay': True, 'activation': 'sigmoid', 'random_state': 42}",0.1.6,"Weka updates weights per instance (online backprop); scikit-learn's SGD uses mini-batches. Same architecture and learning rate, different optimizer schedule and different divergence handling — the least matchable row in the table.",13.1685,13.1305,364.5,0.9404580152671755,0.4846577498033045,0.5,0.47022900763358777,0.5,,,,,False
weka,mlp,coil2000_insurance_policies,binary,classification,defaults,42,,ok,7857,1965,85,80,5,149,2.0,openml-schema,100,0,False,676.7289,0.1806,,3.9.6,"Weka updates weights per instance (online backprop); scikit-learn's SGD uses mini-batches. Same architecture and learning rate, different optimizer schedule and different divergence handling — the least matchable row in the table.",682.6746,685.9625,364.0,0.9368956743002544,0.4993177932667017,0.5061119436119436,0.5614822741230111,0.5061119436119436,,,,True,False
weka,mlp,coil2000_insurance_policies,binary,classification,matched,42,,ok,7857,1965,85,80,5,149,2.0,openml-schema,100,0,False,534.0774,0.212,-H 100 -N 300 -L 0.05 -M 0.2 -D -I -C -S 42,3.9.6,"Weka updates weights per instance (online backprop); scikit-learn's SGD uses mini-batches. Same architecture and learning rate, different optimizer schedule and different divergence handling — the least matchable row in the table.",539.7636,542.1209,347.6,0.9399491094147583,0.4845225603357817,0.49972943722943725,0.47021384928716903,0.49972943722943725,,,,True,False
sklearn,naive_bayes,coil2000_insurance_policies,binary,classification,defaults,42,,ok,7857,1965,85,80,5,149,2.0,openml-schema,100,0,False,0.0249,0.0039,{'alpha': 1.0},1.8.0,All three use add-one (Laplace) smoothing on discrete attributes.,1.5714,1.5406,224.2,0.788295165394402,0.535973624337543,0.6192488067488068,0.5412645598671006,0.6192488067488068,,,,,False
sklearn,naive_bayes,coil2000_insurance_policies,binary,classification,matched,42,,ok,7857,1965,85,80,5,149,2.0,openml-schema,100,0,False,0.023,0.0048,{'alpha': 1.0},1.8.0,All three use add-one (Laplace) smoothing on discrete attributes.,1.4043,1.4001,229.2,0.788295165394402,0.535973624337543,0.6192488067488068,0.5412645598671006,0.6192488067488068,,,,,False
tuiml,naive_bayes,coil2000_insurance_policies,binary,classification,defaults,42,,ok,7857,1965,85,80,5,149,2.0,openml-schema,100,0,False,0.019,0.0053,{'alpha': 1.0},0.1.6,All three use add-one (Laplace) smoothing on discrete attributes.,0.3704,0.3702,337.2,0.7877862595419848,0.5356218486490101,0.618978243978244,0.541094249201278,0.618978243978244,,,,,False
tuiml,naive_bayes,coil2000_insurance_policies,binary,classification,matched,42,,ok,7857,1965,85,80,5,149,2.0,openml-schema,100,0,False,0.016,0.0056,{'alpha': 1.0},0.1.6,All three use add-one (Laplace) smoothing on discrete attributes.,0.3443,0.3431,336.7,0.7877862595419848,0.5356218486490101,0.618978243978244,0.541094249201278,0.618978243978244,,,,,False
weka,naive_bayes,coil2000_insurance_policies,binary,classification,defaults,42,,ok,7857,1965,85,80,5,149,2.0,openml-schema,100,0,False,0.0568,0.0475,,3.9.6,All three use add-one (Laplace) smoothing on discrete attributes.,6.3791,7.8653,480.1,0.7877862595419848,0.5356218486490101,0.618978243978244,0.541094249201278,0.618978243978244,,,,True,False
weka,naive_bayes,coil2000_insurance_policies,binary,classification,matched,42,,ok,7857,1965,85,80,5,149,2.0,openml-schema,100,0,False,0.0468,0.0457,,3.9.6,All three use add-one (Laplace) smoothing on discrete attributes.,6.9062,8.4561,476.4,0.7877862595419848,0.5356218486490101,0.618978243978244,0.541094249201278,0.618978243978244,,,,True,False
sklearn,random_forest,coil2000_insurance_policies,binary,classification,defaults,42,,ok,7857,1965,85,80,5,149,2.0,openml-schema,100,0,False,1.5322,0.0402,"{'n_estimators': 100, 'random_state': 42}",1.8.0,"sqrt(p) is evaluated on each library's own representation: Weka splits on intact nominal attributes, scikit-learn/TuiML on one-hot columns.",3.1248,3.1119,226.0,0.9292620865139949,0.5273507867536742,0.5220682095682095,0.5687100397442544,0.5220682095682095,,,,,False
sklearn,random_forest,coil2000_insurance_policies,binary,classification,matched,42,,ok,7857,1965,85,80,5,149,2.0,openml-schema,100,0,False,1.4073,0.0395,"{'n_estimators': 100, 'max_features': 'sqrt', 'min_samples_leaf': 1, 'bootstrap': True, 'random_state': 42}",1.8.0,"sqrt(p) is evaluated on each library's own representation: Weka splits on intact nominal attributes, scikit-learn/TuiML on one-hot columns.",2.6894,2.6785,227.5,0.9292620865139949,0.5273507867536742,0.5220682095682095,0.5687100397442544,0.5220682095682095,,,,,False
tuiml,random_forest,coil2000_insurance_policies,binary,classification,defaults,42,,ok,7857,1965,85,80,5,149,2.0,openml-schema,100,0,False,11.1566,0.0504,{'n_estimators': 100},0.1.6,"sqrt(p) is evaluated on each library's own representation: Weka splits on intact nominal attributes, scikit-learn/TuiML on one-hot columns.",11.579,12.8348,1133.5,0.9358778625954198,0.5201595398306924,0.5175796425796426,0.6028019689511549,0.5175796425796426,,,,,False
tuiml,random_forest,coil2000_insurance_policies,binary,classification,matched,42,,ok,7857,1965,85,80,5,149,2.0,openml-schema,100,0,False,10.9053,0.0434,"{'n_estimators': 100, 'max_features': 'sqrt', 'min_samples_leaf': 1, 'bootstrap': True, 'random_state': 42}",0.1.6,"sqrt(p) is evaluated on each library's own representation: Weka splits on intact nominal attributes, scikit-learn/TuiML on one-hot columns.",11.3893,12.6683,1188.9,0.9358778625954198,0.5268643368189323,0.5215825840825841,0.6143077601410935,0.5215825840825841,,,,,False
weka,random_forest,coil2000_insurance_policies,binary,classification,defaults,42,,ok,7857,1965,85,80,5,149,2.0,openml-schema,100,0,False,3.557,0.1199,-I 100,3.9.6,"sqrt(p) is evaluated on each library's own representation: Weka splits on intact nominal attributes, scikit-learn/TuiML on one-hot columns.",9.4898,12.651,875.5,0.927735368956743,0.5318100057720445,0.5252594627594628,0.5692345722833527,0.5252594627594628,,,,True,False
weka,random_forest,coil2000_insurance_policies,binary,classification,matched,42,,ok,7857,1965,85,80,5,149,2.0,openml-schema,100,0,False,3.7906,0.1804,-I 100 -K 9 -depth 0 -M 1 -P 100 -S 42,3.9.6,"sqrt(p) is evaluated on each library's own representation: Weka splits on intact nominal attributes, scikit-learn/TuiML on one-hot columns.",9.4097,12.0347,870.2,0.926208651399491,0.5247994876490396,0.5204448329448329,0.5547321892875715,0.5204448329448329,,,,True,False
sklearn,svm,coil2000_insurance_policies,binary,classification,defaults,42,,ok,7857,1965,85,80,5,149,2.0,openml-schema,100,0,False,2.5635,0.6605,{},1.8.0,Both use one-vs-one for multiclass. Optimizer tolerances differ (SMO -T 1e-3 / -P 1e-12 vs libsvm tol 1e-3).,4.7276,4.7008,274.4,0.9404580152671755,0.4846577498033045,0.5,0.47022900763358777,0.5,,,,,False
sklearn,svm,coil2000_insurance_policies,binary,classification,matched,42,,ok,7857,1965,85,80,5,149,2.0,openml-schema,100,0,False,2.5865,0.6387,"{'C': 1.0, 'kernel': 'rbf', 'gamma': 0.011787974683544304}",1.8.0,Both use one-vs-one for multiclass. Optimizer tolerances differ (SMO -T 1e-3 / -P 1e-12 vs libsvm tol 1e-3).,4.7897,4.7642,273.0,0.9404580152671755,0.4846577498033045,0.5,0.47022900763358777,0.5,,,,,False
tuiml,svm,coil2000_insurance_policies,binary,classification,defaults,42,,ok,7857,1965,85,80,5,149,2.0,openml-schema,100,0,False,4.2073,0.7593,{},0.1.6,Both use one-vs-one for multiclass. Optimizer tolerances differ (SMO -T 1e-3 / -P 1e-12 vs libsvm tol 1e-3).,5.2564,5.2522,453.3,0.9404580152671755,0.4846577498033045,0.5,0.47022900763358777,0.5,,,,,False
tuiml,svm,coil2000_insurance_policies,binary,classification,matched,42,,ok,7857,1965,85,80,5,149,2.0,openml-schema,100,0,False,3.806,0.7411,"{'C': 1.0, 'kernel': 'rbf', 'gamma': 0.011787974683544304}",0.1.6,Both use one-vs-one for multiclass. Optimizer tolerances differ (SMO -T 1e-3 / -P 1e-12 vs libsvm tol 1e-3).,4.8124,4.8117,452.8,0.9404580152671755,0.4846577498033045,0.5,0.47022900763358777,0.5,,,,,False
weka,svm,coil2000_insurance_policies,binary,classification,defaults,42,,ok,7857,1965,85,80,5,149,2.0,openml-schema,100,0,False,111.5265,0.0383,,3.9.6,Both use one-vs-one for multiclass. Optimizer tolerances differ (SMO -T 1e-3 / -P 1e-12 vs libsvm tol 1e-3).,117.6186,119.9233,387.0,0.9404580152671755,0.4846577498033045,0.5,0.47022900763358777,0.5,,,,True,False
weka,svm,coil2000_insurance_policies,binary,classification,matched,42,,ok,7857,1965,85,80,5,149,2.0,openml-schema,100,0,False,74.4402,2.5924,-N 2 -C 1.0 -K weka.classifiers.functions.supportVector.RBFKernel -G 0.01178797468,3.9.6,Both use one-vs-one for multiclass. Optimizer tolerances differ (SMO -T 1e-3 / -P 1e-12 vs libsvm tol 1e-3).,83.1344,85.5608,368.8,0.9404580152671755,0.4846577498033045,0.5,0.47022900763358777,0.5,,,,True,False
sklearn,decision_tree,credit-g,binary,classification,defaults,42,,ok,800,200,20,7,13,61,2.0,openml-schema,100,0,False,0.0076,0.0005,{'random_state': 42},1.8.0,"C4.5 vs CART: even matched, J48 splits on gain ratio while scikit-learn/TuiML use information gain. Related algorithms, not identical ones.",1.3766,1.3558,178.3,0.665,0.6030688112799549,0.6035714285714285,0.602606439438613,0.6035714285714285,,,,,False
sklearn,decision_tree,credit-g,binary,classification,matched,42,,ok,800,200,20,7,13,61,2.0,openml-schema,100,0,False,0.008,0.0004,"{'criterion': 'entropy', 'min_samples_leaf': 1, 'random_state': 42}",1.8.0,"C4.5 vs CART: even matched, J48 splits on gain ratio while scikit-learn/TuiML use information gain. Related algorithms, not identical ones.",1.2156,1.2078,182.5,0.685,0.6114828404921218,0.6083333333333334,0.6168014375561546,0.6083333333333334,,,,,False
tuiml,decision_tree,credit-g,binary,classification,defaults,42,,ok,800,200,20,7,13,61,2.0,openml-schema,100,0,False,0.0149,0.0021,{},0.1.6,"C4.5 vs CART: even matched, J48 splits on gain ratio while scikit-learn/TuiML use information gain. Related algorithms, not identical ones.",0.1421,0.142,288.5,0.645,0.5869090909090909,0.5892857142857143,0.5854700854700855,0.5892857142857143,,,,,False
tuiml,decision_tree,credit-g,binary,classification,matched,42,,ok,800,200,20,7,13,61,2.0,openml-schema,100,0,False,0.014,0.0018,"{'criterion': 'entropy', 'min_samples_leaf': 1, 'random_state': 42}",0.1.6,"C4.5 vs CART: even matched, J48 splits on gain ratio while scikit-learn/TuiML use information gain. Related algorithms, not identical ones.",0.1501,0.1478,288.6,0.68,0.6114618746964546,0.6095238095238096,0.6140873015873016,0.6095238095238096,,,,,False
weka,decision_tree,credit-g,binary,classification,defaults,42,,ok,800,200,20,7,13,61,2.0,openml-schema,100,0,False,0.0747,0.0025,,3.9.6,"C4.5 vs CART: even matched, J48 splits on gain ratio while scikit-learn/TuiML use information gain. Related algorithms, not identical ones.",2.2275,3.2099,287.3,0.69,0.5971933471933473,0.5928571428571429,0.6136363636363636,0.5928571428571429,,,,True,False
weka,decision_tree,credit-g,binary,classification,matched,42,,ok,800,200,20,7,13,61,2.0,openml-schema,100,0,False,0.0876,0.0033,-U -B -M 1,3.9.6,"C4.5 vs CART: even matched, J48 splits on gain ratio while scikit-learn/TuiML use information gain. Related algorithms, not identical ones.",2.2338,3.2092,296.7,0.69,0.6236036911121904,0.6214285714285714,0.6264880952380952,0.6214285714285714,,,,True,False
sklearn,knn,credit-g,binary,classification,defaults,42,,ok,800,200,20,7,13,61,2.0,openml-schema,100,0,False,0.0009,0.0212,{'n_neighbors': 5},1.8.0,Nominal attributes contribute a distance of 1 per mismatch in Weka but sqrt(2) across the corresponding one-hot columns. Neighbour-search structure is left to each library.,1.1605,1.1497,180.2,0.74,0.638436935057711,0.6285714285714286,0.6913536498936924,0.6285714285714286,,,,,False
sklearn,knn,credit-g,binary,classification,matched,42,,ok,800,200,20,7,13,61,2.0,openml-schema,100,0,False,0.0007,0.0188,"{'n_neighbors': 5, 'weights': 'uniform'}",1.8.0,Nominal attributes contribute a distance of 1 per mismatch in Weka but sqrt(2) across the corresponding one-hot columns. Neighbour-search structure is left to each library.,1.0464,1.0373,181.6,0.74,0.638436935057711,0.6285714285714286,0.6913536498936924,0.6285714285714286,,,,,False
tuiml,knn,credit-g,binary,classification,defaults,42,,ok,800,200,20,7,13,61,2.0,openml-schema,100,0,False,0.0001,0.011,{'k': 5},0.1.6,Nominal attributes contribute a distance of 1 per mismatch in Weka but sqrt(2) across the corresponding one-hot columns. Neighbour-search structure is left to each library.,0.114,0.1139,290.6,0.74,0.638436935057711,0.6285714285714286,0.6913536498936924,0.6285714285714286,,,,,False
tuiml,knn,credit-g,binary,classification,matched,42,,ok,800,200,20,7,13,61,2.0,openml-schema,100,0,False,0.0001,0.0111,"{'k': 5, 'distance_weighting': 'uniform'}",0.1.6,Nominal attributes contribute a distance of 1 per mismatch in Weka but sqrt(2) across the corresponding one-hot columns. Neighbour-search structure is left to each library.,0.1339,0.1339,291.2,0.74,0.638436935057711,0.6285714285714286,0.6913536498936924,0.6285714285714286,,,,,False
weka,knn,credit-g,binary,classification,defaults,42,,ok,800,200,20,7,13,61,2.0,openml-schema,100,0,False,0.0024,0.0893,-K 5,3.9.6,Nominal attributes contribute a distance of 1 per mismatch in Weka but sqrt(2) across the corresponding one-hot columns. Neighbour-search structure is left to each library.,2.0258,3.0537,289.0,0.73,0.6534462841740469,0.6452380952380952,0.6722190852625636,0.6452380952380952,,,,True,False
weka,knn,credit-g,binary,classification,matched,42,,ok,800,200,20,7,13,61,2.0,openml-schema,100,0,False,0.0025,0.0585,"-K 5 -A weka.core.neighboursearch.LinearNNSearch -A ""weka.core.EuclideanDistance -R first-last -D""",3.9.6,Nominal attributes contribute a distance of 1 per mismatch in Weka but sqrt(2) across the corresponding one-hot columns. Neighbour-search structure is left to each library.,2.0163,2.9582,292.1,0.725,0.6088054340481525,0.6035714285714285,0.6660622256155755,0.6035714285714285,,,,True,False
sklearn,logistic,credit-g,binary,classification,defaults,42,,ok,800,200,20,7,13,61,2.0,openml-schema,100,0,False,0.01,0.0003,{'max_iter': 1000},1.8.0,Ridge 0.5 in Weka/TuiML corresponds to scikit-learn's C=1.0.,1.1711,1.167,182.5,0.78,0.7241379310344828,0.7142857142857143,0.74,0.7142857142857143,,,,,False
sklearn,logistic,credit-g,binary,classification,matched,42,,ok,800,200,20,7,13,61,2.0,openml-schema,100,0,False,0.0108,0.0004,"{'C': 1.0, 'max_iter': 1000}",1.8.0,Ridge 0.5 in Weka/TuiML corresponds to scikit-learn's C=1.0.,1.28,1.2753,181.0,0.78,0.7241379310344828,0.7142857142857143,0.74,0.7142857142857143,,,,,False
tuiml,logistic,credit-g,binary,classification,defaults,42,,ok,800,200,20,7,13,61,2.0,openml-schema,100,0,False,0.0046,0.0001,{},0.1.6,Ridge 0.5 in Weka/TuiML corresponds to scikit-learn's C=1.0.,0.12,0.12,291.1,0.775,0.7224877432086584,0.7154761904761905,0.7323193428314723,0.7154761904761905,,,,,False
tuiml,logistic,credit-g,binary,classification,matched,42,,ok,800,200,20,7,13,61,2.0,openml-schema,100,0,False,0.0034,0.0001,"{'ridge': 0.5, 'max_iter': 1000}",0.1.6,Ridge 0.5 in Weka/TuiML corresponds to scikit-learn's C=1.0.,0.1152,0.115,291.1,0.715,0.5323076923076924,0.5535714285714286,0.6621621621621622,0.5535714285714286,,,,,False
weka,logistic,credit-g,binary,classification,defaults,42,,ok,800,200,20,7,13,61,2.0,openml-schema,100,0,False,0.1666,0.0048,,3.9.6,Ridge 0.5 in Weka/TuiML corresponds to scikit-learn's C=1.0.,2.7085,3.7143,301.8,0.775,0.7224877432086584,0.7154761904761905,0.7323193428314723,0.7154761904761905,,,,True,False
weka,logistic,credit-g,binary,classification,matched,42,,ok,800,200,20,7,13,61,2.0,openml-schema,100,0,False,0.1506,0.0047,-R 0.5 -M 1000,3.9.6,Ridge 0.5 in Weka/TuiML corresponds to scikit-learn's C=1.0.,1.9618,2.9684,297.8,0.775,0.7224877432086584,0.7154761904761905,0.7323193428314723,0.7154761904761905,,,,True,False
sklearn,mlp,credit-g,binary,classification,defaults,42,,ok,800,200,20,7,13,61,2.0,openml-schema,100,0,False,0.8563,0.0007,"{'max_iter': 300, 'random_state': 42}",1.8.0,"Weka updates weights per instance (online backprop); scikit-learn's SGD uses mini-batches. Same architecture and learning rate, different optimizer schedule and different divergence handling — the least matchable row in the table.",1.9299,1.9246,182.8,0.775,0.7224877432086584,0.7154761904761905,0.7323193428314723,0.7154761904761905,,,,,False
sklearn,mlp,credit-g,binary,classification,matched,42,,ok,800,200,20,7,13,61,2.0,openml-schema,100,0,False,0.8783,0.001,"{'hidden_layer_sizes': (100,), 'max_iter': 300, 'solver': 'sgd', 'learning_rate': 'adaptive', 'learning_rate_init': 0.05, 'momentum': 0.2, 'activation': 'logistic', 'random_state': 42}",1.8.0,"Weka updates weights per instance (online backprop); scikit-learn's SGD uses mini-batches. Same architecture and learning rate, different optimizer schedule and different divergence handling — the least matchable row in the table.",2.0068,1.9955,182.6,0.76,0.6841689696012634,0.6714285714285715,0.7169981916817361,0.6714285714285715,,,,,False
tuiml,mlp,credit-g,binary,classification,defaults,42,,ok,800,200,20,7,13,61,2.0,openml-schema,100,0,False,0.6508,0.0003,{},0.1.6,"Weka updates weights per instance (online backprop); scikit-learn's SGD uses mini-batches. Same architecture and learning rate, different optimizer schedule and different divergence handling — the least matchable row in the table.",0.7628,0.7616,292.2,0.765,0.7215557332859386,0.7226190476190477,0.72054487557495,0.7226190476190477,,,,,False
tuiml,mlp,credit-g,binary,classification,matched,42,,ok,800,200,20,7,13,61,2.0,openml-schema,100,0,False,0.7017,0.001,"{'hidden_layers': [100], 'max_epochs': 300, 'learning_rate': 0.05, 'momentum': 0.2, 'decay': True, 'activation': 'sigmoid', 'random_state': 42}",0.1.6,"Weka updates weights per instance (online backprop); scikit-learn's SGD uses mini-batches. Same architecture and learning rate, different optimizer schedule and different divergence handling — the least matchable row in the table.",0.8243,0.8237,295.6,0.74,0.6148718708339506,0.6095238095238096,0.7033598585322723,0.6095238095238096,,,,,False
weka,mlp,credit-g,binary,classification,defaults,42,,ok,800,200,20,7,13,61,2.0,openml-schema,100,0,False,11.0551,0.0109,,3.9.6,"Weka updates weights per instance (online backprop); scikit-learn's SGD uses mini-batches. Same architecture and learning rate, different optimizer schedule and different divergence handling — the least matchable row in the table.",13.2993,14.5044,299.6,0.755,0.7123653547004785,0.7154761904761905,0.7097091878113776,0.7154761904761905,,,,True,False
weka,mlp,credit-g,binary,classification,matched,42,,ok,800,200,20,7,13,61,2.0,openml-schema,100,0,False,22.1022,0.0142,-H 100 -N 300 -L 0.05 -M 0.2 -D -I -C -S 42,3.9.6,"Weka updates weights per instance (online backprop); scikit-learn's SGD uses mini-batches. Same architecture and learning rate, different optimizer schedule and different divergence handling — the least matchable row in the table.",24.1291,25.3994,297.7,0.75,0.662116502230031,0.65,0.7046783625730995,0.65,,,,True,False
sklearn,naive_bayes,credit-g,binary,classification,defaults,42,,ok,800,200,20,7,13,61,2.0,openml-schema,100,0,False,0.0039,0.0003,{'alpha': 1.0},1.8.0,All three use add-one (Laplace) smoothing on discrete attributes.,1.0976,1.0909,181.5,0.78,0.7241379310344828,0.7142857142857143,0.74,0.7142857142857143,,,,,False
sklearn,naive_bayes,credit-g,binary,classification,matched,42,,ok,800,200,20,7,13,61,2.0,openml-schema,100,0,False,0.0041,0.0003,{'alpha': 1.0},1.8.0,All three use add-one (Laplace) smoothing on discrete attributes.,1.143,1.1326,180.8,0.78,0.7241379310344828,0.7142857142857143,0.74,0.7142857142857143,,,,,False
tuiml,naive_bayes,credit-g,binary,classification,defaults,42,,ok,800,200,20,7,13,61,2.0,openml-schema,100,0,False,0.0016,0.0005,{'alpha': 1.0},0.1.6,All three use add-one (Laplace) smoothing on discrete attributes.,0.1623,0.1619,287.4,0.78,0.7241379310344828,0.7142857142857143,0.74,0.7142857142857143,,,,,False
tuiml,naive_bayes,credit-g,binary,classification,matched,42,,ok,800,200,20,7,13,61,2.0,openml-schema,100,0,False,0.0015,0.0004,{'alpha': 1.0},0.1.6,All three use add-one (Laplace) smoothing on discrete attributes.,0.1221,0.1217,287.7,0.78,0.7241379310344828,0.7142857142857143,0.74,0.7142857142857143,,,,,False
weka,naive_bayes,credit-g,binary,classification,defaults,42,,ok,800,200,20,7,13,61,2.0,openml-schema,100,0,False,0.0064,0.0054,,3.9.6,All three use add-one (Laplace) smoothing on discrete attributes.,1.9547,2.8343,296.3,0.78,0.7241379310344828,0.7142857142857143,0.74,0.7142857142857143,,,,True,False
weka,naive_bayes,credit-g,binary,classification,matched,42,,ok,800,200,20,7,13,61,2.0,openml-schema,100,0,False,0.0052,0.005,,3.9.6,All three use add-one (Laplace) smoothing on discrete attributes.,1.7261,2.509,301.4,0.78,0.7241379310344828,0.7142857142857143,0.74,0.7142857142857143,,,,True,False
sklearn,random_forest,credit-g,binary,classification,defaults,42,,ok,800,200,20,7,13,61,2.0,openml-schema,100,0,False,0.2049,0.0107,"{'n_estimators': 100, 'random_state': 42}",1.8.0,"sqrt(p) is evaluated on each library's own representation: Weka splits on intact nominal attributes, scikit-learn/TuiML on one-hot columns.",1.3779,1.3692,184.8,0.76,0.6756318421408298,0.6619047619047619,0.7209226770630279,0.6619047619047619,,,,,False
sklearn,random_forest,credit-g,binary,classification,matched,42,,ok,800,200,20,7,13,61,2.0,openml-schema,100,0,False,0.2288,0.0121,"{'n_estimators': 100, 'max_features': 'sqrt', 'min_samples_leaf': 1, 'bootstrap': True, 'random_state': 42}",1.8.0,"sqrt(p) is evaluated on each library's own representation: Weka splits on intact nominal attributes, scikit-learn/TuiML on one-hot columns.",1.4307,1.4157,187.6,0.76,0.6756318421408298,0.6619047619047619,0.7209226770630279,0.6619047619047619,,,,,False
tuiml,random_forest,credit-g,binary,classification,defaults,42,,ok,800,200,20,7,13,61,2.0,openml-schema,100,0,False,0.8214,0.0061,{'n_estimators': 100},0.1.6,"sqrt(p) is evaluated on each library's own representation: Weka splits on intact nominal attributes, scikit-learn/TuiML on one-hot columns.",0.9599,1.0037,321.6,0.755,0.6617773943054357,0.6488095238095238,0.7164502164502164,0.6488095238095238,,,,,False
tuiml,random_forest,credit-g,binary,classification,matched,42,,ok,800,200,20,7,13,61,2.0,openml-schema,100,0,False,0.8201,0.0067,"{'n_estimators': 100, 'max_features': 'sqrt', 'min_samples_leaf': 1, 'bootstrap': True, 'random_state': 42}",0.1.6,"sqrt(p) is evaluated on each library's own representation: Weka splits on intact nominal attributes, scikit-learn/TuiML on one-hot columns.",0.9634,1.0138,319.4,0.75,0.6523432067862607,0.6404761904761904,0.7090715804394048,0.6404761904761904,,,,,False
weka,random_forest,credit-g,binary,classification,defaults,42,,ok,800,200,20,7,13,61,2.0,openml-schema,100,0,False,0.3562,0.0345,-I 100,3.9.6,"sqrt(p) is evaluated on each library's own representation: Weka splits on intact nominal attributes, scikit-learn/TuiML on one-hot columns.",2.5743,4.0324,334.7,0.755,0.6711299036880433,0.6583333333333333,0.7118171683389075,0.6583333333333333,,,,True,False
weka,random_forest,credit-g,binary,classification,matched,42,,ok,800,200,20,7,13,61,2.0,openml-schema,100,0,False,0.3586,0.0344,-I 100 -K 4 -depth 0 -M 1 -P 100 -S 42,3.9.6,"sqrt(p) is evaluated on each library's own representation: Weka splits on intact nominal attributes, scikit-learn/TuiML on one-hot columns.",2.5518,3.9627,334.5,0.74,0.6329757199322417,0.6238095238095238,0.6934523809523809,0.6238095238095238,,,,True,False
sklearn,svm,credit-g,binary,classification,defaults,42,,ok,800,200,20,7,13,61,2.0,openml-schema,100,0,False,0.0281,0.009,{},1.8.0,Both use one-vs-one for multiclass. Optimizer tolerances differ (SMO -T 1e-3 / -P 1e-12 vs libsvm tol 1e-3).,1.1603,1.1525,182.6,0.745,0.6427445623620889,0.6321428571428571,0.70141535111595,0.6321428571428571,,,,,False
sklearn,svm,credit-g,binary,classification,matched,42,,ok,800,200,20,7,13,61,2.0,openml-schema,100,0,False,0.0301,0.0093,"{'C': 1.0, 'kernel': 'rbf', 'gamma': 0.05803996194100857}",1.8.0,Both use one-vs-one for multiclass. Optimizer tolerances differ (SMO -T 1e-3 / -P 1e-12 vs libsvm tol 1e-3).,1.2633,1.2506,182.6,0.745,0.6427445623620889,0.6321428571428571,0.70141535111595,0.6321428571428571,,,,,False
tuiml,svm,credit-g,binary,classification,defaults,42,,ok,800,200,20,7,13,61,2.0,openml-schema,100,0,False,0.0388,0.0071,{},0.1.6,Both use one-vs-one for multiclass. Optimizer tolerances differ (SMO -T 1e-3 / -P 1e-12 vs libsvm tol 1e-3).,0.1642,0.1642,293.1,0.745,0.6427445623620889,0.6321428571428571,0.70141535111595,0.6321428571428571,,,,,False
tuiml,svm,credit-g,binary,classification,matched,42,,ok,800,200,20,7,13,61,2.0,openml-schema,100,0,False,0.0384,0.0071,"{'C': 1.0, 'kernel': 'rbf', 'gamma': 0.05803996194100857}",0.1.6,Both use one-vs-one for multiclass. Optimizer tolerances differ (SMO -T 1e-3 / -P 1e-12 vs libsvm tol 1e-3).,0.1526,0.1526,292.9,0.745,0.6427445623620889,0.6321428571428571,0.70141535111595,0.6321428571428571,,,,,False
weka,svm,credit-g,binary,classification,defaults,42,,ok,800,200,20,7,13,61,2.0,openml-schema,100,0,False,0.3473,0.0061,,3.9.6,Both use one-vs-one for multiclass. Optimizer tolerances differ (SMO -T 1e-3 / -P 1e-12 vs libsvm tol 1e-3).,2.3649,3.8532,303.6,0.775,0.7057958223006766,0.6916666666666667,0.7384831876758999,0.6916666666666667,,,,True,False
weka,svm,credit-g,binary,classification,matched,42,,ok,800,200,20,7,13,61,2.0,openml-schema,100,0,False,0.2225,0.0249,-N 2 -C 1.0 -K weka.classifiers.functions.supportVector.RBFKernel -G 0.05803996194,3.9.6,Both use one-vs-one for multiclass. Optimizer tolerances differ (SMO -T 1e-3 / -P 1e-12 vs libsvm tol 1e-3).,2.3294,3.4662,296.5,0.735,0.634167385677308,0.625,0.6818181818181819,0.625,,,,True,False
sklearn,decision_tree,credit_card_clients_default,binary,classification,defaults,42,,ok,24000,6000,23,20,3,33,2.0,openml-schema,100,0,False,0.7564,0.0023,{'random_state': 42},1.8.0,"C4.5 vs CART: even matched, J48 splits on gain ratio while scikit-learn/TuiML use information gain. Related algorithms, not identical ones.",2.3419,2.3309,217.5,0.7318333333333333,0.6213511660434754,0.6249571243419081,0.6184564226242307,0.6249571243419081,,,,,False
sklearn,decision_tree,credit_card_clients_default,binary,classification,matched,42,,ok,24000,6000,23,20,3,33,2.0,openml-schema,100,0,False,0.8815,0.0028,"{'criterion': 'entropy', 'min_samples_leaf': 1, 'random_state': 42}",1.8.0,"C4.5 vs CART: even matched, J48 splits on gain ratio while scikit-learn/TuiML use information gain. Related algorithms, not identical ones.",2.1587,2.1518,218.7,0.7298333333333333,0.6121541772881298,0.6134210525891415,0.6109955913098809,0.6134210525891415,,,,,False
tuiml,decision_tree,credit_card_clients_default,binary,classification,defaults,42,,ok,24000,6000,23,20,3,33,2.0,openml-schema,100,0,False,1.1178,0.1253,{},0.1.6,"C4.5 vs CART: even matched, J48 splits on gain ratio while scikit-learn/TuiML use information gain. Related algorithms, not identical ones.",1.543,1.5429,326.8,0.7301666666666666,0.6193846750258631,0.6230777715655893,0.6164518125379926,0.6230777715655893,,,,,False
tuiml,decision_tree,credit_card_clients_default,binary,classification,matched,42,,ok,24000,6000,23,20,3,33,2.0,openml-schema,100,0,False,1.1718,0.1218,"{'criterion': 'entropy', 'min_samples_leaf': 1, 'random_state': 42}",0.1.6,"C4.5 vs CART: even matched, J48 splits on gain ratio while scikit-learn/TuiML use information gain. Related algorithms, not identical ones.",1.5818,1.5817,327.3,0.7288333333333333,0.6139590234231015,0.6162863640813014,0.611972049689441,0.6162863640813014,,,,,False
weka,decision_tree,credit_card_clients_default,binary,classification,defaults,42,,ok,24000,6000,23,20,3,33,2.0,openml-schema,100,0,False,2.5511,0.0461,,3.9.6,"C4.5 vs CART: even matched, J48 splits on gain ratio while scikit-learn/TuiML use information gain. Related algorithms, not identical ones.",8.479,11.0587,581.7,0.8038333333333333,0.662214760526193,0.6425821442779804,0.71527877876513,0.6425821442779804,,,,True,False
weka,decision_tree,credit_card_clients_default,binary,classification,matched,42,,ok,24000,6000,23,20,3,33,2.0,openml-schema,100,0,False,3.0548,0.0494,-U -B -M 1,3.9.6,"C4.5 vs CART: even matched, J48 splits on gain ratio while scikit-learn/TuiML use information gain. Related algorithms, not identical ones.",9.6833,12.2103,594.6,0.7551666666666667,0.6296475420282179,0.6248284368942074,0.636097826851396,0.6248284368942074,,,,True,False
sklearn,knn,credit_card_clients_default,binary,classification,defaults,42,,ok,24000,6000,23,20,3,33,2.0,openml-schema,100,0,False,0.0029,0.916,{'n_neighbors': 5},1.8.0,Nominal attributes contribute a distance of 1 per mismatch in Weka but sqrt(2) across the corresponding one-hot columns. Neighbour-search structure is left to each library.,2.3035,2.2858,217.6,0.794,0.6562719522918818,0.6400463726346626,0.6936585365853658,0.6400463726346626,,,,,False
sklearn,knn,credit_card_clients_default,binary,classification,matched,42,,ok,24000,6000,23,20,3,33,2.0,openml-schema,100,0,False,0.0042,0.8952,"{'n_neighbors': 5, 'weights': 'uniform'}",1.8.0,Nominal attributes contribute a distance of 1 per mismatch in Weka but sqrt(2) across the corresponding one-hot columns. Neighbour-search structure is left to each library.,2.1921,2.1811,217.3,0.794,0.6562719522918818,0.6400463726346626,0.6936585365853658,0.6400463726346626,,,,,False
tuiml,knn,credit_card_clients_default,binary,classification,defaults,42,,ok,24000,6000,23,20,3,33,2.0,openml-schema,100,0,False,0.0008,5.6461,{'k': 5},0.1.6,Nominal attributes contribute a distance of 1 per mismatch in Weka but sqrt(2) across the corresponding one-hot columns. Neighbour-search structure is left to each library.,5.9294,5.9268,327.3,0.794,0.6562719522918818,0.6400463726346626,0.6936585365853658,0.6400463726346626,,,,,False
tuiml,knn,credit_card_clients_default,binary,classification,matched,42,,ok,24000,6000,23,20,3,33,2.0,openml-schema,100,0,False,0.0009,5.828,"{'k': 5, 'distance_weighting': 'uniform'}",0.1.6,Nominal attributes contribute a distance of 1 per mismatch in Weka but sqrt(2) across the corresponding one-hot columns. Neighbour-search structure is left to each library.,6.1292,6.1286,327.3,0.794,0.6562719522918818,0.6400463726346626,0.6936585365853658,0.6400463726346626,,,,,False
weka,knn,credit_card_clients_default,binary,classification,defaults,42,,ok,24000,6000,23,20,3,33,2.0,openml-schema,100,0,False,0.0352,10.3593,-K 5,3.9.6,Nominal attributes contribute a distance of 1 per mismatch in Weka but sqrt(2) across the corresponding one-hot columns. Neighbour-search structure is left to each library.,16.5907,18.3635,382.1,0.7911666666666667,0.6469224889663278,0.6309430258095738,0.6877098477121687,0.6309430258095738,,,,True,False
weka,knn,credit_card_clients_default,binary,classification,matched,42,,ok,24000,6000,23,20,3,33,2.0,openml-schema,100,0,False,0.035,10.3835,"-K 5 -A weka.core.neighboursearch.LinearNNSearch -A ""weka.core.EuclideanDistance -R first-last -D""",3.9.6,Nominal attributes contribute a distance of 1 per mismatch in Weka but sqrt(2) across the corresponding one-hot columns. Neighbour-search structure is left to each library.,16.9927,18.9671,367.7,0.7968333333333333,0.661594924312517,0.6448330457754797,0.6993341619318182,0.6448330457754797,,,,True,False
sklearn,logistic,credit_card_clients_default,binary,classification,defaults,42,,ok,24000,6000,23,20,3,33,2.0,openml-schema,100,0,False,0.1511,0.0006,{'max_iter': 1000},1.8.0,Ridge 0.5 in Weka/TuiML corresponds to scikit-learn's C=1.0.,1.5072,1.4953,218.4,0.8113333333333334,0.6266408672134391,0.6082771830865991,0.7672066638252046,0.6082771830865991,,,,,False
sklearn,logistic,credit_card_clients_default,binary,classification,matched,42,,ok,24000,6000,23,20,3,33,2.0,openml-schema,100,0,False,0.1186,0.0006,"{'C': 1.0, 'max_iter': 1000}",1.8.0,Ridge 0.5 in Weka/TuiML corresponds to scikit-learn's C=1.0.,1.3946,1.3869,218.3,0.8113333333333334,0.6266408672134391,0.6082771830865991,0.7672066638252046,0.6082771830865991,,,,,False
tuiml,logistic,credit_card_clients_default,binary,classification,defaults,42,,ok,24000,6000,23,20,3,33,2.0,openml-schema,100,0,False,0.0764,0.001,{},0.1.6,Ridge 0.5 in Weka/TuiML corresponds to scikit-learn's C=1.0.,0.3676,0.3676,329.0,0.8116666666666666,0.6273005123243696,0.6087609704839696,0.7684005553983598,0.6087609704839696,,,,,False
tuiml,logistic,credit_card_clients_default,binary,classification,matched,42,,ok,24000,6000,23,20,3,33,2.0,openml-schema,100,0,False,0.0356,0.001,"{'ridge': 0.5, 'max_iter': 1000}",0.1.6,Ridge 0.5 in Weka/TuiML corresponds to scikit-learn's C=1.0.,0.3176,0.3176,326.3,0.7823333333333333,0.4626110027859738,0.5111500900408977,0.7580184718723761,0.5111500900408977,,,,,False
weka,logistic,credit_card_clients_default,binary,classification,defaults,42,,ok,24000,6000,23,20,3,33,2.0,openml-schema,100,0,False,1.0198,0.0624,,3.9.6,Ridge 0.5 in Weka/TuiML corresponds to scikit-learn's C=1.0.,7.4605,9.3852,540.2,0.8113333333333334,0.626294022971253,0.608007390981332,0.7676263756199055,0.608007390981332,,,,True,False
weka,logistic,credit_card_clients_default,binary,classification,matched,42,,ok,24000,6000,23,20,3,33,2.0,openml-schema,100,0,False,1.1283,0.0533,-R 0.5 -M 1000,3.9.6,Ridge 0.5 in Weka/TuiML corresponds to scikit-learn's C=1.0.,7.5869,9.5562,544.9,0.8113333333333334,0.626294022971253,0.608007390981332,0.7676263756199055,0.608007390981332,,,,True,False
sklearn,mlp,credit_card_clients_default,binary,classification,defaults,42,,ok,24000,6000,23,20,3,33,2.0,openml-schema,100,0,False,21.8834,0.0068,"{'max_iter': 300, 'random_state': 42}",1.8.0,"Weka updates weights per instance (online backprop); scikit-learn's SGD uses mini-batches. Same architecture and learning rate, different optimizer schedule and different divergence handling — the least matchable row in the table.",23.3747,23.338,216.7,0.81,0.6755980899367302,0.6546348203399057,0.7278607240632097,0.6546348203399057,,,,,False
sklearn,mlp,credit_card_clients_default,binary,classification,matched,42,,ok,24000,6000,23,20,3,33,2.0,openml-schema,100,0,False,22.805,0.0119,"{'hidden_layer_sizes': (100,), 'max_iter': 300, 'solver': 'sgd', 'learning_rate': 'adaptive', 'learning_rate_init': 0.05, 'momentum': 0.2, 'activation': 'logistic', 'random_state': 42}",1.8.0,"Weka updates weights per instance (online backprop); scikit-learn's SGD uses mini-batches. Same architecture and learning rate, different optimizer schedule and different divergence handling — the least matchable row in the table.",24.0868,24.058,216.9,0.8201666666666667,0.6807499466807043,0.6554960425384583,0.7573552019677927,0.6554960425384583,,,,,False
tuiml,mlp,credit_card_clients_default,binary,classification,defaults,42,,ok,24000,6000,23,20,3,33,2.0,openml-schema,100,0,False,28.3839,0.0099,{},0.1.6,"Weka updates weights per instance (online backprop); scikit-learn's SGD uses mini-batches. Same architecture and learning rate, different optimizer schedule and different divergence handling — the least matchable row in the table.",28.6778,28.6752,402.6,0.8188333333333333,0.6727204682034286,0.6476254666331025,0.7583711909105688,0.6476254666331025,,,,,False
tuiml,mlp,credit_card_clients_default,binary,classification,matched,42,,ok,24000,6000,23,20,3,33,2.0,openml-schema,100,0,False,28.9723,0.0181,"{'hidden_layers': [100], 'max_epochs': 300, 'learning_rate': 0.05, 'momentum': 0.2, 'decay': True, 'activation': 'sigmoid', 'random_state': 42}",0.1.6,"Weka updates weights per instance (online backprop); scikit-learn's SGD uses mini-batches. Same architecture and learning rate, different optimizer schedule and different divergence handling — the least matchable row in the table.",29.278,29.2451,437.8,0.794,0.5286039991365368,0.5450795515806865,0.7804504398756369,0.5450795515806865,,,,,False
weka,mlp,credit_card_clients_default,binary,classification,defaults,42,,ok,24000,6000,23,20,3,33,2.0,openml-schema,100,0,False,106.375,0.0773,,3.9.6,"Weka updates weights per instance (online backprop); scikit-learn's SGD uses mini-batches. Same architecture and learning rate, different optimizer schedule and different divergence handling — the least matchable row in the table.",112.7927,114.7638,376.2,0.8156666666666667,0.6793622962530035,0.6561144034635308,0.7428156209405903,0.6561144034635308,,,,True,False
weka,mlp,credit_card_clients_default,binary,classification,matched,42,,ok,24000,6000,23,20,3,33,2.0,openml-schema,100,0,False,374.9264,0.1806,-H 100 -N 300 -L 0.05 -M 0.2 -D -I -C -S 42,3.9.6,"Weka updates weights per instance (online backprop); scikit-learn's SGD uses mini-batches. Same architecture and learning rate, different optimizer schedule and different divergence handling — the least matchable row in the table.",381.6553,383.8947,373.7,0.8223333333333334,0.6881202486611991,0.662552646147738,0.7598722398578335,0.662552646147738,,,,True,False
sklearn,naive_bayes,credit_card_clients_default,binary,classification,defaults,42,,ok,24000,6000,23,20,3,33,2.0,openml-schema,100,0,False,0.018,0.003,{'alpha': 1.0},1.8.0,All three use add-one (Laplace) smoothing on discrete attributes.,1.2627,1.255,218.3,0.7828333333333334,0.6887317427013108,0.69115262508686,0.6864895964899363,0.69115262508686,,,,,False
sklearn,naive_bayes,credit_card_clients_default,binary,classification,matched,42,,ok,24000,6000,23,20,3,33,2.0,openml-schema,100,0,False,0.0171,0.003,{'alpha': 1.0},1.8.0,All three use add-one (Laplace) smoothing on discrete attributes.,1.2877,1.2825,217.5,0.7828333333333334,0.6887317427013108,0.69115262508686,0.6864895964899363,0.69115262508686,,,,,False
tuiml,naive_bayes,credit_card_clients_default,binary,classification,defaults,42,,ok,24000,6000,23,20,3,33,2.0,openml-schema,100,0,False,0.0143,0.0037,{'alpha': 1.0},0.1.6,All three use add-one (Laplace) smoothing on discrete attributes.,0.3262,0.3261,325.8,0.7828333333333334,0.6887317427013108,0.69115262508686,0.6864895964899363,0.69115262508686,,,,,False
tuiml,naive_bayes,credit_card_clients_default,binary,classification,matched,42,,ok,24000,6000,23,20,3,33,2.0,openml-schema,100,0,False,0.0162,0.0038,{'alpha': 1.0},0.1.6,All three use add-one (Laplace) smoothing on discrete attributes.,0.3623,0.362,327.3,0.7828333333333334,0.6887317427013108,0.69115262508686,0.6864895964899363,0.69115262508686,,,,,False
weka,naive_bayes,credit_card_clients_default,binary,classification,defaults,42,,ok,24000,6000,23,20,3,33,2.0,openml-schema,100,0,False,0.0494,0.0646,,3.9.6,All three use add-one (Laplace) smoothing on discrete attributes.,7.2397,8.587,463.3,0.7828333333333334,0.6887317427013108,0.69115262508686,0.6864895964899363,0.69115262508686,,,,True,False
weka,naive_bayes,credit_card_clients_default,binary,classification,matched,42,,ok,24000,6000,23,20,3,33,2.0,openml-schema,100,0,False,0.0554,0.0647,,3.9.6,All three use add-one (Laplace) smoothing on discrete attributes.,7.3224,8.6839,460.4,0.7828333333333334,0.6887317427013108,0.69115262508686,0.6864895964899363,0.69115262508686,,,,True,False
sklearn,random_forest,credit_card_clients_default,binary,classification,defaults,42,,ok,24000,6000,23,20,3,33,2.0,openml-schema,100,0,False,7.5853,0.1602,"{'n_estimators': 100, 'random_state': 42}",1.8.0,"sqrt(p) is evaluated on each library's own representation: Weka splits on intact nominal attributes, scikit-learn/TuiML on one-hot columns.",8.9747,8.9612,262.0,0.8181666666666667,0.6823882848341474,0.6582589523648414,0.7492380952380953,0.6582589523648414,,,,,False
sklearn,random_forest,credit_card_clients_default,binary,classification,matched,42,,ok,24000,6000,23,20,3,33,2.0,openml-schema,100,0,False,7.9071,0.1724,"{'n_estimators': 100, 'max_features': 'sqrt', 'min_samples_leaf': 1, 'bootstrap': True, 'random_state': 42}",1.8.0,"sqrt(p) is evaluated on each library's own representation: Weka splits on intact nominal attributes, scikit-learn/TuiML on one-hot columns.",9.2936,9.2589,262.0,0.8181666666666667,0.6823882848341474,0.6582589523648414,0.7492380952380953,0.6582589523648414,,,,,False
tuiml,random_forest,credit_card_clients_default,binary,classification,defaults,42,,ok,24000,6000,23,20,3,33,2.0,openml-schema,100,0,False,28.3348,0.183,{'n_estimators': 100},0.1.6,"sqrt(p) is evaluated on each library's own representation: Weka splits on intact nominal attributes, scikit-learn/TuiML on one-hot columns.",29.2146,31.8179,1151.4,0.8188333333333333,0.6801310315126845,0.6554494376858448,0.7529584991376949,0.6554494376858448,,,,,False
tuiml,random_forest,credit_card_clients_default,binary,classification,matched,42,,ok,24000,6000,23,20,3,33,2.0,openml-schema,100,0,False,28.7178,0.2732,"{'n_estimators': 100, 'max_features': 'sqrt', 'min_samples_leaf': 1, 'bootstrap': True, 'random_state': 42}",0.1.6,"sqrt(p) is evaluated on each library's own representation: Weka splits on intact nominal attributes, scikit-learn/TuiML on one-hot columns.",29.772,32.6207,1211.4,0.8193333333333334,0.680642391953131,0.6557704306240002,0.7543938842872038,0.6557704306240002,,,,,False
weka,random_forest,credit_card_clients_default,binary,classification,defaults,42,,ok,24000,6000,23,20,3,33,2.0,openml-schema,100,0,False,15.8192,0.4222,-I 100,3.9.6,"sqrt(p) is evaluated on each library's own representation: Weka splits on intact nominal attributes, scikit-learn/TuiML on one-hot columns.",22.2713,25.2923,930.8,0.8186666666666667,0.6848188722425272,0.6607382821451326,0.7494473615125364,0.6607382821451326,,,,True,False
weka,random_forest,credit_card_clients_default,binary,classification,matched,42,,ok,24000,6000,23,20,3,33,2.0,openml-schema,100,0,False,14.3548,0.3951,-I 100 -K 4 -depth 0 -M 1 -P 100 -S 42,3.9.6,"sqrt(p) is evaluated on each library's own representation: Weka splits on intact nominal attributes, scikit-learn/TuiML on one-hot columns.",20.4788,23.4848,937.7,0.8176666666666667,0.6801737547191912,0.6560494146898173,0.7488949630376871,0.6560494146898173,,,,True,False
sklearn,svm,credit_card_clients_default,binary,classification,defaults,42,,ok,24000,6000,23,20,3,33,2.0,openml-schema,100,0,False,78.6817,3.6516,{},1.8.0,Both use one-vs-one for multiclass. Optimizer tolerances differ (SMO -T 1e-3 / -P 1e-12 vs libsvm tol 1e-3).,83.5691,83.508,440.7,0.8191666666666667,0.6727957731446351,0.6475696698199391,0.7596441947565543,0.6475696698199391,,,,,False
sklearn,svm,credit_card_clients_default,binary,classification,matched,42,,ok,24000,6000,23,20,3,33,2.0,openml-schema,100,0,False,63.3295,3.8208,"{'C': 1.0, 'kernel': 'rbf', 'gamma': 0.044000000000000004}",1.8.0,Both use one-vs-one for multiclass. Optimizer tolerances differ (SMO -T 1e-3 / -P 1e-12 vs libsvm tol 1e-3).,68.6926,68.6452,440.4,0.8191666666666667,0.6727957731446351,0.6475696698199391,0.7596441947565543,0.6475696698199391,,,,,False
tuiml,svm,credit_card_clients_default,binary,classification,defaults,42,,ok,24000,6000,23,20,3,33,2.0,openml-schema,100,0,False,31.3311,3.1912,{},0.1.6,Both use one-vs-one for multiclass. Optimizer tolerances differ (SMO -T 1e-3 / -P 1e-12 vs libsvm tol 1e-3).,34.7799,34.7769,511.8,0.819,0.6691471490903375,0.6439553748054166,0.7620300724292035,0.6439553748054166,,,,,False
tuiml,svm,credit_card_clients_default,binary,classification,matched,42,,ok,24000,6000,23,20,3,33,2.0,openml-schema,100,0,False,31.6567,3.2272,"{'C': 1.0, 'kernel': 'rbf', 'gamma': 0.044000000000000004}",0.1.6,Both use one-vs-one for multiclass. Optimizer tolerances differ (SMO -T 1e-3 / -P 1e-12 vs libsvm tol 1e-3).,35.1723,35.1312,511.7,0.819,0.6691471490903375,0.6439553748054166,0.7620300724292035,0.6439553748054166,,,,,False
weka,svm,credit_card_clients_default,binary,classification,defaults,42,,ok,24000,6000,23,20,3,33,2.0,openml-schema,100,0,False,959.2192,0.0594,,3.9.6,Both use one-vs-one for multiclass. Optimizer tolerances differ (SMO -T 1e-3 / -P 1e-12 vs libsvm tol 1e-3).,965.5021,969.4288,416.7,0.812,0.6258742866846624,0.6076260052497383,0.7722379471666343,0.6076260052497383,,,,True,False
weka,svm,credit_card_clients_default,binary,classification,matched,42,,ok,24000,6000,23,20,3,33,2.0,openml-schema,100,0,False,1667.6207,6.7368,-N 2 -C 1.0 -K weka.classifiers.functions.supportVector.RBFKernel -G 0.044,3.9.6,Both use one-vs-one for multiclass. Optimizer tolerances differ (SMO -T 1e-3 / -P 1e-12 vs libsvm tol 1e-3).,1680.7411,1686.2109,402.3,0.819,0.67262624890373,0.6474626721738874,0.75911193827058,0.6474626721738874,,,,True,False
sklearn,decision_tree,customer_satisfaction_in_airline,binary,classification,defaults,42,,ok,103904,25976,21,5,16,89,2.0,openml-schema,100,0,False,2.5172,0.0107,{'random_state': 42},1.8.0,"C4.5 vs CART: even matched, J48 splits on gain ratio while scikit-learn/TuiML use information gain. Related algorithms, not identical ones.",5.2767,5.2578,421.4,0.9366723129042193,0.9361006205257081,0.9361038265970194,0.9360974173011917,0.9361038265970194,,,,,False
sklearn,decision_tree,customer_satisfaction_in_airline,binary,classification,matched,42,,ok,103904,25976,21,5,16,89,2.0,openml-schema,100,0,False,1.9508,0.0201,"{'criterion': 'entropy', 'min_samples_leaf': 1, 'random_state': 42}",1.8.0,"C4.5 vs CART: even matched, J48 splits on gain ratio while scikit-learn/TuiML use information gain. Related algorithms, not identical ones.",4.7592,4.732,420.8,0.9375962426855559,0.9370475979190821,0.9371537273723638,0.9369445697600293,0.9371537273723638,,,,,False
tuiml,decision_tree,customer_satisfaction_in_airline,binary,classification,defaults,42,,ok,103904,25976,21,5,16,89,2.0,openml-schema,100,0,False,7.8562,0.4455,{},0.1.6,"C4.5 vs CART: even matched, J48 splits on gain ratio while scikit-learn/TuiML use information gain. Related algorithms, not identical ones.",9.6986,9.6885,531.6,0.9360563597166616,0.935489489211928,0.9355631743546566,0.9354173083335569,0.9355631743546566,,,,,False
tuiml,decision_tree,customer_satisfaction_in_airline,binary,classification,matched,42,,ok,103904,25976,21,5,16,89,2.0,openml-schema,100,0,False,6.211,0.3727,"{'criterion': 'entropy', 'min_samples_leaf': 1, 'random_state': 42}",0.1.6,"C4.5 vs CART: even matched, J48 splits on gain ratio while scikit-learn/TuiML use information gain. Related algorithms, not identical ones.",7.9737,7.969,531.9,0.9367878041268863,0.9362260240346263,0.9362902001351221,0.9361629863570098,0.9362902001351221,,,,,False
weka,decision_tree,customer_satisfaction_in_airline,binary,classification,defaults,42,,ok,103904,25976,21,5,16,89,2.0,openml-schema,100,0,False,5.0016,0.1869,,3.9.6,"C4.5 vs CART: even matched, J48 splits on gain ratio while scikit-learn/TuiML use information gain. Related algorithms, not identical ones.",25.2001,29.0606,949.6,0.9402525408068987,0.9398342079352713,0.9407860389133352,0.9391247282830137,0.9407860389133352,,,,True,False
weka,decision_tree,customer_satisfaction_in_airline,binary,classification,matched,42,,ok,103904,25976,21,5,16,89,2.0,openml-schema,100,0,False,5.6103,0.2055,-U -B -M 1,3.9.6,"C4.5 vs CART: even matched, J48 splits on gain ratio while scikit-learn/TuiML use information gain. Related algorithms, not identical ones.",25.7311,29.2845,948.5,0.9383276870957807,0.9377538870434041,0.9376381550116166,0.9378733180583809,0.9376381550116166,,,,True,False
sklearn,knn,customer_satisfaction_in_airline,binary,classification,defaults,42,,ok,103904,25976,21,5,16,89,2.0,openml-schema,100,0,False,0.0192,24.9029,{'n_neighbors': 5},1.8.0,Nominal attributes contribute a distance of 1 per mismatch in Weka but sqrt(2) across the corresponding one-hot columns. Neighbour-search structure is left to each library.,27.0886,27.0645,422.0,0.9322066522944257,0.9316591553428918,0.932083015281051,0.9312852761858526,0.932083015281051,,,,,False
sklearn,knn,customer_satisfaction_in_airline,binary,classification,matched,42,,ok,103904,25976,21,5,16,89,2.0,openml-schema,100,0,False,0.0164,25.436,"{'n_neighbors': 5, 'weights': 'uniform'}",1.8.0,Nominal attributes contribute a distance of 1 per mismatch in Weka but sqrt(2) across the corresponding one-hot columns. Neighbour-search structure is left to each library.,27.8342,27.7683,420.9,0.9322066522944257,0.9316591553428918,0.932083015281051,0.9312852761858526,0.932083015281051,,,,,False
tuiml,knn,customer_satisfaction_in_airline,binary,classification,defaults,42,,ok,103904,25976,21,5,16,89,2.0,openml-schema,100,0,False,0.0032,393.8563,{'k': 5},0.1.6,Nominal attributes contribute a distance of 1 per mismatch in Weka but sqrt(2) across the corresponding one-hot columns. Neighbour-search structure is left to each library.,395.2446,395.1607,531.0,0.9322066522944257,0.9316591553428918,0.932083015281051,0.9312852761858526,0.932083015281051,,,,,False
tuiml,knn,customer_satisfaction_in_airline,binary,classification,matched,42,,ok,103904,25976,21,5,16,89,2.0,openml-schema,100,0,False,0.0032,426.2802,"{'k': 5, 'distance_weighting': 'uniform'}",0.1.6,Nominal attributes contribute a distance of 1 per mismatch in Weka but sqrt(2) across the corresponding one-hot columns. Neighbour-search structure is left to each library.,427.6008,427.481,531.7,0.9322066522944257,0.9316591553428918,0.932083015281051,0.9312852761858526,0.932083015281051,,,,,False
weka,knn,customer_satisfaction_in_airline,binary,classification,defaults,42,,ok,103904,25976,21,5,16,89,2.0,openml-schema,100,0,False,0.0974,359.3045,-K 5,3.9.6,Nominal attributes contribute a distance of 1 per mismatch in Weka but sqrt(2) across the corresponding one-hot columns. Neighbour-search structure is left to each library.,378.6317,381.4651,948.3,0.9358638743455497,0.935356190871498,0.9358578219010463,0.9349235688884261,0.9358578219010463,,,,True,False
weka,knn,customer_satisfaction_in_airline,binary,classification,matched,42,,ok,103904,25976,21,5,16,89,2.0,openml-schema,100,0,False,0.106,303.049,"-K 5 -A weka.core.neighboursearch.LinearNNSearch -A ""weka.core.EuclideanDistance -R first-last -D""",3.9.6,Nominal attributes contribute a distance of 1 per mismatch in Weka but sqrt(2) across the corresponding one-hot columns. Neighbour-search structure is left to each library.,322.8745,325.5579,947.2,0.927317523868186,0.9267198034524855,0.9270725235410131,0.9264023500175032,0.9270725235410131,,,,True,False
sklearn,logistic,customer_satisfaction_in_airline,binary,classification,defaults,42,,ok,103904,25976,21,5,16,89,2.0,openml-schema,100,0,False,2.4074,0.0128,{'max_iter': 1000},1.8.0,Ridge 0.5 in Weka/TuiML corresponds to scikit-learn's C=1.0.,5.0602,5.0508,421.9,0.9034878349245458,0.9027378546099232,0.9032664571303507,0.9022949080757392,0.9032664571303507,,,,,False
sklearn,logistic,customer_satisfaction_in_airline,binary,classification,matched,42,,ok,103904,25976,21,5,16,89,2.0,openml-schema,100,0,False,1.7447,0.0082,"{'C': 1.0, 'max_iter': 1000}",1.8.0,Ridge 0.5 in Weka/TuiML corresponds to scikit-learn's C=1.0.,4.0894,4.0795,421.6,0.9034878349245458,0.9027378546099232,0.9032664571303507,0.9022949080757392,0.9032664571303507,,,,,False
tuiml,logistic,customer_satisfaction_in_airline,binary,classification,defaults,42,,ok,103904,25976,21,5,16,89,2.0,openml-schema,100,0,False,1.4374,0.0142,{},0.1.6,Ridge 0.5 in Weka/TuiML corresponds to scikit-learn's C=1.0.,2.774,2.7728,602.1,0.9037958115183246,0.9030508643883552,0.9035919191927168,0.9025994057873676,0.9035919191927168,,,,,False
tuiml,logistic,customer_satisfaction_in_airline,binary,classification,matched,42,,ok,103904,25976,21,5,16,89,2.0,openml-schema,100,0,False,0.4969,0.0162,"{'ridge': 0.5, 'max_iter': 1000}",0.1.6,Ridge 0.5 in Weka/TuiML corresponds to scikit-learn's C=1.0.,1.9267,1.926,601.8,0.8706498306128734,0.8690104365289228,0.8678344324422258,0.8707214068548812,0.8678344324422258,,,,,False
weka,logistic,customer_satisfaction_in_airline,binary,classification,defaults,42,,ok,103904,25976,21,5,16,89,2.0,openml-schema,100,0,False,13.653,0.2343,,3.9.6,Ridge 0.5 in Weka/TuiML corresponds to scikit-learn's C=1.0.,33.3975,37.2617,1119.4,0.9039113027409917,0.9031665911577482,0.9037047781425733,0.9027170262684425,0.9037047781425733,,,,True,False
weka,logistic,customer_satisfaction_in_airline,binary,classification,matched,42,,ok,103904,25976,21,5,16,89,2.0,openml-schema,100,0,False,16.8943,0.2306,-R 0.5 -M 1000,3.9.6,Ridge 0.5 in Weka/TuiML corresponds to scikit-learn's C=1.0.,35.8079,39.6136,1126.9,0.9039113027409917,0.9031665911577482,0.9037047781425733,0.9027170262684425,0.9037047781425733,,,,True,False
sklearn,mlp,customer_satisfaction_in_airline,binary,classification,defaults,42,,ok,103904,25976,21,5,16,89,2.0,openml-schema,100,0,False,127.9475,0.0398,"{'max_iter': 300, 'random_state': 42}",1.8.0,"Weka updates weights per instance (online backprop); scikit-learn's SGD uses mini-batches. Same architecture and learning rate, different optimizer schedule and different divergence handling — the least matchable row in the table.",130.4529,130.2167,421.9,0.9450646750846936,0.9446279164463369,0.9451233727023992,0.9441977743641795,0.9451233727023992,,,,,False
sklearn,mlp,customer_satisfaction_in_airline,binary,classification,matched,42,,ok,103904,25976,21,5,16,89,2.0,openml-schema,100,0,False,128.4178,0.0586,"{'hidden_layer_sizes': (100,), 'max_iter': 300, 'solver': 'sgd', 'learning_rate': 'adaptive', 'learning_rate_init': 0.05, 'momentum': 0.2, 'activation': 'logistic', 'random_state': 42}",1.8.0,"Weka updates weights per instance (online backprop); scikit-learn's SGD uses mini-batches. Same architecture and learning rate, different optimizer schedule and different divergence handling — the least matchable row in the table.",130.7762,130.6703,421.6,0.9496458269171543,0.9493081782265346,0.9504332763801642,0.9485108612674872,0.9504332763801642,,,,,False
tuiml,mlp,customer_satisfaction_in_airline,binary,classification,defaults,42,,ok,103904,25976,21,5,16,89,2.0,openml-schema,100,0,False,210.9065,0.0893,{},0.1.6,"Weka updates weights per instance (online backprop); scikit-learn's SGD uses mini-batches. Same architecture and learning rate, different optimizer schedule and different divergence handling — the least matchable row in the table.",212.4715,212.3476,845.6,0.9435247921157992,0.9431156470998725,0.9439518528376957,0.9424650434684818,0.9439518528376957,,,,,False
tuiml,mlp,customer_satisfaction_in_airline,binary,classification,matched,42,,ok,103904,25976,21,5,16,89,2.0,openml-schema,100,0,False,168.0243,0.0958,"{'hidden_layers': [100], 'max_epochs': 300, 'learning_rate': 0.05, 'momentum': 0.2, 'decay': True, 'activation': 'sigmoid', 'random_state': 42}",0.1.6,"Weka updates weights per instance (online backprop); scikit-learn's SGD uses mini-batches. Same architecture and learning rate, different optimizer schedule and different divergence handling — the least matchable row in the table.",169.4714,169.4195,1007.2,0.8703803510933169,0.8691200677944619,0.8688747535907944,0.869387278300428,0.8688747535907944,,,,,False
weka,mlp,customer_satisfaction_in_airline,binary,classification,defaults,42,,ok,103904,25976,21,5,16,89,2.0,openml-schema,100,0,False,2229.8662,0.5379,,3.9.6,"Weka updates weights per instance (online backprop); scikit-learn's SGD uses mini-batches. Same architecture and learning rate, different optimizer schedule and different divergence handling — the least matchable row in the table.",2249.4991,2256.8111,952.5,0.9459886048660302,0.9455901197133046,0.9463644114071839,0.9449739352582885,0.9463644114071839,,,,True,False
weka,mlp,customer_satisfaction_in_airline,binary,classification,matched,42,,ok,103904,25976,21,5,16,89,2.0,openml-schema,100,0,False,3569.4495,1.3228,-H 100 -N 300 -L 0.05 -M 0.2 -D -I -C -S 42,3.9.6,"Weka updates weights per instance (online backprop); scikit-learn's SGD uses mini-batches. Same architecture and learning rate, different optimizer schedule and different divergence handling — the least matchable row in the table.",3590.1233,3598.4505,946.2,0.9497998152140438,0.9494483293476764,0.9504195723995561,0.9487219532427041,0.9504195723995561,,,,True,False
sklearn,naive_bayes,customer_satisfaction_in_airline,binary,classification,defaults,42,,ok,103904,25976,21,5,16,89,2.0,openml-schema,100,0,False,0.2068,0.016,{'alpha': 1.0},1.8.0,All three use add-one (Laplace) smoothing on discrete attributes.,3.064,3.0178,285.4,0.8559824453341546,0.854602067521506,0.8544129267047054,0.8548050534351931,0.8544129267047054,,,,,False
sklearn,naive_bayes,customer_satisfaction_in_airline,binary,classification,matched,42,,ok,103904,25976,21,5,16,89,2.0,openml-schema,100,0,False,0.1216,0.0112,{'alpha': 1.0},1.8.0,All three use add-one (Laplace) smoothing on discrete attributes.,2.2048,2.1996,287.2,0.8559824453341546,0.854602067521506,0.8544129267047054,0.8548050534351931,0.8544129267047054,,,,,False
tuiml,naive_bayes,customer_satisfaction_in_airline,binary,classification,defaults,42,,ok,103904,25976,21,5,16,89,2.0,openml-schema,100,0,False,0.1251,0.0219,{'alpha': 1.0},0.1.6,All three use add-one (Laplace) smoothing on discrete attributes.,1.5122,1.4979,395.3,0.8559824453341546,0.854602067521506,0.8544129267047054,0.8548050534351931,0.8544129267047054,,,,,False
tuiml,naive_bayes,customer_satisfaction_in_airline,binary,classification,matched,42,,ok,103904,25976,21,5,16,89,2.0,openml-schema,100,0,False,0.1478,0.0141,{'alpha': 1.0},0.1.6,All three use add-one (Laplace) smoothing on discrete attributes.,1.5018,1.4933,395.3,0.8559824453341546,0.854602067521506,0.8544129267047054,0.8548050534351931,0.8544129267047054,,,,,False
weka,naive_bayes,customer_satisfaction_in_airline,binary,classification,defaults,42,,ok,103904,25976,21,5,16,89,2.0,openml-schema,100,0,False,0.0949,0.2324,,3.9.6,All three use add-one (Laplace) smoothing on discrete attributes.,20.4035,22.2688,953.1,0.8559824453341546,0.854602067521506,0.8544129267047054,0.8548050534351931,0.8544129267047054,,,,True,False
weka,naive_bayes,customer_satisfaction_in_airline,binary,classification,matched,42,,ok,103904,25976,21,5,16,89,2.0,openml-schema,100,0,False,0.0928,0.2435,,3.9.6,All three use add-one (Laplace) smoothing on discrete attributes.,20.276,22.0414,953.2,0.8559824453341546,0.854602067521506,0.8544129267047054,0.8548050534351931,0.8544129267047054,,,,True,False
sklearn,random_forest,customer_satisfaction_in_airline,binary,classification,defaults,42,,ok,103904,25976,21,5,16,89,2.0,openml-schema,100,0,False,18.6657,0.622,"{'n_estimators': 100, 'random_state': 42}",1.8.0,"sqrt(p) is evaluated on each library's own representation: Weka splits on intact nominal attributes, scikit-learn/TuiML on one-hot columns.",21.6224,21.5869,458.6,0.956690791499846,0.9563816034419006,0.9572956179449361,0.9556801444927288,0.9572956179449361,,,,,False
sklearn,random_forest,customer_satisfaction_in_airline,binary,classification,matched,42,,ok,103904,25976,21,5,16,89,2.0,openml-schema,100,0,False,21.1275,0.6597,"{'n_estimators': 100, 'max_features': 'sqrt', 'min_samples_leaf': 1, 'bootstrap': True, 'random_state': 42}",1.8.0,"sqrt(p) is evaluated on each library's own representation: Weka splits on intact nominal attributes, scikit-learn/TuiML on one-hot columns.",24.25,24.2185,457.7,0.956690791499846,0.9563816034419006,0.9572956179449361,0.9556801444927288,0.9572956179449361,,,,,False
tuiml,random_forest,customer_satisfaction_in_airline,binary,classification,defaults,42,,ok,103904,25976,21,5,16,89,2.0,openml-schema,100,0,False,157.7895,1.7773,{'n_estimators': 100},0.1.6,"sqrt(p) is evaluated on each library's own representation: Weka splits on intact nominal attributes, scikit-learn/TuiML on one-hot columns.",162.1397,176.6357,2503.8,0.9569217739451802,0.9566051026350972,0.9574110639622797,0.9559645988119687,0.9574110639622797,,,,,False
tuiml,random_forest,customer_satisfaction_in_airline,binary,classification,matched,42,,ok,103904,25976,21,5,16,89,2.0,openml-schema,100,0,False,153.7646,1.7658,"{'n_estimators': 100, 'max_features': 'sqrt', 'min_samples_leaf': 1, 'bootstrap': True, 'random_state': 42}",0.1.6,"sqrt(p) is evaluated on each library's own representation: Weka splits on intact nominal attributes, scikit-learn/TuiML on one-hot columns.",157.9094,171.4954,2517.9,0.9559593470896212,0.9556411611535414,0.9565097804938736,0.9549650877556911,0.9565097804938736,,,,,False
weka,random_forest,customer_satisfaction_in_airline,binary,classification,defaults,42,,ok,103904,25976,21,5,16,89,2.0,openml-schema,100,0,False,21.6254,0.996,-I 100,3.9.6,"sqrt(p) is evaluated on each library's own representation: Weka splits on intact nominal attributes, scikit-learn/TuiML on one-hot columns.",42.3844,46.9458,1159.3,0.9528025870033877,0.9524406683203264,0.9530819011193137,0.9519058377262712,0.9530819011193137,,,,True,False
weka,random_forest,customer_satisfaction_in_airline,binary,classification,matched,42,,ok,103904,25976,21,5,16,89,2.0,openml-schema,100,0,False,21.0965,1.5119,-I 100 -K 4 -depth 0 -M 1 -P 100 -S 42,3.9.6,"sqrt(p) is evaluated on each library's own representation: Weka splits on intact nominal attributes, scikit-learn/TuiML on one-hot columns.",41.7695,45.8706,1190.6,0.95218663381583,0.9518180327121442,0.9524383284534063,0.9512975379906103,0.9524383284534063,,,,True,False
sklearn,svm,customer_satisfaction_in_airline,binary,classification,defaults,42,,ok,103904,25976,21,5,16,89,2.0,openml-schema,100,0,False,943.092,35.8665,{},1.8.0,Both use one-vs-one for multiclass. Optimizer tolerances differ (SMO -T 1e-3 / -P 1e-12 vs libsvm tol 1e-3).,981.7358,981.5397,579.3,0.9538420080073914,0.9535415407648866,0.9547813173387123,0.952693987034505,0.9547813173387123,,,,,False
sklearn,svm,customer_satisfaction_in_airline,binary,classification,matched,42,,ok,103904,25976,21,5,16,89,2.0,openml-schema,100,0,False,853.789,43.7872,"{'C': 1.0, 'kernel': 'rbf', 'gamma': 0.05517668939863608}",1.8.0,Both use one-vs-one for multiclass. Optimizer tolerances differ (SMO -T 1e-3 / -P 1e-12 vs libsvm tol 1e-3).,900.098,899.8078,575.4,0.9538420080073914,0.9535415407648866,0.9547813173387123,0.952693987034505,0.9547813173387123,,,,,False
tuiml,svm,customer_satisfaction_in_airline,binary,classification,defaults,42,,ok,103904,25976,21,5,16,89,2.0,openml-schema,100,0,False,3055.2687,89.889,{},0.1.6,Both use one-vs-one for multiclass. Optimizer tolerances differ (SMO -T 1e-3 / -P 1e-12 vs libsvm tol 1e-3).,3146.6311,3146.251,676.2,0.9538420080073914,0.9535415407648866,0.9547813173387123,0.952693987034505,0.9547813173387123,,,,,False
tuiml,svm,customer_satisfaction_in_airline,binary,classification,matched,42,,ok,103904,25976,21,5,16,89,2.0,openml-schema,100,0,False,3029.1334,91.8479,"{'C': 1.0, 'kernel': 'rbf', 'gamma': 0.05517668939863608}",0.1.6,Both use one-vs-one for multiclass. Optimizer tolerances differ (SMO -T 1e-3 / -P 1e-12 vs libsvm tol 1e-3).,3122.3124,3121.9835,681.7,0.9538420080073914,0.9535415407648866,0.9547813173387123,0.952693987034505,0.9547813173387123,,,,,False
sklearn,decision_tree,diabetes,binary,classification,defaults,42,,ok,614,154,8,8,0,8,2.0,openml-schema,100,0,False,0.0044,0.0002,{'random_state': 42},1.8.0,"C4.5 vs CART: even matched, J48 splits on gain ratio while scikit-learn/TuiML use information gain. Related algorithms, not identical ones.",1.0196,1.0107,182.0,0.6688311688311688,0.6162603214931353,0.6129629629629629,0.6278022208254765,0.6129629629629629,,,,,False
sklearn,decision_tree,diabetes,binary,classification,matched,42,,ok,614,154,8,8,0,8,2.0,openml-schema,100,0,False,0.0049,0.0002,"{'criterion': 'entropy', 'min_samples_leaf': 1, 'random_state': 42}",1.8.0,"C4.5 vs CART: even matched, J48 splits on gain ratio while scikit-learn/TuiML use information gain. Related algorithms, not identical ones.",1.1184,1.106,182.0,0.7597402597402597,0.7216006253969804,0.7127777777777777,0.7407291011942174,0.7127777777777777,,,,,False
tuiml,decision_tree,diabetes,binary,classification,defaults,42,,ok,614,154,8,8,0,8,2.0,openml-schema,100,0,False,0.0061,0.0014,{},0.1.6,"C4.5 vs CART: even matched, J48 splits on gain ratio while scikit-learn/TuiML use information gain. Related algorithms, not identical ones.",0.1197,0.1197,289.0,0.6753246753246753,0.6216588050314465,0.617962962962963,0.6354166666666667,0.617962962962963,,,,,False
tuiml,decision_tree,diabetes,binary,classification,matched,42,,ok,614,154,8,8,0,8,2.0,openml-schema,100,0,False,0.0056,0.0012,"{'criterion': 'entropy', 'min_samples_leaf': 1, 'random_state': 42}",0.1.6,"C4.5 vs CART: even matched, J48 splits on gain ratio while scikit-learn/TuiML use information gain. Related algorithms, not identical ones.",0.0872,0.087,289.0,0.7532467532467533,0.7156462585034014,0.7077777777777778,0.7318181818181818,0.7077777777777778,,,,,False
weka,decision_tree,diabetes,binary,classification,defaults,42,,ok,614,154,8,8,0,8,2.0,openml-schema,100,0,False,0.0555,0.002,,3.9.6,"C4.5 vs CART: even matched, J48 splits on gain ratio while scikit-learn/TuiML use information gain. Related algorithms, not identical ones.",1.8917,2.6804,290.0,0.7727272727272727,0.7196650543506528,0.7057407407407408,0.778236914600551,0.7057407407407408,,,,True,False
weka,decision_tree,diabetes,binary,classification,matched,42,,ok,614,154,8,8,0,8,2.0,openml-schema,100,0,False,0.0458,0.0023,-U -B -M 1,3.9.6,"C4.5 vs CART: even matched, J48 splits on gain ratio while scikit-learn/TuiML use information gain. Related algorithms, not identical ones.",1.9929,2.7785,289.8,0.7597402597402597,0.7036459145992615,0.6914814814814815,0.7589531680440771,0.6914814814814815,,,,True,False
sklearn,knn,diabetes,binary,classification,defaults,42,,ok,614,154,8,8,0,8,2.0,openml-schema,100,0,False,0.0012,0.0032,{'n_neighbors': 5},1.8.0,Nominal attributes contribute a distance of 1 per mismatch in Weka but sqrt(2) across the corresponding one-hot columns. Neighbour-search structure is left to each library.,1.0946,1.0904,180.0,0.7402597402597403,0.6900161030595813,0.6807407407407408,0.721415607985481,0.6807407407407408,,,,,False
sklearn,knn,diabetes,binary,classification,matched,42,,ok,614,154,8,8,0,8,2.0,openml-schema,100,0,False,0.0012,0.0031,"{'n_neighbors': 5, 'weights': 'uniform'}",1.8.0,Nominal attributes contribute a distance of 1 per mismatch in Weka but sqrt(2) across the corresponding one-hot columns. Neighbour-search structure is left to each library.,1.1812,1.1719,181.0,0.7402597402597403,0.6900161030595813,0.6807407407407408,0.721415607985481,0.6807407407407408,,,,,False
tuiml,knn,diabetes,binary,classification,defaults,42,,ok,614,154,8,8,0,8,2.0,openml-schema,100,0,False,0.0001,0.0015,{'k': 5},0.1.6,Nominal attributes contribute a distance of 1 per mismatch in Weka but sqrt(2) across the corresponding one-hot columns. Neighbour-search structure is left to each library.,0.0806,0.0806,290.0,0.7402597402597403,0.6900161030595813,0.6807407407407408,0.721415607985481,0.6807407407407408,,,,,False
tuiml,knn,diabetes,binary,classification,matched,42,,ok,614,154,8,8,0,8,2.0,openml-schema,100,0,False,0.0001,0.0018,"{'k': 5, 'distance_weighting': 'uniform'}",0.1.6,Nominal attributes contribute a distance of 1 per mismatch in Weka but sqrt(2) across the corresponding one-hot columns. Neighbour-search structure is left to each library.,0.1125,0.1111,289.0,0.7402597402597403,0.6900161030595813,0.6807407407407408,0.721415607985481,0.6807407407407408,,,,,False
weka,knn,diabetes,binary,classification,defaults,42,,ok,614,154,8,8,0,8,2.0,openml-schema,100,0,False,0.0022,0.0478,-K 5,3.9.6,Nominal attributes contribute a distance of 1 per mismatch in Weka but sqrt(2) across the corresponding one-hot columns. Neighbour-search structure is left to each library.,1.6819,2.4192,289.2,0.7142857142857143,0.6590177133655395,0.6522222222222223,0.6864791288566243,0.6522222222222223,,,,True,False
weka,knn,diabetes,binary,classification,matched,42,,ok,614,154,8,8,0,8,2.0,openml-schema,100,0,False,0.0023,0.0485,"-K 5 -A weka.core.neighboursearch.LinearNNSearch -A ""weka.core.EuclideanDistance -R first-last -D""",3.9.6,Nominal attributes contribute a distance of 1 per mismatch in Weka but sqrt(2) across the corresponding one-hot columns. Neighbour-search structure is left to each library.,1.8836,2.6448,298.7,0.7402597402597403,0.6900161030595813,0.6807407407407408,0.721415607985481,0.6807407407407408,,,,True,False
sklearn,logistic,diabetes,binary,classification,defaults,42,,ok,614,154,8,8,0,8,2.0,openml-schema,100,0,False,0.0026,0.0002,{'max_iter': 1000},1.8.0,Ridge 0.5 in Weka/TuiML corresponds to scikit-learn's C=1.0.,1.0988,1.0891,182.0,0.7792207792207793,0.7257490048187722,0.7107407407407407,0.7914959016393442,0.7107407407407407,,,,,False
sklearn,logistic,diabetes,binary,classification,matched,42,,ok,614,154,8,8,0,8,2.0,openml-schema,100,0,False,0.0033,0.0004,"{'C': 1.0, 'max_iter': 1000}",1.8.0,Ridge 0.5 in Weka/TuiML corresponds to scikit-learn's C=1.0.,1.2838,1.2777,180.0,0.7792207792207793,0.7257490048187722,0.7107407407407407,0.7914959016393442,0.7107407407407407,,,,,False
tuiml,logistic,diabetes,binary,classification,defaults,42,,ok,614,154,8,8,0,8,2.0,openml-schema,100,0,False,0.0023,0.0001,{},0.1.6,Ridge 0.5 in Weka/TuiML corresponds to scikit-learn's C=1.0.,0.0786,0.0785,290.0,0.7792207792207793,0.7257490048187722,0.7107407407407407,0.7914959016393442,0.7107407407407407,,,,,False
tuiml,logistic,diabetes,binary,classification,matched,42,,ok,614,154,8,8,0,8,2.0,openml-schema,100,0,False,0.002,0.0001,"{'ridge': 0.5, 'max_iter': 1000}",0.1.6,Ridge 0.5 in Weka/TuiML corresponds to scikit-learn's C=1.0.,0.0731,0.0729,289.6,0.6753246753246753,0.48252688172043007,0.5412962962962963,0.7511261261261262,0.5412962962962963,,,,,False
weka,logistic,diabetes,binary,classification,defaults,42,,ok,614,154,8,8,0,8,2.0,openml-schema,100,0,False,0.0504,0.0034,,3.9.6,Ridge 0.5 in Weka/TuiML corresponds to scikit-learn's C=1.0.,2.8557,3.6677,299.2,0.7792207792207793,0.7257490048187722,0.7107407407407407,0.7914959016393442,0.7107407407407407,,,,True,False
weka,logistic,diabetes,binary,classification,matched,42,,ok,614,154,8,8,0,8,2.0,openml-schema,100,0,False,0.0398,0.0025,-R 0.5 -M 1000,3.9.6,Ridge 0.5 in Weka/TuiML corresponds to scikit-learn's C=1.0.,1.6397,2.4058,305.2,0.7792207792207793,0.7257490048187722,0.7107407407407407,0.7914959016393442,0.7107407407407407,,,,True,False
sklearn,mlp,diabetes,binary,classification,defaults,42,,ok,614,154,8,8,0,8,2.0,openml-schema,100,0,False,0.5812,0.0008,"{'max_iter': 300, 'random_state': 42}",1.8.0,"Weka updates weights per instance (online backprop); scikit-learn's SGD uses mini-batches. Same architecture and learning rate, different optimizer schedule and different divergence handling — the least matchable row in the table.",1.8688,1.8571,180.0,0.7662337662337663,0.7275943396226415,0.7177777777777778,0.75,0.7177777777777778,,,,,False
sklearn,mlp,diabetes,binary,classification,matched,42,,ok,614,154,8,8,0,8,2.0,openml-schema,100,0,False,0.6194,0.0025,"{'hidden_layer_sizes': (100,), 'max_iter': 300, 'solver': 'sgd', 'learning_rate': 'adaptive', 'learning_rate_init': 0.05, 'momentum': 0.2, 'activation': 'logistic', 'random_state': 42}",1.8.0,"Weka updates weights per instance (online backprop); scikit-learn's SGD uses mini-batches. Same architecture and learning rate, different optimizer schedule and different divergence handling — the least matchable row in the table.",1.7463,1.7345,180.0,0.7857142857142857,0.735684194102044,0.72,0.7975206611570248,0.72,,,,,False
tuiml,mlp,diabetes,binary,classification,defaults,42,,ok,614,154,8,8,0,8,2.0,openml-schema,100,0,False,0.3219,0.0001,{},0.1.6,"Weka updates weights per instance (online backprop); scikit-learn's SGD uses mini-batches. Same architecture and learning rate, different optimizer schedule and different divergence handling — the least matchable row in the table.",0.3943,0.3942,290.0,0.7467532467532467,0.6996249062265567,0.69,0.7287625418060201,0.69,,,,,False
tuiml,mlp,diabetes,binary,classification,matched,42,,ok,614,154,8,8,0,8,2.0,openml-schema,100,0,False,0.3918,0.0003,"{'hidden_layers': [100], 'max_epochs': 300, 'learning_rate': 0.05, 'momentum': 0.2, 'decay': True, 'activation': 'sigmoid', 'random_state': 42}",0.1.6,"Weka updates weights per instance (online backprop); scikit-learn's SGD uses mini-batches. Same architecture and learning rate, different optimizer schedule and different divergence handling — the least matchable row in the table.",0.4755,0.4752,293.0,0.7662337662337663,0.6960526315789474,0.6837037037037037,0.7980769230769231,0.6837037037037037,,,,,False
weka,mlp,diabetes,binary,classification,defaults,42,,ok,614,154,8,8,0,8,2.0,openml-schema,100,0,False,0.4387,0.0025,,3.9.6,"Weka updates weights per instance (online backprop); scikit-learn's SGD uses mini-batches. Same architecture and learning rate, different optimizer schedule and different divergence handling — the least matchable row in the table.",2.1412,3.1641,292.1,0.7597402597402597,0.7216006253969804,0.7127777777777777,0.7407291011942174,0.7127777777777777,,,,True,False
weka,mlp,diabetes,binary,classification,matched,42,,ok,614,154,8,8,0,8,2.0,openml-schema,100,0,False,3.4007,0.0038,-H 100 -N 300 -L 0.05 -M 0.2 -D -I -C -S 42,3.9.6,"Weka updates weights per instance (online backprop); scikit-learn's SGD uses mini-batches. Same architecture and learning rate, different optimizer schedule and different divergence handling — the least matchable row in the table.",5.1207,6.1573,295.2,0.7662337662337663,0.7174311926605504,0.7050000000000001,0.7605932203389831,0.7050000000000001,,,,True,False
sklearn,naive_bayes,diabetes,binary,classification,defaults,42,,ok,614,154,8,8,0,8,2.0,openml-schema,100,0,False,0.004,0.0002,{'alpha': 1.0},1.8.0,All three use add-one (Laplace) smoothing on discrete attributes.,1.0461,1.0432,181.0,0.7857142857142857,0.7637048402845585,0.7625925925925926,0.7648981879320007,0.7625925925925926,,,,,False
sklearn,naive_bayes,diabetes,binary,classification,matched,42,,ok,614,154,8,8,0,8,2.0,openml-schema,100,0,False,0.009,0.0005,{'alpha': 1.0},1.8.0,All three use add-one (Laplace) smoothing on discrete attributes.,1.4478,1.4341,178.0,0.7857142857142857,0.7637048402845585,0.7625925925925926,0.7648981879320007,0.7625925925925926,,,,,False
tuiml,naive_bayes,diabetes,binary,classification,defaults,42,,ok,614,154,8,8,0,8,2.0,openml-schema,100,0,False,0.0006,0.0002,{'alpha': 1.0},0.1.6,All three use add-one (Laplace) smoothing on discrete attributes.,0.0805,0.0801,289.0,0.7857142857142857,0.7637048402845585,0.7625925925925926,0.7648981879320007,0.7625925925925926,,,,,False
tuiml,naive_bayes,diabetes,binary,classification,matched,42,,ok,614,154,8,8,0,8,2.0,openml-schema,100,0,False,0.0007,0.0002,{'alpha': 1.0},0.1.6,All three use add-one (Laplace) smoothing on discrete attributes.,0.0893,0.0892,287.7,0.7857142857142857,0.7637048402845585,0.7625925925925926,0.7648981879320007,0.7625925925925926,,,,,False
weka,naive_bayes,diabetes,binary,classification,defaults,42,,ok,614,154,8,8,0,8,2.0,openml-schema,100,0,False,0.0046,0.0031,,3.9.6,All three use add-one (Laplace) smoothing on discrete attributes.,2.3085,3.0118,300.7,0.7857142857142857,0.7637048402845585,0.7625925925925926,0.7648981879320007,0.7625925925925926,,,,True,False
weka,naive_bayes,diabetes,binary,classification,matched,42,,ok,614,154,8,8,0,8,2.0,openml-schema,100,0,False,0.0045,0.0028,,3.9.6,All three use add-one (Laplace) smoothing on discrete attributes.,1.8398,2.584,291.0,0.7857142857142857,0.7637048402845585,0.7625925925925926,0.7648981879320007,0.7625925925925926,,,,True,False
sklearn,random_forest,diabetes,binary,classification,defaults,42,,ok,614,154,8,8,0,8,2.0,openml-schema,100,0,False,0.2333,0.0122,"{'n_estimators': 100, 'random_state': 42}",1.8.0,"sqrt(p) is evaluated on each library's own representation: Weka splits on intact nominal attributes, scikit-learn/TuiML on one-hot columns.",1.5167,1.5073,185.0,0.7467532467532467,0.6876267748478702,0.6772222222222222,0.7396694214876034,0.6772222222222222,,,,,False
sklearn,random_forest,diabetes,binary,classification,matched,42,,ok,614,154,8,8,0,8,2.0,openml-schema,100,0,False,0.1831,0.0106,"{'n_estimators': 100, 'max_features': 'sqrt', 'min_samples_leaf': 1, 'bootstrap': True, 'random_state': 42}",1.8.0,"sqrt(p) is evaluated on each library's own representation: Weka splits on intact nominal attributes, scikit-learn/TuiML on one-hot columns.",1.4526,1.4412,185.0,0.7467532467532467,0.6876267748478702,0.6772222222222222,0.7396694214876034,0.6772222222222222,,,,,False
tuiml,random_forest,diabetes,binary,classification,defaults,42,,ok,614,154,8,8,0,8,2.0,openml-schema,100,0,False,0.4709,0.0051,{'n_estimators': 100},0.1.6,"sqrt(p) is evaluated on each library's own representation: Weka splits on intact nominal attributes, scikit-learn/TuiML on one-hot columns.",0.5839,0.6088,296.0,0.7662337662337663,0.7136363636363636,0.7007407407407408,0.7656862745098039,0.7007407407407408,,,,,False
tuiml,random_forest,diabetes,binary,classification,matched,42,,ok,614,154,8,8,0,8,2.0,openml-schema,100,0,False,0.42,0.0052,"{'n_estimators': 100, 'max_features': 'sqrt', 'min_samples_leaf': 1, 'bootstrap': True, 'random_state': 42}",0.1.6,"sqrt(p) is evaluated on each library's own representation: Weka splits on intact nominal attributes, scikit-learn/TuiML on one-hot columns.",0.5188,0.5283,301.0,0.7467532467532467,0.6876267748478702,0.6772222222222222,0.7396694214876034,0.6772222222222222,,,,,False
weka,random_forest,diabetes,binary,classification,defaults,42,,ok,614,154,8,8,0,8,2.0,openml-schema,100,0,False,0.3982,0.0282,-I 100,3.9.6,"sqrt(p) is evaluated on each library's own representation: Weka splits on intact nominal attributes, scikit-learn/TuiML on one-hot columns.",2.8102,4.2427,321.8,0.8051948051948052,0.772995283018868,0.7605555555555557,0.7991071428571428,0.7605555555555557,,,,True,False
weka,random_forest,diabetes,binary,classification,matched,42,,ok,614,154,8,8,0,8,2.0,openml-schema,100,0,False,0.2876,0.0283,-I 100 -K 2 -depth 0 -M 1 -P 100 -S 42,3.9.6,"sqrt(p) is evaluated on each library's own representation: Weka splits on intact nominal attributes, scikit-learn/TuiML on one-hot columns.",1.8589,2.966,313.5,0.7532467532467533,0.7017329255861366,0.6907407407407408,0.7424670433145009,0.6907407407407408,,,,True,False
sklearn,svm,diabetes,binary,classification,defaults,42,,ok,614,154,8,8,0,8,2.0,openml-schema,100,0,False,0.0102,0.0032,{},1.8.0,Both use one-vs-one for multiclass. Optimizer tolerances differ (SMO -T 1e-3 / -P 1e-12 vs libsvm tol 1e-3).,0.9909,0.9824,181.0,0.7467532467532467,0.6876267748478702,0.6772222222222222,0.7396694214876034,0.6772222222222222,,,,,False
sklearn,svm,diabetes,binary,classification,matched,42,,ok,614,154,8,8,0,8,2.0,openml-schema,100,0,False,0.0102,0.0032,"{'C': 1.0, 'kernel': 'rbf', 'gamma': 0.125}",1.8.0,Both use one-vs-one for multiclass. Optimizer tolerances differ (SMO -T 1e-3 / -P 1e-12 vs libsvm tol 1e-3).,1.0194,1.0092,181.0,0.7467532467532467,0.6876267748478702,0.6772222222222222,0.7396694214876034,0.6772222222222222,,,,,False
tuiml,svm,diabetes,binary,classification,defaults,42,,ok,614,154,8,8,0,8,2.0,openml-schema,100,0,False,0.0095,0.001,{},0.1.6,Both use one-vs-one for multiclass. Optimizer tolerances differ (SMO -T 1e-3 / -P 1e-12 vs libsvm tol 1e-3).,0.088,0.0881,290.4,0.7467532467532467,0.6876267748478702,0.6772222222222222,0.7396694214876034,0.6772222222222222,,,,,False
tuiml,svm,diabetes,binary,classification,matched,42,,ok,614,154,8,8,0,8,2.0,openml-schema,100,0,False,0.0096,0.001,"{'C': 1.0, 'kernel': 'rbf', 'gamma': 0.125}",0.1.6,Both use one-vs-one for multiclass. Optimizer tolerances differ (SMO -T 1e-3 / -P 1e-12 vs libsvm tol 1e-3).,0.0895,0.0895,291.0,0.7467532467532467,0.6876267748478702,0.6772222222222222,0.7396694214876034,0.6772222222222222,,,,,False
weka,svm,diabetes,binary,classification,defaults,42,,ok,614,154,8,8,0,8,2.0,openml-schema,100,0,False,0.0799,0.0031,,3.9.6,Both use one-vs-one for multiclass. Optimizer tolerances differ (SMO -T 1e-3 / -P 1e-12 vs libsvm tol 1e-3).,2.5524,3.3323,295.6,0.7662337662337663,0.7053571428571428,0.6922222222222222,0.7790322580645161,0.6922222222222222,,,,True,False
weka,svm,diabetes,binary,classification,matched,42,,ok,614,154,8,8,0,8,2.0,openml-schema,100,0,False,0.1626,0.0109,-N 2 -C 1.0 -K weka.classifiers.functions.supportVector.RBFKernel -G 0.125,3.9.6,Both use one-vs-one for multiclass. Optimizer tolerances differ (SMO -T 1e-3 / -P 1e-12 vs libsvm tol 1e-3).,2.5672,3.6008,303.4,0.7467532467532467,0.6876267748478702,0.6772222222222222,0.7396694214876034,0.6772222222222222,,,,True,False
sklearn,decision_tree,hazelnut-spread-contaminant-detection,binary,classification,defaults,42,,ok,1920,480,30,30,0,30,2.0,openml-schema,100,0,False,0.0782,0.0006,{'random_state': 42},1.8.0,"C4.5 vs CART: even matched, J48 splits on gain ratio while scikit-learn/TuiML use information gain. Related algorithms, not identical ones.",1.6205,1.6145,184.4,0.8645833333333334,0.8644839313558991,0.8645833333333334,0.8656561787188104,0.8645833333333334,,,,,False
sklearn,decision_tree,hazelnut-spread-contaminant-detection,binary,classification,matched,42,,ok,1920,480,30,30,0,30,2.0,openml-schema,100,0,False,0.0689,0.0005,"{'criterion': 'entropy', 'min_samples_leaf': 1, 'random_state': 42}",1.8.0,"C4.5 vs CART: even matched, J48 splits on gain ratio while scikit-learn/TuiML use information gain. Related algorithms, not identical ones.",1.2818,1.2701,182.5,0.875,0.874945722970039,0.875,0.8756521739130434,0.875,,,,,False
tuiml,decision_tree,hazelnut-spread-contaminant-detection,binary,classification,defaults,42,,ok,1920,480,30,30,0,30,2.0,openml-schema,100,0,False,0.0759,0.0057,{},0.1.6,"C4.5 vs CART: even matched, J48 splits on gain ratio while scikit-learn/TuiML use information gain. Related algorithms, not identical ones.",0.2236,0.2212,289.9,0.8583333333333333,0.8582718193660444,0.8583333333333334,0.8589565217391304,0.8583333333333334,,,,,False
tuiml,decision_tree,hazelnut-spread-contaminant-detection,binary,classification,matched,42,,ok,1920,480,30,30,0,30,2.0,openml-schema,100,0,False,0.0658,0.004,"{'criterion': 'entropy', 'min_samples_leaf': 1, 'random_state': 42}",0.1.6,"C4.5 vs CART: even matched, J48 splits on gain ratio while scikit-learn/TuiML use information gain. Related algorithms, not identical ones.",0.1812,0.1806,292.8,0.8583333333333333,0.8581757508342602,0.8583333333333334,0.8599330357142857,0.8583333333333334,,,,,False
weka,decision_tree,hazelnut-spread-contaminant-detection,binary,classification,defaults,42,,ok,1920,480,30,30,0,30,2.0,openml-schema,100,0,False,0.2831,0.0064,,3.9.6,"C4.5 vs CART: even matched, J48 splits on gain ratio while scikit-learn/TuiML use information gain. Related algorithms, not identical ones.",2.7083,4.0179,293.9,0.8520833333333333,0.8518512078386709,0.8520833333333333,0.8543038837156485,0.8520833333333333,,,,True,False
weka,decision_tree,hazelnut-spread-contaminant-detection,binary,classification,matched,42,,ok,1920,480,30,30,0,30,2.0,openml-schema,100,0,False,0.2659,0.0101,-U -B -M 1,3.9.6,"C4.5 vs CART: even matched, J48 splits on gain ratio while scikit-learn/TuiML use information gain. Related algorithms, not identical ones.",3.0108,4.2637,301.7,0.85625,0.8560694621291464,0.85625,0.8580464483258013,0.85625,,,,True,False
sklearn,knn,hazelnut-spread-contaminant-detection,binary,classification,defaults,42,,ok,1920,480,30,30,0,30,2.0,openml-schema,100,0,False,0.0008,0.0241,{'n_neighbors': 5},1.8.0,Nominal attributes contribute a distance of 1 per mismatch in Weka but sqrt(2) across the corresponding one-hot columns. Neighbour-search structure is left to each library.,1.1505,1.1387,183.6,0.8791666666666667,0.8786928104575162,0.8791666666666667,0.8851851851851852,0.8791666666666667,,,,,False
sklearn,knn,hazelnut-spread-contaminant-detection,binary,classification,matched,42,,ok,1920,480,30,30,0,30,2.0,openml-schema,100,0,False,0.001,0.0253,"{'n_neighbors': 5, 'weights': 'uniform'}",1.8.0,Nominal attributes contribute a distance of 1 per mismatch in Weka but sqrt(2) across the corresponding one-hot columns. Neighbour-search structure is left to each library.,1.3325,1.321,183.8,0.8791666666666667,0.8786928104575162,0.8791666666666667,0.8851851851851852,0.8791666666666667,,,,,False
tuiml,knn,hazelnut-spread-contaminant-detection,binary,classification,defaults,42,,ok,1920,480,30,30,0,30,2.0,openml-schema,100,0,False,0.0001,0.0323,{'k': 5},0.1.6,Nominal attributes contribute a distance of 1 per mismatch in Weka but sqrt(2) across the corresponding one-hot columns. Neighbour-search structure is left to each library.,0.149,0.149,293.0,0.8791666666666667,0.8786928104575162,0.8791666666666667,0.8851851851851852,0.8791666666666667,,,,,False
tuiml,knn,hazelnut-spread-contaminant-detection,binary,classification,matched,42,,ok,1920,480,30,30,0,30,2.0,openml-schema,100,0,False,0.0001,0.0316,"{'k': 5, 'distance_weighting': 'uniform'}",0.1.6,Nominal attributes contribute a distance of 1 per mismatch in Weka but sqrt(2) across the corresponding one-hot columns. Neighbour-search structure is left to each library.,0.1325,0.1324,293.0,0.8791666666666667,0.8786928104575162,0.8791666666666667,0.8851851851851852,0.8791666666666667,,,,,False
weka,knn,hazelnut-spread-contaminant-detection,binary,classification,defaults,42,,ok,1920,480,30,30,0,30,2.0,openml-schema,100,0,False,0.0047,0.1545,-K 5,3.9.6,Nominal attributes contribute a distance of 1 per mismatch in Weka but sqrt(2) across the corresponding one-hot columns. Neighbour-search structure is left to each library.,2.8221,3.9614,294.7,0.8854166666666666,0.8849367369976333,0.8854166666666666,0.8919560726707746,0.8854166666666666,,,,True,False
weka,knn,hazelnut-spread-contaminant-detection,binary,classification,matched,42,,ok,1920,480,30,30,0,30,2.0,openml-schema,100,0,False,0.0046,0.135,"-K 5 -A weka.core.neighboursearch.LinearNNSearch -A ""weka.core.EuclideanDistance -R first-last -D""",3.9.6,Nominal attributes contribute a distance of 1 per mismatch in Weka but sqrt(2) across the corresponding one-hot columns. Neighbour-search structure is left to each library.,2.5408,3.5932,292.6,0.8791666666666667,0.8786928104575162,0.8791666666666667,0.8851851851851852,0.8791666666666667,,,,True,False
sklearn,logistic,hazelnut-spread-contaminant-detection,binary,classification,defaults,42,,ok,1920,480,30,30,0,30,2.0,openml-schema,100,0,False,0.0113,0.0003,{'max_iter': 1000},1.8.0,Ridge 0.5 in Weka/TuiML corresponds to scikit-learn's C=1.0.,1.101,1.0934,184.5,0.9083333333333333,0.9081739130434783,0.9083333333333333,0.9111888111888111,0.9083333333333333,,,,,False
sklearn,logistic,hazelnut-spread-contaminant-detection,binary,classification,matched,42,,ok,1920,480,30,30,0,30,2.0,openml-schema,100,0,False,0.0118,0.0004,"{'C': 1.0, 'max_iter': 1000}",1.8.0,Ridge 0.5 in Weka/TuiML corresponds to scikit-learn's C=1.0.,1.2902,1.2866,181.3,0.9083333333333333,0.9081739130434783,0.9083333333333333,0.9111888111888111,0.9083333333333333,,,,,False
tuiml,logistic,hazelnut-spread-contaminant-detection,binary,classification,defaults,42,,ok,1920,480,30,30,0,30,2.0,openml-schema,100,0,False,0.0128,0.0001,{},0.1.6,Ridge 0.5 in Weka/TuiML corresponds to scikit-learn's C=1.0.,0.1282,0.128,291.0,0.9083333333333333,0.9081739130434783,0.9083333333333333,0.9111888111888111,0.9083333333333333,,,,,False
tuiml,logistic,hazelnut-spread-contaminant-detection,binary,classification,matched,42,,ok,1920,480,30,30,0,30,2.0,openml-schema,100,0,False,0.004,0.0001,"{'ridge': 0.5, 'max_iter': 1000}",0.1.6,Ridge 0.5 in Weka/TuiML corresponds to scikit-learn's C=1.0.,0.1024,0.1019,294.0,0.8354166666666667,0.8336834810678995,0.8354166666666667,0.8500063406945778,0.8354166666666667,,,,,False
weka,logistic,hazelnut-spread-contaminant-detection,binary,classification,defaults,42,,ok,1920,480,30,30,0,30,2.0,openml-schema,100,0,False,0.2054,0.0069,,3.9.6,Ridge 0.5 in Weka/TuiML corresponds to scikit-learn's C=1.0.,2.6137,3.7347,307.1,0.9145833333333333,0.914476057207174,0.9145833333333333,0.9166739369405523,0.9145833333333333,,,,True,False
weka,logistic,hazelnut-spread-contaminant-detection,binary,classification,matched,42,,ok,1920,480,30,30,0,30,2.0,openml-schema,100,0,False,0.2172,0.006,-R 0.5 -M 1000,3.9.6,Ridge 0.5 in Weka/TuiML corresponds to scikit-learn's C=1.0.,2.4219,3.5502,292.5,0.9083333333333333,0.9081739130434783,0.9083333333333333,0.9111888111888111,0.9083333333333333,,,,True,False
sklearn,mlp,hazelnut-spread-contaminant-detection,binary,classification,defaults,42,,ok,1920,480,30,30,0,30,2.0,openml-schema,100,0,False,1.8799,0.002,"{'max_iter': 300, 'random_state': 42}",1.8.0,"Weka updates weights per instance (online backprop); scikit-learn's SGD uses mini-batches. Same architecture and learning rate, different optimizer schedule and different divergence handling — the least matchable row in the table.",3.1898,3.1734,184.4,0.9479166666666666,0.9478784351368843,0.9479166666666666,0.9492347338545385,0.9479166666666666,,,,,False
sklearn,mlp,hazelnut-spread-contaminant-detection,binary,classification,matched,42,,ok,1920,480,30,30,0,30,2.0,openml-schema,100,0,False,2.1137,0.002,"{'hidden_layer_sizes': (100,), 'max_iter': 300, 'solver': 'sgd', 'learning_rate': 'adaptive', 'learning_rate_init': 0.05, 'momentum': 0.2, 'activation': 'logistic', 'random_state': 42}",1.8.0,"Weka updates weights per instance (online backprop); scikit-learn's SGD uses mini-batches. Same architecture and learning rate, different optimizer schedule and different divergence handling — the least matchable row in the table.",3.5546,3.5414,180.8,0.9041666666666667,0.9040317112606269,0.9041666666666667,0.9064529645924995,0.9041666666666667,,,,,False
tuiml,mlp,hazelnut-spread-contaminant-detection,binary,classification,defaults,42,,ok,1920,480,30,30,0,30,2.0,openml-schema,100,0,False,1.262,0.0006,{},0.1.6,"Weka updates weights per instance (online backprop); scikit-learn's SGD uses mini-batches. Same architecture and learning rate, different optimizer schedule and different divergence handling — the least matchable row in the table.",1.3679,1.3664,299.1,0.9395833333333333,0.9395074550977571,0.9395833333333333,0.9418000034897315,0.9395833333333333,,,,,False
tuiml,mlp,hazelnut-spread-contaminant-detection,binary,classification,matched,42,,ok,1920,480,30,30,0,30,2.0,openml-schema,100,0,False,1.8947,0.0011,"{'hidden_layers': [100], 'max_epochs': 300, 'learning_rate': 0.05, 'momentum': 0.2, 'decay': True, 'activation': 'sigmoid', 'random_state': 42}",0.1.6,"Weka updates weights per instance (online backprop); scikit-learn's SGD uses mini-batches. Same architecture and learning rate, different optimizer schedule and different divergence handling — the least matchable row in the table.",1.9913,1.9749,300.8,0.8458333333333333,0.8452287581699347,0.8458333333333333,0.8513227513227514,0.8458333333333333,,,,,False
weka,mlp,hazelnut-spread-contaminant-detection,binary,classification,defaults,42,,ok,1920,480,30,30,0,30,2.0,openml-schema,100,0,False,7.528,0.0108,,3.9.6,"Weka updates weights per instance (online backprop); scikit-learn's SGD uses mini-batches. Same architecture and learning rate, different optimizer schedule and different divergence handling — the least matchable row in the table.",10.0565,11.3879,302.1,0.94375,0.9437204434620612,0.94375,0.9446841455140138,0.94375,,,,True,False
weka,mlp,hazelnut-spread-contaminant-detection,binary,classification,matched,42,,ok,1920,480,30,30,0,30,2.0,openml-schema,100,0,False,27.9537,0.0183,-H 100 -N 300 -L 0.05 -M 0.2 -D -I -C -S 42,3.9.6,"Weka updates weights per instance (online backprop); scikit-learn's SGD uses mini-batches. Same architecture and learning rate, different optimizer schedule and different divergence handling — the least matchable row in the table.",30.5388,31.9367,304.4,0.90625,0.9061322579103128,0.90625,0.9082985814241594,0.90625,,,,True,False
sklearn,naive_bayes,hazelnut-spread-contaminant-detection,binary,classification,defaults,42,,ok,1920,480,30,30,0,30,2.0,openml-schema,100,0,False,0.0052,0.0005,{'alpha': 1.0},1.8.0,All three use add-one (Laplace) smoothing on discrete attributes.,1.0629,1.0522,184.2,0.7854166666666667,0.7788028329701894,0.7854166666666667,0.8241900179448246,0.7854166666666667,,,,,False
sklearn,naive_bayes,hazelnut-spread-contaminant-detection,binary,classification,matched,42,,ok,1920,480,30,30,0,30,2.0,openml-schema,100,0,False,0.0058,0.0006,{'alpha': 1.0},1.8.0,All three use add-one (Laplace) smoothing on discrete attributes.,1.2087,1.1944,180.1,0.7854166666666667,0.7788028329701894,0.7854166666666667,0.8241900179448246,0.7854166666666667,,,,,False
tuiml,naive_bayes,hazelnut-spread-contaminant-detection,binary,classification,defaults,42,,ok,1920,480,30,30,0,30,2.0,openml-schema,100,0,False,0.0024,0.0007,{'alpha': 1.0},0.1.6,All three use add-one (Laplace) smoothing on discrete attributes.,0.1178,0.1178,293.0,0.7854166666666667,0.7788028329701894,0.7854166666666667,0.8241900179448246,0.7854166666666667,,,,,False
tuiml,naive_bayes,hazelnut-spread-contaminant-detection,binary,classification,matched,42,,ok,1920,480,30,30,0,30,2.0,openml-schema,100,0,False,0.003,0.0008,{'alpha': 1.0},0.1.6,All three use add-one (Laplace) smoothing on discrete attributes.,0.191,0.191,293.5,0.7854166666666667,0.7788028329701894,0.7854166666666667,0.8241900179448246,0.7854166666666667,,,,,False
weka,naive_bayes,hazelnut-spread-contaminant-detection,binary,classification,defaults,42,,ok,1920,480,30,30,0,30,2.0,openml-schema,100,0,False,0.0088,0.0096,,3.9.6,All three use add-one (Laplace) smoothing on discrete attributes.,2.5289,3.6919,304.4,0.7854166666666667,0.7788028329701894,0.7854166666666667,0.8241900179448246,0.7854166666666667,,,,True,False
weka,naive_bayes,hazelnut-spread-contaminant-detection,binary,classification,matched,42,,ok,1920,480,30,30,0,30,2.0,openml-schema,100,0,False,0.0105,0.0107,,3.9.6,All three use add-one (Laplace) smoothing on discrete attributes.,2.2607,3.3614,305.4,0.7854166666666667,0.7788028329701894,0.7854166666666667,0.8241900179448246,0.7854166666666667,,,,True,False
sklearn,random_forest,hazelnut-spread-contaminant-detection,binary,classification,defaults,42,,ok,1920,480,30,30,0,30,2.0,openml-schema,100,0,False,0.9035,0.0154,"{'n_estimators': 100, 'random_state': 42}",1.8.0,"sqrt(p) is evaluated on each library's own representation: Weka splits on intact nominal attributes, scikit-learn/TuiML on one-hot columns.",2.0587,2.0535,187.4,0.9125,0.9124756876910253,0.9125000000000001,0.9129588431590656,0.9125000000000001,,,,,False
sklearn,random_forest,hazelnut-spread-contaminant-detection,binary,classification,matched,42,,ok,1920,480,30,30,0,30,2.0,openml-schema,100,0,False,0.9512,0.0161,"{'n_estimators': 100, 'max_features': 'sqrt', 'min_samples_leaf': 1, 'bootstrap': True, 'random_state': 42}",1.8.0,"sqrt(p) is evaluated on each library's own representation: Weka splits on intact nominal attributes, scikit-learn/TuiML on one-hot columns.",2.434,2.4166,186.0,0.9125,0.9124756876910253,0.9125000000000001,0.9129588431590656,0.9125000000000001,,,,,False
tuiml,random_forest,hazelnut-spread-contaminant-detection,binary,classification,defaults,42,,ok,1920,480,30,30,0,30,2.0,openml-schema,100,0,False,2.455,0.019,{'n_estimators': 100},0.1.6,"sqrt(p) is evaluated on each library's own representation: Weka splits on intact nominal attributes, scikit-learn/TuiML on one-hot columns.",2.6185,2.7456,327.5,0.9104166666666667,0.9103695951432828,0.9104166666666667,0.9112806416256372,0.9104166666666667,,,,,False
tuiml,random_forest,hazelnut-spread-contaminant-detection,binary,classification,matched,42,,ok,1920,480,30,30,0,30,2.0,openml-schema,100,0,False,2.4312,0.0163,"{'n_estimators': 100, 'max_features': 'sqrt', 'min_samples_leaf': 1, 'bootstrap': True, 'random_state': 42}",0.1.6,"sqrt(p) is evaluated on each library's own representation: Weka splits on intact nominal attributes, scikit-learn/TuiML on one-hot columns.",2.5657,2.6879,329.0,0.9208333333333333,0.9208113364823562,0.9208333333333334,0.9213014460511679,0.9208333333333334,,,,,False
weka,random_forest,hazelnut-spread-contaminant-detection,binary,classification,defaults,42,,ok,1920,480,30,30,0,30,2.0,openml-schema,100,0,False,1.1318,0.0551,-I 100,3.9.6,"sqrt(p) is evaluated on each library's own representation: Weka splits on intact nominal attributes, scikit-learn/TuiML on one-hot columns.",3.6007,5.7863,459.8,0.9166666666666666,0.9166304819800261,0.9166666666666667,0.9173913043478261,0.9166666666666667,,,,True,False
weka,random_forest,hazelnut-spread-contaminant-detection,binary,classification,matched,42,,ok,1920,480,30,30,0,30,2.0,openml-schema,100,0,False,1.0641,0.0591,-I 100 -K 5 -depth 0 -M 1 -P 100 -S 42,3.9.6,"sqrt(p) is evaluated on each library's own representation: Weka splits on intact nominal attributes, scikit-learn/TuiML on one-hot columns.",3.5861,5.859,465.0,0.9145833333333333,0.91453845118313,0.9145833333333333,0.9154560796116842,0.9145833333333333,,,,True,False
sklearn,svm,hazelnut-spread-contaminant-detection,binary,classification,defaults,42,,ok,1920,480,30,30,0,30,2.0,openml-schema,100,0,False,0.0957,0.0275,{},1.8.0,Both use one-vs-one for multiclass. Optimizer tolerances differ (SMO -T 1e-3 / -P 1e-12 vs libsvm tol 1e-3).,1.2279,1.2215,188.2,0.9145833333333333,0.9143509955391144,0.9145833333333333,0.919131197893813,0.9145833333333333,,,,,False
sklearn,svm,hazelnut-spread-contaminant-detection,binary,classification,matched,42,,ok,1920,480,30,30,0,30,2.0,openml-schema,100,0,False,0.0948,0.0274,"{'C': 1.0, 'kernel': 'rbf', 'gamma': 0.03333333333333333}",1.8.0,Both use one-vs-one for multiclass. Optimizer tolerances differ (SMO -T 1e-3 / -P 1e-12 vs libsvm tol 1e-3).,1.4045,1.3875,188.4,0.9145833333333333,0.9143509955391144,0.9145833333333333,0.919131197893813,0.9145833333333333,,,,,False
tuiml,svm,hazelnut-spread-contaminant-detection,binary,classification,defaults,42,,ok,1920,480,30,30,0,30,2.0,openml-schema,100,0,False,0.0904,0.0144,{},0.1.6,Both use one-vs-one for multiclass. Optimizer tolerances differ (SMO -T 1e-3 / -P 1e-12 vs libsvm tol 1e-3).,0.2252,0.2251,303.5,0.9145833333333333,0.9143509955391144,0.9145833333333333,0.919131197893813,0.9145833333333333,,,,,False
tuiml,svm,hazelnut-spread-contaminant-detection,binary,classification,matched,42,,ok,1920,480,30,30,0,30,2.0,openml-schema,100,0,False,0.0894,0.0147,"{'C': 1.0, 'kernel': 'rbf', 'gamma': 0.03333333333333333}",0.1.6,Both use one-vs-one for multiclass. Optimizer tolerances differ (SMO -T 1e-3 / -P 1e-12 vs libsvm tol 1e-3).,0.2208,0.2189,300.1,0.9145833333333333,0.9143509955391144,0.9145833333333333,0.919131197893813,0.9145833333333333,,,,,False
weka,svm,hazelnut-spread-contaminant-detection,binary,classification,defaults,42,,ok,1920,480,30,30,0,30,2.0,openml-schema,100,0,False,0.3582,0.0086,,3.9.6,Both use one-vs-one for multiclass. Optimizer tolerances differ (SMO -T 1e-3 / -P 1e-12 vs libsvm tol 1e-3).,2.6664,3.9975,303.9,0.89375,0.8933607482172339,0.89375,0.8995842069099174,0.89375,,,,True,False
weka,svm,hazelnut-spread-contaminant-detection,binary,classification,matched,42,,ok,1920,480,30,30,0,30,2.0,openml-schema,100,0,False,2.5507,0.0513,-N 2 -C 1.0 -K weka.classifiers.functions.supportVector.RBFKernel -G 0.03333333333,3.9.6,Both use one-vs-one for multiclass. Optimizer tolerances differ (SMO -T 1e-3 / -P 1e-12 vs libsvm tol 1e-3).,5.0023,6.5495,309.1,0.9145833333333333,0.9143509955391144,0.9145833333333333,0.919131197893813,0.9145833333333333,,,,True,False
sklearn,decision_tree,heloc,binary,classification,defaults,42,,ok,8367,2092,23,23,0,23,2.0,openml-schema,100,0,False,0.1235,0.0012,{'random_state': 42},1.8.0,"C4.5 vs CART: even matched, J48 splits on gain ratio while scikit-learn/TuiML use information gain. Related algorithms, not identical ones.",1.6353,1.6195,193.0,0.6462715105162524,0.6454614076744936,0.6454175824175824,0.6455241935483871,0.6454175824175824,,,,,False
sklearn,decision_tree,heloc,binary,classification,matched,42,,ok,8367,2092,23,23,0,23,2.0,openml-schema,100,0,False,0.1259,0.0005,"{'criterion': 'entropy', 'min_samples_leaf': 1, 'random_state': 42}",1.8.0,"C4.5 vs CART: even matched, J48 splits on gain ratio while scikit-learn/TuiML use information gain. Related algorithms, not identical ones.",1.1456,1.1414,194.0,0.642925430210325,0.6420577412671744,0.6420018315018314,0.6421493179278501,0.6420018315018314,,,,,False
tuiml,decision_tree,heloc,binary,classification,defaults,42,,ok,8367,2092,23,23,0,23,2.0,openml-schema,100,0,False,0.1811,0.032,{},0.1.6,"C4.5 vs CART: even matched, J48 splits on gain ratio while scikit-learn/TuiML use information gain. Related algorithms, not identical ones.",0.3291,0.3291,303.3,0.6539196940726577,0.6531893769256978,0.6531648351648351,0.6532187142731509,0.6531648351648351,,,,,False
tuiml,decision_tree,heloc,binary,classification,matched,42,,ok,8367,2092,23,23,0,23,2.0,openml-schema,100,0,False,0.1951,0.031,"{'criterion': 'entropy', 'min_samples_leaf': 1, 'random_state': 42}",0.1.6,"C4.5 vs CART: even matched, J48 splits on gain ratio while scikit-learn/TuiML use information gain. Related algorithms, not identical ones.",0.3679,0.3678,303.4,0.6405353728489483,0.6401090756025696,0.6402600732600733,0.6400753585016097,0.6402600732600733,,,,,False
weka,decision_tree,heloc,binary,classification,defaults,42,,ok,8367,2092,23,23,0,23,2.0,openml-schema,100,0,False,0.7951,0.0175,,3.9.6,"C4.5 vs CART: even matched, J48 splits on gain ratio while scikit-learn/TuiML use information gain. Related algorithms, not identical ones.",4.9083,6.9924,393.5,0.6797323135755258,0.6789388425269284,0.6788589743589744,0.6790636184943966,0.6788589743589744,,,,True,False
weka,decision_tree,heloc,binary,classification,matched,42,,ok,8367,2092,23,23,0,23,2.0,openml-schema,100,0,False,0.7143,0.0183,-U -B -M 1,3.9.6,"C4.5 vs CART: even matched, J48 splits on gain ratio while scikit-learn/TuiML use information gain. Related algorithms, not identical ones.",4.4987,6.2867,346.5,0.6505736137667304,0.6495145005808758,0.6494120879120879,0.6497748667789656,0.6494120879120879,,,,True,False
sklearn,knn,heloc,binary,classification,defaults,42,,ok,8367,2092,23,23,0,23,2.0,openml-schema,100,0,False,0.0014,0.1159,{'n_neighbors': 5},1.8.0,Nominal attributes contribute a distance of 1 per mismatch in Weka but sqrt(2) across the corresponding one-hot columns. Neighbour-search structure is left to each library.,1.2876,1.2745,190.9,0.6859464627151052,0.6856429852073502,0.6859065934065934,0.6856082943620829,0.6859065934065934,,,,,False
sklearn,knn,heloc,binary,classification,matched,42,,ok,8367,2092,23,23,0,23,2.0,openml-schema,100,0,False,0.0028,0.1358,"{'n_neighbors': 5, 'weights': 'uniform'}",1.8.0,Nominal attributes contribute a distance of 1 per mismatch in Weka but sqrt(2) across the corresponding one-hot columns. Neighbour-search structure is left to each library.,1.6713,1.6433,190.9,0.6859464627151052,0.6856429852073502,0.6859065934065934,0.6856082943620829,0.6859065934065934,,,,,False
tuiml,knn,heloc,binary,classification,defaults,42,,ok,8367,2092,23,23,0,23,2.0,openml-schema,100,0,False,0.0005,0.4642,{'k': 5},0.1.6,Nominal attributes contribute a distance of 1 per mismatch in Weka but sqrt(2) across the corresponding one-hot columns. Neighbour-search structure is left to each library.,0.6005,0.5993,300.4,0.6859464627151052,0.6856429852073502,0.6859065934065934,0.6856082943620829,0.6859065934065934,,,,,False
tuiml,knn,heloc,binary,classification,matched,42,,ok,8367,2092,23,23,0,23,2.0,openml-schema,100,0,False,0.0004,0.4556,"{'k': 5, 'distance_weighting': 'uniform'}",0.1.6,Nominal attributes contribute a distance of 1 per mismatch in Weka but sqrt(2) across the corresponding one-hot columns. Neighbour-search structure is left to each library.,0.5751,0.5748,302.9,0.6859464627151052,0.6856429852073502,0.6859065934065934,0.6856082943620829,0.6859065934065934,,,,,False
weka,knn,heloc,binary,classification,defaults,42,,ok,8367,2092,23,23,0,23,2.0,openml-schema,100,0,False,0.0156,1.8083,-K 5,3.9.6,Nominal attributes contribute a distance of 1 per mismatch in Weka but sqrt(2) across the corresponding one-hot columns. Neighbour-search structure is left to each library.,5.0587,6.5156,298.3,0.6845124282982792,0.6840029587532224,0.6840695970695971,0.6839563931353598,0.6840695970695971,,,,True,False
weka,knn,heloc,binary,classification,matched,42,,ok,8367,2092,23,23,0,23,2.0,openml-schema,100,0,False,0.0158,1.702,"-K 5 -A weka.core.neighboursearch.LinearNNSearch -A ""weka.core.EuclideanDistance -R first-last -D""",3.9.6,Nominal attributes contribute a distance of 1 per mismatch in Weka but sqrt(2) across the corresponding one-hot columns. Neighbour-search structure is left to each library.,5.2832,6.7767,310.5,0.6859464627151052,0.6856429852073502,0.6859065934065934,0.6856082943620829,0.6859065934065934,,,,True,False
sklearn,logistic,heloc,binary,classification,defaults,42,,ok,8367,2092,23,23,0,23,2.0,openml-schema,100,0,False,0.0297,0.0003,{'max_iter': 1000},1.8.0,Ridge 0.5 in Weka/TuiML corresponds to scikit-learn's C=1.0.,1.0729,1.0695,194.0,0.7194072657743786,0.7188027171629393,0.7187582417582417,0.7188554440387902,0.7187582417582417,,,,,False
sklearn,logistic,heloc,binary,classification,matched,42,,ok,8367,2092,23,23,0,23,2.0,openml-schema,100,0,False,0.0315,0.0005,"{'C': 1.0, 'max_iter': 1000}",1.8.0,Ridge 0.5 in Weka/TuiML corresponds to scikit-learn's C=1.0.,1.3585,1.3514,192.9,0.7194072657743786,0.7188027171629393,0.7187582417582417,0.7188554440387902,0.7187582417582417,,,,,False
tuiml,logistic,heloc,binary,classification,defaults,42,,ok,8367,2092,23,23,0,23,2.0,openml-schema,100,0,False,0.0346,0.0003,{},0.1.6,Ridge 0.5 in Weka/TuiML corresponds to scikit-learn's C=1.0.,0.1753,0.1748,297.3,0.7194072657743786,0.7188027171629393,0.7187582417582417,0.7188554440387902,0.7187582417582417,,,,,False
tuiml,logistic,heloc,binary,classification,matched,42,,ok,8367,2092,23,23,0,23,2.0,openml-schema,100,0,False,0.0092,0.0002,"{'ridge': 0.5, 'max_iter': 1000}",0.1.6,Ridge 0.5 in Weka/TuiML corresponds to scikit-learn's C=1.0.,0.1286,0.1286,302.9,0.6983747609942639,0.6959973875228885,0.6958315018315018,0.6989663145064873,0.6958315018315018,,,,,False
weka,logistic,heloc,binary,classification,defaults,42,,ok,8367,2092,23,23,0,23,2.0,openml-schema,100,0,False,0.3458,0.0179,,3.9.6,Ridge 0.5 in Weka/TuiML corresponds to scikit-learn's C=1.0.,4.0687,5.5826,331.6,0.72131931166348,0.7207674775602905,0.7207582417582417,0.7207770441988192,0.7207582417582417,,,,True,False
weka,logistic,heloc,binary,classification,matched,42,,ok,8367,2092,23,23,0,23,2.0,openml-schema,100,0,False,0.3861,0.0198,-R 0.5 -M 1000,3.9.6,Ridge 0.5 in Weka/TuiML corresponds to scikit-learn's C=1.0.,3.9361,5.4111,332.3,0.7194072657743786,0.7187774737826116,0.7187161172161172,0.7188550059699058,0.7187161172161172,,,,True,False
sklearn,mlp,heloc,binary,classification,defaults,42,,ok,8367,2092,23,23,0,23,2.0,openml-schema,100,0,False,7.8975,0.0028,"{'max_iter': 300, 'random_state': 42}",1.8.0,"Weka updates weights per instance (online backprop); scikit-learn's SGD uses mini-batches. Same architecture and learning rate, different optimizer schedule and different divergence handling — the least matchable row in the table.",9.1513,9.1219,191.5,0.7112810707456979,0.7111532947097379,0.7117326007326007,0.7113238864028546,0.7117326007326007,,,,,False
sklearn,mlp,heloc,binary,classification,matched,42,,ok,8367,2092,23,23,0,23,2.0,openml-schema,100,0,False,7.2713,0.0039,"{'hidden_layer_sizes': (100,), 'max_iter': 300, 'solver': 'sgd', 'learning_rate': 'adaptive', 'learning_rate_init': 0.05, 'momentum': 0.2, 'activation': 'logistic', 'random_state': 42}",1.8.0,"Weka updates weights per instance (online backprop); scikit-learn's SGD uses mini-batches. Same architecture and learning rate, different optimizer schedule and different divergence handling — the least matchable row in the table.",8.4233,8.4157,192.2,0.7237093690248566,0.7228864747031489,0.7227106227106227,0.7232233004005537,0.7227106227106227,,,,,False
tuiml,mlp,heloc,binary,classification,defaults,42,,ok,8367,2092,23,23,0,23,2.0,openml-schema,100,0,False,9.5154,0.0019,{},0.1.6,"Weka updates weights per instance (online backprop); scikit-learn's SGD uses mini-batches. Same architecture and learning rate, different optimizer schedule and different divergence handling — the least matchable row in the table.",9.6716,9.6448,326.5,0.7347036328871893,0.7338712172871624,0.7336630036630036,0.7342905676835847,0.7336630036630036,,,,,False
tuiml,mlp,heloc,binary,classification,matched,42,,ok,8367,2092,23,23,0,23,2.0,openml-schema,100,0,False,8.6614,0.0053,"{'hidden_layers': [100], 'max_epochs': 300, 'learning_rate': 0.05, 'momentum': 0.2, 'decay': True, 'activation': 'sigmoid', 'random_state': 42}",0.1.6,"Weka updates weights per instance (online backprop); scikit-learn's SGD uses mini-batches. Same architecture and learning rate, different optimizer schedule and different divergence handling — the least matchable row in the table.",8.7993,8.7949,339.1,0.7084130019120459,0.7073849461418802,0.7071739926739927,0.707929546189818,0.7071739926739927,,,,,False
weka,mlp,heloc,binary,classification,defaults,42,,ok,8367,2092,23,23,0,23,2.0,openml-schema,100,0,False,19.8307,0.0286,,3.9.6,"Weka updates weights per instance (online backprop); scikit-learn's SGD uses mini-batches. Same architecture and learning rate, different optimizer schedule and different divergence handling — the least matchable row in the table.",23.4517,25.153,309.0,0.7026768642447419,0.7022414317044328,0.7057234432234432,0.708348790621754,0.7057234432234432,,,,True,False
weka,mlp,heloc,binary,classification,matched,42,,ok,8367,2092,23,23,0,23,2.0,openml-schema,100,0,False,97.229,0.0537,-H 100 -N 300 -L 0.05 -M 0.2 -D -I -C -S 42,3.9.6,"Weka updates weights per instance (online backprop); scikit-learn's SGD uses mini-batches. Same architecture and learning rate, different optimizer schedule and different divergence handling — the least matchable row in the table.",100.8354,102.508,310.4,0.7241873804971319,0.7231016059218641,0.7228315018315018,0.7238789354222273,0.7228315018315018,,,,True,False
sklearn,naive_bayes,heloc,binary,classification,defaults,42,,ok,8367,2092,23,23,0,23,2.0,openml-schema,100,0,False,0.0094,0.0013,{'alpha': 1.0},1.8.0,All three use add-one (Laplace) smoothing on discrete attributes.,1.1977,1.1883,194.0,0.7265774378585086,0.7262531798466353,0.7264688644688644,0.7261706175007316,0.7264688644688644,,,,,False
sklearn,naive_bayes,heloc,binary,classification,matched,42,,ok,8367,2092,23,23,0,23,2.0,openml-schema,100,0,False,0.0096,0.0013,{'alpha': 1.0},1.8.0,All three use add-one (Laplace) smoothing on discrete attributes.,1.2022,1.1947,194.7,0.7265774378585086,0.7262531798466353,0.7264688644688644,0.7261706175007316,0.7264688644688644,,,,,False
tuiml,naive_bayes,heloc,binary,classification,defaults,42,,ok,8367,2092,23,23,0,23,2.0,openml-schema,100,0,False,0.0053,0.0013,{'alpha': 1.0},0.1.6,All three use add-one (Laplace) smoothing on discrete attributes.,0.1545,0.1544,303.4,0.7265774378585086,0.7262531798466353,0.7264688644688644,0.7261706175007316,0.7264688644688644,,,,,False
tuiml,naive_bayes,heloc,binary,classification,matched,42,,ok,8367,2092,23,23,0,23,2.0,openml-schema,100,0,False,0.0059,0.0013,{'alpha': 1.0},0.1.6,All three use add-one (Laplace) smoothing on discrete attributes.,0.1484,0.1483,302.2,0.7265774378585086,0.7262531798466353,0.7264688644688644,0.7261706175007316,0.7264688644688644,,,,,False
weka,naive_bayes,heloc,binary,classification,defaults,42,,ok,8367,2092,23,23,0,23,2.0,openml-schema,100,0,False,0.0233,0.0246,,3.9.6,All three use add-one (Laplace) smoothing on discrete attributes.,3.883,5.3566,341.5,0.7265774378585086,0.7262531798466353,0.7264688644688644,0.7261706175007316,0.7264688644688644,,,,True,False
weka,naive_bayes,heloc,binary,classification,matched,42,,ok,8367,2092,23,23,0,23,2.0,openml-schema,100,0,False,0.0279,0.0272,,3.9.6,All three use add-one (Laplace) smoothing on discrete attributes.,3.728,4.9396,338.6,0.7265774378585086,0.7262531798466353,0.7264688644688644,0.7261706175007316,0.7264688644688644,,,,True,False
sklearn,random_forest,heloc,binary,classification,defaults,42,,ok,8367,2092,23,23,0,23,2.0,openml-schema,100,0,False,1.8762,0.0715,"{'n_estimators': 100, 'random_state': 42}",1.8.0,"sqrt(p) is evaluated on each library's own representation: Weka splits on intact nominal attributes, scikit-learn/TuiML on one-hot columns.",3.318,3.3066,210.6,0.7222753346080306,0.7204509852220715,0.7201153846153847,0.7227700611777528,0.7201153846153847,,,,,False
sklearn,random_forest,heloc,binary,classification,matched,42,,ok,8367,2092,23,23,0,23,2.0,openml-schema,100,0,False,1.8279,0.0557,"{'n_estimators': 100, 'max_features': 'sqrt', 'min_samples_leaf': 1, 'bootstrap': True, 'random_state': 42}",1.8.0,"sqrt(p) is evaluated on each library's own representation: Weka splits on intact nominal attributes, scikit-learn/TuiML on one-hot columns.",3.2616,3.2455,210.6,0.7222753346080306,0.7204509852220715,0.7201153846153847,0.7227700611777528,0.7201153846153847,,,,,False
tuiml,random_forest,heloc,binary,classification,defaults,42,,ok,8367,2092,23,23,0,23,2.0,openml-schema,100,0,False,8.4934,0.0607,{'n_estimators': 100},0.1.6,"sqrt(p) is evaluated on each library's own representation: Weka splits on intact nominal attributes, scikit-learn/TuiML on one-hot columns.",8.9258,9.4208,488.3,0.7237093690248566,0.7217846996034226,0.7214468864468865,0.7243786024725999,0.7214468864468865,,,,,False
tuiml,random_forest,heloc,binary,classification,matched,42,,ok,8367,2092,23,23,0,23,2.0,openml-schema,100,0,False,8.4063,0.0587,"{'n_estimators': 100, 'max_features': 'sqrt', 'min_samples_leaf': 1, 'bootstrap': True, 'random_state': 42}",0.1.6,"sqrt(p) is evaluated on each library's own representation: Weka splits on intact nominal attributes, scikit-learn/TuiML on one-hot columns.",8.7424,9.3381,504.9,0.7217973231357553,0.7198142072881113,0.7194890109890111,0.7225013367792532,0.7194890109890111,,,,,False
weka,random_forest,heloc,binary,classification,defaults,42,,ok,8367,2092,23,23,0,23,2.0,openml-schema,100,0,False,4.3296,0.1598,-I 100,3.9.6,"sqrt(p) is evaluated on each library's own representation: Weka splits on intact nominal attributes, scikit-learn/TuiML on one-hot columns.",7.8056,10.2925,839.6,0.7232313575525813,0.7214563391455822,0.7211153846153846,0.7236809560202877,0.7211153846153846,,,,True,False
weka,random_forest,heloc,binary,classification,matched,42,,ok,8367,2092,23,23,0,23,2.0,openml-schema,100,0,False,3.7358,0.1551,-I 100 -K 4 -depth 0 -M 1 -P 100 -S 42,3.9.6,"sqrt(p) is evaluated on each library's own representation: Weka splits on intact nominal attributes, scikit-learn/TuiML on one-hot columns.",7.4694,9.8372,840.2,0.7189292543021033,0.7170608644289078,0.7167417582417583,0.7194059736359086,0.7167417582417583,,,,True,False
sklearn,svm,heloc,binary,classification,defaults,42,,ok,8367,2092,23,23,0,23,2.0,openml-schema,100,0,False,3.003,0.7121,{},1.8.0,Both use one-vs-one for multiclass. Optimizer tolerances differ (SMO -T 1e-3 / -P 1e-12 vs libsvm tol 1e-3).,4.8306,4.823,375.1,0.7294455066921606,0.7282630547434032,0.7279523809523809,0.7292852589964371,0.7279523809523809,,,,,False
sklearn,svm,heloc,binary,classification,matched,42,,ok,8367,2092,23,23,0,23,2.0,openml-schema,100,0,False,2.6754,0.7019,"{'C': 1.0, 'kernel': 'rbf', 'gamma': 0.043478260869565216}",1.8.0,Both use one-vs-one for multiclass. Optimizer tolerances differ (SMO -T 1e-3 / -P 1e-12 vs libsvm tol 1e-3).,4.5269,4.5108,374.1,0.7294455066921606,0.7282630547434032,0.7279523809523809,0.7292852589964371,0.7279523809523809,,,,,False
tuiml,svm,heloc,binary,classification,defaults,42,,ok,8367,2092,23,23,0,23,2.0,openml-schema,100,0,False,8.7738,0.3926,{},0.1.6,Both use one-vs-one for multiclass. Optimizer tolerances differ (SMO -T 1e-3 / -P 1e-12 vs libsvm tol 1e-3).,9.3442,9.3368,493.7,0.7299235181644359,0.7287602734932115,0.7284523809523809,0.7297494554881727,0.7284523809523809,,,,,False
tuiml,svm,heloc,binary,classification,matched,42,,ok,8367,2092,23,23,0,23,2.0,openml-schema,100,0,False,8.412,0.3893,"{'C': 1.0, 'kernel': 'rbf', 'gamma': 0.043478260869565216}",0.1.6,Both use one-vs-one for multiclass. Optimizer tolerances differ (SMO -T 1e-3 / -P 1e-12 vs libsvm tol 1e-3).,8.9264,8.9251,493.9,0.7299235181644359,0.7287602734932115,0.7284523809523809,0.7297494554881727,0.7284523809523809,,,,,False
weka,svm,heloc,binary,classification,defaults,42,,ok,8367,2092,23,23,0,23,2.0,openml-schema,100,0,False,3.0312,0.0256,,3.9.6,Both use one-vs-one for multiclass. Optimizer tolerances differ (SMO -T 1e-3 / -P 1e-12 vs libsvm tol 1e-3).,6.6978,8.8187,328.3,0.7203632887189293,0.7195738086492582,0.7194212454212454,0.7198458377947887,0.7194212454212454,,,,True,False
weka,svm,heloc,binary,classification,matched,42,,ok,8367,2092,23,23,0,23,2.0,openml-schema,100,0,False,99.6622,1.0914,-N 2 -C 1.0 -K weka.classifiers.functions.supportVector.RBFKernel -G 0.04347826087,3.9.6,Both use one-vs-one for multiclass. Optimizer tolerances differ (SMO -T 1e-3 / -P 1e-12 vs libsvm tol 1e-3).,104.8466,107.0047,317.1,0.7294455066921606,0.7282630547434032,0.7279523809523809,0.7292852589964371,0.7279523809523809,,,,True,False
sklearn,decision_tree,in_vehicle_coupon_recommendation,binary,classification,defaults,42,,ok,10147,2537,24,2,22,114,2.0,openml-schema,100,0,False,0.1389,0.0012,{'random_state': 42},1.8.0,"C4.5 vs CART: even matched, J48 splits on gain ratio while scikit-learn/TuiML use information gain. Related algorithms, not identical ones.",1.5059,1.4926,210.4,0.693732755222704,0.68938947609255,0.6904761904761905,0.6887903382734183,0.6904761904761905,,,,,False
sklearn,decision_tree,in_vehicle_coupon_recommendation,binary,classification,matched,42,,ok,10147,2537,24,2,22,114,2.0,openml-schema,100,0,False,0.1457,0.0013,"{'criterion': 'entropy', 'min_samples_leaf': 1, 'random_state': 42}",1.8.0,"C4.5 vs CART: even matched, J48 splits on gain ratio while scikit-learn/TuiML use information gain. Related algorithms, not identical ones.",1.4279,1.4221,209.3,0.7008277493102089,0.6974515853057839,0.6994645311243264,0.696825383929877,0.6994645311243264,,,,,False
tuiml,decision_tree,in_vehicle_coupon_recommendation,binary,classification,defaults,42,,ok,10147,2537,24,2,22,114,2.0,openml-schema,100,0,False,0.5176,0.0414,{},0.1.6,"C4.5 vs CART: even matched, J48 splits on gain ratio while scikit-learn/TuiML use information gain. Related algorithms, not identical ones.",0.842,0.8377,311.2,0.6921560898699252,0.6879656840473749,0.6891991082907428,0.6873502733021777,0.6891991082907428,,,,,False
tuiml,decision_tree,in_vehicle_coupon_recommendation,binary,classification,matched,42,,ok,10147,2537,24,2,22,114,2.0,openml-schema,100,0,False,0.5708,0.0464,"{'criterion': 'entropy', 'min_samples_leaf': 1, 'random_state': 42}",0.1.6,"C4.5 vs CART: even matched, J48 splits on gain ratio while scikit-learn/TuiML use information gain. Related algorithms, not identical ones.",0.9651,0.9649,319.5,0.7059519117067402,0.702140069247718,0.7036425183186721,0.7014456117929345,0.7036425183186721,,,,,False
weka,decision_tree,in_vehicle_coupon_recommendation,binary,classification,defaults,42,,ok,10147,2537,24,2,22,114,2.0,openml-schema,100,0,False,0.3648,0.02,,3.9.6,"C4.5 vs CART: even matched, J48 splits on gain ratio while scikit-learn/TuiML use information gain. Related algorithms, not identical ones.",4.4418,6.1704,389.0,0.7386677177769019,0.7280188022537479,0.7251698870797155,0.7368410183988596,0.7251698870797155,,,,True,False
weka,decision_tree,in_vehicle_coupon_recommendation,binary,classification,matched,42,,ok,10147,2537,24,2,22,114,2.0,openml-schema,100,0,False,0.5739,0.0259,-U -B -M 1,3.9.6,"C4.5 vs CART: even matched, J48 splits on gain ratio while scikit-learn/TuiML use information gain. Related algorithms, not identical ones.",4.5764,6.6615,428.3,0.6984627512810406,0.6934631920653165,0.6939777959328431,0.6930666232991815,0.6939777959328431,,,,True,False
sklearn,knn,in_vehicle_coupon_recommendation,binary,classification,defaults,42,,ok,10147,2537,24,2,22,114,2.0,openml-schema,100,0,False,0.0031,0.3346,{'n_neighbors': 5},1.8.0,Nominal attributes contribute a distance of 1 per mismatch in Weka but sqrt(2) across the corresponding one-hot columns. Neighbour-search structure is left to each library.,1.7153,1.6969,210.5,0.6858494284588096,0.6773400355055552,0.6762892735229482,0.6793307606573853,0.6762892735229482,,,,,False
sklearn,knn,in_vehicle_coupon_recommendation,binary,classification,matched,42,,ok,10147,2537,24,2,22,114,2.0,openml-schema,100,0,False,0.0026,0.3155,"{'n_neighbors': 5, 'weights': 'uniform'}",1.8.0,Nominal attributes contribute a distance of 1 per mismatch in Weka but sqrt(2) across the corresponding one-hot columns. Neighbour-search structure is left to each library.,1.6473,1.6353,208.7,0.6858494284588096,0.6773400355055552,0.6762892735229482,0.6793307606573853,0.6762892735229482,,,,,False
tuiml,knn,in_vehicle_coupon_recommendation,binary,classification,defaults,42,,ok,10147,2537,24,2,22,114,2.0,openml-schema,100,0,False,0.0004,3.2474,{'k': 5},0.1.6,Nominal attributes contribute a distance of 1 per mismatch in Weka but sqrt(2) across the corresponding one-hot columns. Neighbour-search structure is left to each library.,3.499,3.4975,315.7,0.6878202601497833,0.6798211731591467,0.6789020196454696,0.6813895652575938,0.6789020196454696,,,,,False
tuiml,knn,in_vehicle_coupon_recommendation,binary,classification,matched,42,,ok,10147,2537,24,2,22,114,2.0,openml-schema,100,0,False,0.0004,3.5811,"{'k': 5, 'distance_weighting': 'uniform'}",0.1.6,Nominal attributes contribute a distance of 1 per mismatch in Weka but sqrt(2) across the corresponding one-hot columns. Neighbour-search structure is left to each library.,3.8455,3.8452,318.4,0.6878202601497833,0.6798211731591467,0.6789020196454696,0.6813895652575938,0.6789020196454696,,,,,False
weka,knn,in_vehicle_coupon_recommendation,binary,classification,defaults,42,,ok,10147,2537,24,2,22,114,2.0,openml-schema,100,0,False,0.0161,3.4398,-K 5,3.9.6,Nominal attributes contribute a distance of 1 per mismatch in Weka but sqrt(2) across the corresponding one-hot columns. Neighbour-search structure is left to each library.,8.0875,9.5028,350.3,0.6945210878990934,0.687955536828206,0.6875436196556026,0.6884660228529679,0.6875436196556026,,,,True,False
weka,knn,in_vehicle_coupon_recommendation,binary,classification,matched,42,,ok,10147,2537,24,2,22,114,2.0,openml-schema,100,0,False,0.0222,4.0264,"-K 5 -A weka.core.neighboursearch.LinearNNSearch -A ""weka.core.EuclideanDistance -R first-last -D""",3.9.6,Nominal attributes contribute a distance of 1 per mismatch in Weka but sqrt(2) across the corresponding one-hot columns. Neighbour-search structure is left to each library.,8.1029,9.9275,350.4,0.675601103665747,0.6705544676339781,0.6712297101311597,0.6701133543733546,0.6712297101311597,,,,True,False
sklearn,logistic,in_vehicle_coupon_recommendation,binary,classification,defaults,42,,ok,10147,2537,24,2,22,114,2.0,openml-schema,100,0,False,0.0641,0.0008,{'max_iter': 1000},1.8.0,Ridge 0.5 in Weka/TuiML corresponds to scikit-learn's C=1.0.,1.3366,1.3309,209.9,0.7110760741032716,0.6991066662589216,0.6968324688566743,0.7074000891536807,0.6968324688566743,,,,,False
sklearn,logistic,in_vehicle_coupon_recommendation,binary,classification,matched,42,,ok,10147,2537,24,2,22,114,2.0,openml-schema,100,0,False,0.3166,0.0009,"{'C': 1.0, 'max_iter': 1000}",1.8.0,Ridge 0.5 in Weka/TuiML corresponds to scikit-learn's C=1.0.,1.9485,1.9287,208.4,0.7110760741032716,0.6991066662589216,0.6968324688566743,0.7074000891536807,0.6968324688566743,,,,,False
tuiml,logistic,in_vehicle_coupon_recommendation,binary,classification,defaults,42,,ok,10147,2537,24,2,22,114,2.0,openml-schema,100,0,False,0.1218,0.0037,{},0.1.6,Ridge 0.5 in Weka/TuiML corresponds to scikit-learn's C=1.0.,0.4955,0.4954,322.1,0.7122585731178558,0.70028902856625,0.6979825711372459,0.7087046939988116,0.6979825711372459,,,,,False
tuiml,logistic,in_vehicle_coupon_recommendation,binary,classification,matched,42,,ok,10147,2537,24,2,22,114,2.0,openml-schema,100,0,False,0.0255,0.0026,"{'ridge': 0.5, 'max_iter': 1000}",0.1.6,Ridge 0.5 in Weka/TuiML corresponds to scikit-learn's C=1.0.,0.2921,0.292,326.5,0.6740244383129681,0.6317036902847912,0.6396256467742037,0.6937647761928617,0.6396256467742037,,,,,False
weka,logistic,in_vehicle_coupon_recommendation,binary,classification,defaults,42,,ok,10147,2537,24,2,22,114,2.0,openml-schema,100,0,False,1.607,0.0346,,3.9.6,Ridge 0.5 in Weka/TuiML corresponds to scikit-learn's C=1.0.,6.0372,8.1906,517.8,0.711864406779661,0.6998291602632114,0.6975259501326798,0.7083162459040263,0.6975259501326798,,,,True,False
weka,logistic,in_vehicle_coupon_recommendation,binary,classification,matched,42,,ok,10147,2537,24,2,22,114,2.0,openml-schema,100,0,False,1.8313,0.0394,-R 0.5 -M 1000,3.9.6,Ridge 0.5 in Weka/TuiML corresponds to scikit-learn's C=1.0.,5.9387,8.5637,499.9,0.711864406779661,0.6998291602632114,0.6975259501326798,0.7083162459040263,0.6975259501326798,,,,True,False
sklearn,mlp,in_vehicle_coupon_recommendation,binary,classification,defaults,42,,ok,10147,2537,24,2,22,114,2.0,openml-schema,100,0,False,13.9106,0.0064,"{'max_iter': 300, 'random_state': 42}",1.8.0,"Weka updates weights per instance (online backprop); scikit-learn's SGD uses mini-batches. Same architecture and learning rate, different optimizer schedule and different divergence handling — the least matchable row in the table.",15.2817,15.2504,208.8,0.7532518722901064,0.7493383713075374,0.7501960113743595,0.7486981429021089,0.7501960113743595,,,,,False
sklearn,mlp,in_vehicle_coupon_recommendation,binary,classification,matched,42,,ok,10147,2537,24,2,22,114,2.0,openml-schema,100,0,False,9.1076,0.0097,"{'hidden_layer_sizes': (100,), 'max_iter': 300, 'solver': 'sgd', 'learning_rate': 'adaptive', 'learning_rate_init': 0.05, 'momentum': 0.2, 'activation': 'logistic', 'random_state': 42}",1.8.0,"Weka updates weights per instance (online backprop); scikit-learn's SGD uses mini-batches. Same architecture and learning rate, different optimizer schedule and different divergence handling — the least matchable row in the table.",10.4895,10.456,208.9,0.7181710681907765,0.7064955885063151,0.704062723639795,0.7150185247468195,0.704062723639795,,,,,False
tuiml,mlp,in_vehicle_coupon_recommendation,binary,classification,defaults,42,,ok,10147,2537,24,2,22,114,2.0,openml-schema,100,0,False,17.3234,0.0072,{},0.1.6,"Weka updates weights per instance (online backprop); scikit-learn's SGD uses mini-batches. Same architecture and learning rate, different optimizer schedule and different divergence handling — the least matchable row in the table.",17.6103,17.5691,344.3,0.757981868348443,0.7528665059849498,0.752379052432251,0.7534335610078733,0.752379052432251,,,,,False
tuiml,mlp,in_vehicle_coupon_recommendation,binary,classification,matched,42,,ok,10147,2537,24,2,22,114,2.0,openml-schema,100,0,False,18.6568,0.014,"{'hidden_layers': [100], 'max_epochs': 300, 'learning_rate': 0.05, 'momentum': 0.2, 'decay': True, 'activation': 'sigmoid', 'random_state': 42}",0.1.6,"Weka updates weights per instance (online backprop); scikit-learn's SGD uses mini-batches. Same architecture and learning rate, different optimizer schedule and different divergence handling — the least matchable row in the table.",18.9915,18.9758,365.5,0.6823019314150571,0.6584065693216049,0.6584446386614228,0.6837434433080246,0.6584446386614228,,,,,False
weka,mlp,in_vehicle_coupon_recommendation,binary,classification,defaults,42,,ok,10147,2537,24,2,22,114,2.0,openml-schema,100,0,False,447.1512,0.1364,,3.9.6,"Weka updates weights per instance (online backprop); scikit-learn's SGD uses mini-batches. Same architecture and learning rate, different optimizer schedule and different divergence handling — the least matchable row in the table.",450.9755,453.4182,386.7,0.7197477335435554,0.7144362687011618,0.7144598762500078,0.7144128925067244,0.7144598762500078,,,,True,False
weka,mlp,in_vehicle_coupon_recommendation,binary,classification,matched,42,,ok,10147,2537,24,2,22,114,2.0,openml-schema,100,0,False,675.2846,0.1906,-H 100 -N 300 -L 0.05 -M 0.2 -D -I -C -S 42,3.9.6,"Weka updates weights per instance (online backprop); scikit-learn's SGD uses mini-batches. Same architecture and learning rate, different optimizer schedule and different divergence handling — the least matchable row in the table.",679.3925,682.563,375.0,0.7110760741032716,0.6986082750834547,0.696283067023857,0.7077570107240583,0.696283067023857,,,,True,False
sklearn,naive_bayes,in_vehicle_coupon_recommendation,binary,classification,defaults,42,,ok,10147,2537,24,2,22,114,2.0,openml-schema,100,0,False,0.011,0.0016,{'alpha': 1.0},1.8.0,All three use add-one (Laplace) smoothing on discrete attributes.,1.2904,1.2724,188.9,0.6905794245171463,0.6784877399482265,0.6767142287158247,0.6850761118296687,0.6767142287158247,,,,,False
sklearn,naive_bayes,in_vehicle_coupon_recommendation,binary,classification,matched,42,,ok,10147,2537,24,2,22,114,2.0,openml-schema,100,0,False,0.0118,0.0017,{'alpha': 1.0},1.8.0,All three use add-one (Laplace) smoothing on discrete attributes.,1.2974,1.2935,192.5,0.6905794245171463,0.6784877399482265,0.6767142287158247,0.6850761118296687,0.6767142287158247,,,,,False
tuiml,naive_bayes,in_vehicle_coupon_recommendation,binary,classification,defaults,42,,ok,10147,2537,24,2,22,114,2.0,openml-schema,100,0,False,0.0074,0.0017,{'alpha': 1.0},0.1.6,All three use add-one (Laplace) smoothing on discrete attributes.,0.2608,0.2607,298.5,0.6905794245171463,0.6784877399482265,0.6767142287158247,0.6850761118296687,0.6767142287158247,,,,,False
tuiml,naive_bayes,in_vehicle_coupon_recommendation,binary,classification,matched,42,,ok,10147,2537,24,2,22,114,2.0,openml-schema,100,0,False,0.0075,0.0018,{'alpha': 1.0},0.1.6,All three use add-one (Laplace) smoothing on discrete attributes.,0.2823,0.2775,295.8,0.6905794245171463,0.6784877399482265,0.6767142287158247,0.6850761118296687,0.6767142287158247,,,,,False
weka,naive_bayes,in_vehicle_coupon_recommendation,binary,classification,defaults,42,,ok,10147,2537,24,2,22,114,2.0,openml-schema,100,0,False,0.0301,0.0322,,3.9.6,All three use add-one (Laplace) smoothing on discrete attributes.,4.1349,5.5599,353.9,0.6905794245171463,0.6784877399482265,0.6767142287158247,0.6850761118296687,0.6767142287158247,,,,True,False
weka,naive_bayes,in_vehicle_coupon_recommendation,binary,classification,matched,42,,ok,10147,2537,24,2,22,114,2.0,openml-schema,100,0,False,0.0264,0.0304,,3.9.6,All three use add-one (Laplace) smoothing on discrete attributes.,4.5708,5.8776,348.1,0.6905794245171463,0.6784877399482265,0.6767142287158247,0.6850761118296687,0.6767142287158247,,,,True,False
sklearn,random_forest,in_vehicle_coupon_recommendation,binary,classification,defaults,42,,ok,10147,2537,24,2,22,114,2.0,openml-schema,100,0,False,1.7396,0.0679,"{'n_estimators': 100, 'random_state': 42}",1.8.0,"sqrt(p) is evaluated on each library's own representation: Weka splits on intact nominal attributes, scikit-learn/TuiML on one-hot columns.",3.2847,3.2695,250.8,0.7749310208908159,0.7679512088305687,0.7655308140013553,0.7725952004785218,0.7655308140013553,,,,,False
sklearn,random_forest,in_vehicle_coupon_recommendation,binary,classification,matched,42,,ok,10147,2537,24,2,22,114,2.0,openml-schema,100,0,False,1.7631,0.0915,"{'n_estimators': 100, 'max_features': 'sqrt', 'min_samples_leaf': 1, 'bootstrap': True, 'random_state': 42}",1.8.0,"sqrt(p) is evaluated on each library's own representation: Weka splits on intact nominal attributes, scikit-learn/TuiML on one-hot columns.",3.1548,3.1372,250.4,0.7749310208908159,0.7679512088305687,0.7655308140013553,0.7725952004785218,0.7655308140013553,,,,,False
tuiml,random_forest,in_vehicle_coupon_recommendation,binary,classification,defaults,42,,ok,10147,2537,24,2,22,114,2.0,openml-schema,100,0,False,16.3105,0.1076,{'n_estimators': 100},0.1.6,"sqrt(p) is evaluated on each library's own representation: Weka splits on intact nominal attributes, scikit-learn/TuiML on one-hot columns.",17.0433,18.6031,1369.2,0.770595191170674,0.762477945463039,0.759519059652056,0.769276869333908,0.759519059652056,,,,,False
tuiml,random_forest,in_vehicle_coupon_recommendation,binary,classification,matched,42,,ok,10147,2537,24,2,22,114,2.0,openml-schema,100,0,False,16.2101,0.0682,"{'n_estimators': 100, 'max_features': 'sqrt', 'min_samples_leaf': 1, 'bootstrap': True, 'random_state': 42}",0.1.6,"sqrt(p) is evaluated on each library's own representation: Weka splits on intact nominal attributes, scikit-learn/TuiML on one-hot columns.",16.8779,18.5284,1522.4,0.7737485218762318,0.7658835551074059,0.7629522669554589,0.7724188384116737,0.7629522669554589,,,,,False
weka,random_forest,in_vehicle_coupon_recommendation,binary,classification,defaults,42,,ok,10147,2537,24,2,22,114,2.0,openml-schema,100,0,False,2.6226,0.1804,-I 100,3.9.6,"sqrt(p) is evaluated on each library's own representation: Weka splits on intact nominal attributes, scikit-learn/TuiML on one-hot columns.",6.9853,9.8122,925.8,0.7753251872290107,0.7681932897576664,0.7656577939062312,0.7732033763628547,0.7656577939062312,,,,True,False
weka,random_forest,in_vehicle_coupon_recommendation,binary,classification,matched,42,,ok,10147,2537,24,2,22,114,2.0,openml-schema,100,0,False,2.7436,0.2246,-I 100 -K 4 -depth 0 -M 1 -P 100 -S 42,3.9.6,"sqrt(p) is evaluated on each library's own representation: Weka splits on intact nominal attributes, scikit-learn/TuiML on one-hot columns.",7.0741,9.6815,940.0,0.7721718565234529,0.7647371204216034,0.762114706236265,0.7701392088955842,0.762114706236265,,,,True,False
sklearn,svm,in_vehicle_coupon_recommendation,binary,classification,defaults,42,,ok,10147,2537,24,2,22,114,2.0,openml-schema,100,0,False,17.6395,2.1036,{},1.8.0,Both use one-vs-one for multiclass. Optimizer tolerances differ (SMO -T 1e-3 / -P 1e-12 vs libsvm tol 1e-3).,21.0876,21.0361,403.4,0.7658651951123374,0.7572103301343274,0.754149487963825,0.7647509965284787,0.754149487963825,,,,,False
sklearn,svm,in_vehicle_coupon_recommendation,binary,classification,matched,42,,ok,10147,2537,24,2,22,114,2.0,openml-schema,100,0,False,11.2152,1.7102,"{'C': 1.0, 'kernel': 'rbf', 'gamma': 0.05062166962699821}",1.8.0,Both use one-vs-one for multiclass. Optimizer tolerances differ (SMO -T 1e-3 / -P 1e-12 vs libsvm tol 1e-3).,14.3501,14.3327,404.8,0.7658651951123374,0.7572103301343274,0.754149487963825,0.7647509965284787,0.754149487963825,,,,,False
tuiml,svm,in_vehicle_coupon_recommendation,binary,classification,defaults,42,,ok,10147,2537,24,2,22,114,2.0,openml-schema,100,0,False,32.5166,3.5628,{},0.1.6,Both use one-vs-one for multiclass. Optimizer tolerances differ (SMO -T 1e-3 / -P 1e-12 vs libsvm tol 1e-3).,36.3721,36.3436,512.9,0.7666535277887269,0.7581023186295668,0.7550627299729573,0.7654889978773616,0.7550627299729573,,,,,False
tuiml,svm,in_vehicle_coupon_recommendation,binary,classification,matched,42,,ok,10147,2537,24,2,22,114,2.0,openml-schema,100,0,False,34.7282,3.3895,"{'C': 1.0, 'kernel': 'rbf', 'gamma': 0.05062166962699821}",0.1.6,Both use one-vs-one for multiclass. Optimizer tolerances differ (SMO -T 1e-3 / -P 1e-12 vs libsvm tol 1e-3).,38.4189,38.4106,512.3,0.7666535277887269,0.7581023186295668,0.7550627299729573,0.7654889978773616,0.7550627299729573,,,,,False
weka,svm,in_vehicle_coupon_recommendation,binary,classification,defaults,42,,ok,10147,2537,24,2,22,114,2.0,openml-schema,100,0,False,402.8727,0.0537,,3.9.6,Both use one-vs-one for multiclass. Optimizer tolerances differ (SMO -T 1e-3 / -P 1e-12 vs libsvm tol 1e-3).,406.8124,410.5165,400.5,0.7138352384706346,0.7018332316705972,0.6994794140558205,0.7104706080458019,0.6994794140558205,,,,True,False
weka,svm,in_vehicle_coupon_recommendation,binary,classification,matched,42,,ok,10147,2537,24,2,22,114,2.0,openml-schema,100,0,False,398.3932,9.1455,-N 2 -C 1.0 -K weka.classifiers.functions.supportVector.RBFKernel -G 0.05062166963,3.9.6,Both use one-vs-one for multiclass. Optimizer tolerances differ (SMO -T 1e-3 / -P 1e-12 vs libsvm tol 1e-3).,411.5974,414.8682,382.9,0.7619235317303902,0.7529698149951315,0.7499129190178532,0.760760905622275,0.7499129190178532,,,,True,False
sklearn,decision_tree,jm1,binary,classification,defaults,42,,ok,8708,2177,21,21,0,21,2.0,openml-schema,100,0,False,0.1427,0.0017,{'random_state': 42},1.8.0,"C4.5 vs CART: even matched, J48 splits on gain ratio while scikit-learn/TuiML use information gain. Related algorithms, not identical ones.",1.5135,1.5048,194.7,0.7423059255856683,0.6001679475532202,0.603699430253383,0.5973736888766954,0.603699430253383,,,,,False
sklearn,decision_tree,jm1,binary,classification,matched,42,,ok,8708,2177,21,21,0,21,2.0,openml-schema,100,0,False,0.1506,0.0011,"{'criterion': 'entropy', 'min_samples_leaf': 1, 'random_state': 42}",1.8.0,"C4.5 vs CART: even matched, J48 splits on gain ratio while scikit-learn/TuiML use information gain. Related algorithms, not identical ones.",1.3003,1.2914,194.0,0.7505741846577859,0.5991600784650154,0.598892700425822,0.5994325832152348,0.598892700425822,,,,,False
tuiml,decision_tree,jm1,binary,classification,defaults,42,,ok,8708,2177,21,21,0,21,2.0,openml-schema,100,0,False,0.2005,0.0342,{},0.1.6,"C4.5 vs CART: even matched, J48 splits on gain ratio while scikit-learn/TuiML use information gain. Related algorithms, not identical ones.",0.3812,0.3812,303.5,0.7441433164905834,0.6089594440891746,0.6147703969829942,0.6047912992357437,0.6147703969829942,,,,,False
tuiml,decision_tree,jm1,binary,classification,matched,42,,ok,8708,2177,21,21,0,21,2.0,openml-schema,100,0,False,0.2139,0.0327,"{'criterion': 'entropy', 'min_samples_leaf': 1, 'random_state': 42}",0.1.6,"C4.5 vs CART: even matched, J48 splits on gain ratio while scikit-learn/TuiML use information gain. Related algorithms, not identical ones.",0.4193,0.4172,300.8,0.7446026642168121,0.5950444964871194,0.5960940163078472,0.5940737758755853,0.5960940163078472,,,,,False
weka,decision_tree,jm1,binary,classification,defaults,42,,ok,8708,2177,21,21,0,21,2.0,openml-schema,100,0,False,0.7158,0.0185,,3.9.6,"C4.5 vs CART: even matched, J48 splits on gain ratio while scikit-learn/TuiML use information gain. Related algorithms, not identical ones.",4.0205,5.7565,354.5,0.793752870923289,0.5860910032118531,0.575998003452026,0.6337441261468,0.575998003452026,,,,True,False
weka,decision_tree,jm1,binary,classification,matched,42,,ok,8708,2177,21,21,0,21,2.0,openml-schema,100,0,False,0.7957,0.0211,-U -B -M 1,3.9.6,"C4.5 vs CART: even matched, J48 splits on gain ratio while scikit-learn/TuiML use information gain. Related algorithms, not identical ones.",4.124,6.2052,338.7,0.7795130914101975,0.5876412333511174,0.5789089595766669,0.6129381676817818,0.5789089595766669,,,,True,False
sklearn,knn,jm1,binary,classification,defaults,42,,ok,8708,2177,21,21,0,21,2.0,openml-schema,100,0,False,0.0018,0.1287,{'n_neighbors': 5},1.8.0,Nominal attributes contribute a distance of 1 per mismatch in Weka but sqrt(2) across the corresponding one-hot columns. Neighbour-search structure is left to each library.,1.5027,1.4906,194.7,0.7923748277446027,0.5973968374504521,0.585978714309676,0.6362307534035184,0.585978714309676,,,,,False
sklearn,knn,jm1,binary,classification,matched,42,,ok,8708,2177,21,21,0,21,2.0,openml-schema,100,0,False,0.0022,0.1235,"{'n_neighbors': 5, 'weights': 'uniform'}",1.8.0,Nominal attributes contribute a distance of 1 per mismatch in Weka but sqrt(2) across the corresponding one-hot columns. Neighbour-search structure is left to each library.,1.4,1.3847,193.6,0.7923748277446027,0.5973968374504521,0.585978714309676,0.6362307534035184,0.585978714309676,,,,,False
tuiml,knn,jm1,binary,classification,defaults,42,,ok,8708,2177,21,21,0,21,2.0,openml-schema,100,0,False,0.0005,0.4324,{'k': 5},0.1.6,Nominal attributes contribute a distance of 1 per mismatch in Weka but sqrt(2) across the corresponding one-hot columns. Neighbour-search structure is left to each library.,0.5883,0.5877,303.5,0.7928341754708315,0.5987847820286024,0.587166362765733,0.6376129156256006,0.587166362765733,,,,,False
tuiml,knn,jm1,binary,classification,matched,42,,ok,8708,2177,21,21,0,21,2.0,openml-schema,100,0,False,0.0005,0.4519,"{'k': 5, 'distance_weighting': 'uniform'}",0.1.6,Nominal attributes contribute a distance of 1 per mismatch in Weka but sqrt(2) across the corresponding one-hot columns. Neighbour-search structure is left to each library.,0.6178,0.6159,301.9,0.7928341754708315,0.5987847820286024,0.587166362765733,0.6376129156256006,0.587166362765733,,,,,False
weka,knn,jm1,binary,classification,defaults,42,,ok,8708,2177,21,21,0,21,2.0,openml-schema,100,0,False,0.0164,1.548,-K 5,3.9.6,Nominal attributes contribute a distance of 1 per mismatch in Weka but sqrt(2) across the corresponding one-hot columns. Neighbour-search structure is left to each library.,5.6763,7.2126,305.9,0.7969683050068902,0.5909397764914739,0.5797969905691515,0.6422090225781412,0.5797969905691515,,,,True,False
weka,knn,jm1,binary,classification,matched,42,,ok,8708,2177,21,21,0,21,2.0,openml-schema,100,0,False,0.0134,1.2693,"-K 5 -A weka.core.neighboursearch.LinearNNSearch -A ""weka.core.EuclideanDistance -R first-last -D""",3.9.6,Nominal attributes contribute a distance of 1 per mismatch in Weka but sqrt(2) across the corresponding one-hot columns. Neighbour-search structure is left to each library.,4.8918,6.6242,304.9,0.793752870923289,0.5955428626756645,0.5841241971875186,0.6378224448187217,0.5841241971875186,,,,True,False
sklearn,logistic,jm1,binary,classification,defaults,42,,ok,8708,2177,21,21,0,21,2.0,openml-schema,100,0,False,0.0412,0.0004,{'max_iter': 1000},1.8.0,Ridge 0.5 in Weka/TuiML corresponds to scikit-learn's C=1.0.,1.2703,1.2604,195.7,0.8112080845199816,0.5315963469889358,0.5407696178423214,0.6936744162136459,0.5407696178423214,,,,,False
sklearn,logistic,jm1,binary,classification,matched,42,,ok,8708,2177,21,21,0,21,2.0,openml-schema,100,0,False,0.0412,0.0005,"{'C': 1.0, 'max_iter': 1000}",1.8.0,Ridge 0.5 in Weka/TuiML corresponds to scikit-learn's C=1.0.,1.3986,1.39,194.1,0.8112080845199816,0.5315963469889358,0.5407696178423214,0.6936744162136459,0.5407696178423214,,,,,False
tuiml,logistic,jm1,binary,classification,defaults,42,,ok,8708,2177,21,21,0,21,2.0,openml-schema,100,0,False,0.041,0.0003,{},0.1.6,Ridge 0.5 in Weka/TuiML corresponds to scikit-learn's C=1.0.,0.1769,0.1766,303.5,0.8112080845199816,0.5315963469889358,0.5407696178423214,0.6936744162136459,0.5407696178423214,,,,,False
tuiml,logistic,jm1,binary,classification,matched,42,,ok,8708,2177,21,21,0,21,2.0,openml-schema,100,0,False,0.0088,0.0003,"{'ridge': 0.5, 'max_iter': 1000}",0.1.6,Ridge 0.5 in Weka/TuiML corresponds to scikit-learn's C=1.0.,0.1637,0.1635,304.0,0.8130454754248967,0.4926567298183894,0.5220445408751264,0.7914029252941387,0.5220445408751264,,,,,False
weka,logistic,jm1,binary,classification,defaults,42,,ok,8708,2177,21,21,0,21,2.0,openml-schema,100,0,False,0.3941,0.0187,,3.9.6,Ridge 0.5 in Weka/TuiML corresponds to scikit-learn's C=1.0.,4.0919,5.6666,341.2,0.8121267799724391,0.5387408417009739,0.5449507355845449,0.6980865522174535,0.5449507355845449,,,,True,False
weka,logistic,jm1,binary,classification,matched,42,,ok,8708,2177,21,21,0,21,2.0,openml-schema,100,0,False,0.4232,0.0196,-R 0.5 -M 1000,3.9.6,Ridge 0.5 in Weka/TuiML corresponds to scikit-learn's C=1.0.,3.8589,5.6316,330.2,0.8112080845199816,0.5315963469889358,0.5407696178423214,0.6936744162136459,0.5407696178423214,,,,True,False
sklearn,mlp,jm1,binary,classification,defaults,42,,ok,8708,2177,21,21,0,21,2.0,openml-schema,100,0,False,7.1693,0.0021,"{'max_iter': 300, 'random_state': 42}",1.8.0,"Weka updates weights per instance (online backprop); scikit-learn's SGD uses mini-batches. Same architecture and learning rate, different optimizer schedule and different divergence handling — the least matchable row in the table.",8.4405,8.4158,194.8,0.8167202572347267,0.5789174402387396,0.5703708763709359,0.7107579808783018,0.5703708763709359,,,,,False
sklearn,mlp,jm1,binary,classification,matched,42,,ok,8708,2177,21,21,0,21,2.0,openml-schema,100,0,False,5.5023,0.0048,"{'hidden_layer_sizes': (100,), 'max_iter': 300, 'solver': 'sgd', 'learning_rate': 'adaptive', 'learning_rate_init': 0.05, 'momentum': 0.2, 'activation': 'logistic', 'random_state': 42}",1.8.0,"Weka updates weights per instance (online backprop); scikit-learn's SGD uses mini-batches. Same architecture and learning rate, different optimizer schedule and different divergence handling — the least matchable row in the table.",6.6351,6.6104,194.7,0.8079926504363804,0.5261200403272843,0.536970630725196,0.6690259740259741,0.536970630725196,,,,,False
tuiml,mlp,jm1,binary,classification,defaults,42,,ok,8708,2177,21,21,0,21,2.0,openml-schema,100,0,False,12.7792,0.0029,{},0.1.6,"Weka updates weights per instance (online backprop); scikit-learn's SGD uses mini-batches. Same architecture and learning rate, different optimizer schedule and different divergence handling — the least matchable row in the table.",12.9723,12.9707,324.3,0.8112080845199816,0.5396788158940602,0.5452841699175951,0.6904164675903806,0.5452841699175951,,,,,False
tuiml,mlp,jm1,binary,classification,matched,42,,ok,8708,2177,21,21,0,21,2.0,openml-schema,100,0,False,8.174,0.0057,"{'hidden_layers': [100], 'max_epochs': 300, 'learning_rate': 0.05, 'momentum': 0.2, 'decay': True, 'activation': 'sigmoid', 'random_state': 42}",0.1.6,"Weka updates weights per instance (online backprop); scikit-learn's SGD uses mini-batches. Same architecture and learning rate, different optimizer schedule and different divergence handling — the least matchable row in the table.",8.3292,8.3248,341.3,0.8112080845199816,0.5248867769134822,0.5371579761821025,0.6971634870734824,0.5371579761821025,,,,,False
weka,mlp,jm1,binary,classification,defaults,42,,ok,8708,2177,21,21,0,21,2.0,openml-schema,100,0,False,17.3665,0.0252,,3.9.6,"Weka updates weights per instance (online backprop); scikit-learn's SGD uses mini-batches. Same architecture and learning rate, different optimizer schedule and different divergence handling — the least matchable row in the table.",20.8421,22.3769,311.1,0.8070739549839229,0.48954913914383336,0.5183429463420969,0.6626310234822863,0.5183429463420969,,,,True,False
weka,mlp,jm1,binary,classification,matched,42,,ok,8708,2177,21,21,0,21,2.0,openml-schema,100,0,False,95.6207,0.0582,-H 100 -N 300 -L 0.05 -M 0.2 -D -I -C -S 42,3.9.6,"Weka updates weights per instance (online backprop); scikit-learn's SGD uses mini-batches. Same architecture and learning rate, different optimizer schedule and different divergence handling — the least matchable row in the table.",100.1636,102.0425,310.6,0.8116674322462104,0.5415872318046231,0.5464718183736521,0.6932038015971207,0.5464718183736521,,,,True,False
sklearn,naive_bayes,jm1,binary,classification,defaults,42,,ok,8708,2177,21,21,0,21,2.0,openml-schema,100,0,False,0.0082,0.0013,{'alpha': 1.0},1.8.0,All three use add-one (Laplace) smoothing on discrete attributes.,1.2632,1.251,192.2,0.6954524575103354,0.6062907780699192,0.646888983275529,0.6035151185846107,0.646888983275529,,,,,False
sklearn,naive_bayes,jm1,binary,classification,matched,42,,ok,8708,2177,21,21,0,21,2.0,openml-schema,100,0,False,0.0073,0.0011,{'alpha': 1.0},1.8.0,All three use add-one (Laplace) smoothing on discrete attributes.,1.0911,1.0859,194.7,0.6954524575103354,0.6062907780699192,0.646888983275529,0.6035151185846107,0.646888983275529,,,,,False
tuiml,naive_bayes,jm1,binary,classification,defaults,42,,ok,8708,2177,21,21,0,21,2.0,openml-schema,100,0,False,0.0041,0.0013,{'alpha': 1.0},0.1.6,All three use add-one (Laplace) smoothing on discrete attributes.,0.1751,0.1751,303.5,0.6949931097841066,0.6059195704374793,0.6466042452345268,0.603242024965326,0.6466042452345268,,,,,False
tuiml,naive_bayes,jm1,binary,classification,matched,42,,ok,8708,2177,21,21,0,21,2.0,openml-schema,100,0,False,0.0039,0.0012,{'alpha': 1.0},0.1.6,All three use add-one (Laplace) smoothing on discrete attributes.,0.1601,0.1602,304.0,0.6949931097841066,0.6059195704374793,0.6466042452345268,0.603242024965326,0.6466042452345268,,,,,False
weka,naive_bayes,jm1,binary,classification,defaults,42,,ok,8708,2177,21,21,0,21,2.0,openml-schema,100,0,False,0.0266,0.026,,3.9.6,All three use add-one (Laplace) smoothing on discrete attributes.,3.6356,4.8935,342.0,0.6949931097841066,0.6059195704374793,0.6466042452345268,0.603242024965326,0.6466042452345268,,,,True,False
weka,naive_bayes,jm1,binary,classification,matched,42,,ok,8708,2177,21,21,0,21,2.0,openml-schema,100,0,False,0.0232,0.0252,,3.9.6,All three use add-one (Laplace) smoothing on discrete attributes.,3.6491,4.9524,324.1,0.6949931097841066,0.6059195704374793,0.6466042452345268,0.603242024965326,0.6466042452345268,,,,True,False
sklearn,random_forest,jm1,binary,classification,defaults,42,,ok,8708,2177,21,21,0,21,2.0,openml-schema,100,0,False,2.2418,0.0447,"{'n_estimators': 100, 'random_state': 42}",1.8.0,"sqrt(p) is evaluated on each library's own representation: Weka splits on intact nominal attributes, scikit-learn/TuiML on one-hot columns.",3.5618,3.5473,205.2,0.8167202572347267,0.6138157470617919,0.596555278407523,0.7006087313319581,0.596555278407523,,,,,False
sklearn,random_forest,jm1,binary,classification,matched,42,,ok,8708,2177,21,21,0,21,2.0,openml-schema,100,0,False,2.0789,0.0517,"{'n_estimators': 100, 'max_features': 'sqrt', 'min_samples_leaf': 1, 'bootstrap': True, 'random_state': 42}",1.8.0,"sqrt(p) is evaluated on each library's own representation: Weka splits on intact nominal attributes, scikit-learn/TuiML on one-hot columns.",3.3236,3.2971,203.9,0.8167202572347267,0.6138157470617919,0.596555278407523,0.7006087313319581,0.596555278407523,,,,,False
tuiml,random_forest,jm1,binary,classification,defaults,42,,ok,8708,2177,21,21,0,21,2.0,openml-schema,100,0,False,8.5367,0.0533,{'n_estimators': 100},0.1.6,"sqrt(p) is evaluated on each library's own representation: Weka splits on intact nominal attributes, scikit-learn/TuiML on one-hot columns.",8.9002,9.5491,487.1,0.8148828663298117,0.600939825598717,0.5863872220929667,0.6956437827405569,0.5863872220929667,,,,,False
tuiml,random_forest,jm1,binary,classification,matched,42,,ok,8708,2177,21,21,0,21,2.0,openml-schema,100,0,False,8.5538,0.063,"{'n_estimators': 100, 'max_features': 'sqrt', 'min_samples_leaf': 1, 'bootstrap': True, 'random_state': 42}",0.1.6,"sqrt(p) is evaluated on each library's own representation: Weka splits on intact nominal attributes, scikit-learn/TuiML on one-hot columns.",8.8882,9.5078,470.8,0.8176389526871842,0.5998926898054853,0.5853869190938161,0.7076122348297977,0.5853869190938161,,,,,False
weka,random_forest,jm1,binary,classification,defaults,42,,ok,8708,2177,21,21,0,21,2.0,openml-schema,100,0,False,4.9406,0.1571,-I 100,3.9.6,"sqrt(p) is evaluated on each library's own representation: Weka splits on intact nominal attributes, scikit-learn/TuiML on one-hot columns.",8.4816,11.2343,840.6,0.8167202572347267,0.6170337434335106,0.5992640096526872,0.7001120770522917,0.5992640096526872,,,,True,False
weka,random_forest,jm1,binary,classification,matched,42,,ok,8708,2177,21,21,0,21,2.0,openml-schema,100,0,False,4.3177,0.1371,-I 100 -K 4 -depth 0 -M 1 -P 100 -S 42,3.9.6,"sqrt(p) is evaluated on each library's own representation: Weka splits on intact nominal attributes, scikit-learn/TuiML on one-hot columns.",8.3015,10.798,839.4,0.8135048231511254,0.6086862200624783,0.5927562912903976,0.6898064083969042,0.5927562912903976,,,,True,False
sklearn,svm,jm1,binary,classification,defaults,42,,ok,8708,2177,21,21,0,21,2.0,openml-schema,100,0,False,2.6015,0.469,{},1.8.0,Both use one-vs-one for multiclass. Optimizer tolerances differ (SMO -T 1e-3 / -P 1e-12 vs libsvm tol 1e-3).,4.4345,4.4016,330.4,0.8112080845199816,0.5282693979595441,0.538963797012212,0.6953013763644993,0.538963797012212,,,,,False
sklearn,svm,jm1,binary,classification,matched,42,,ok,8708,2177,21,21,0,21,2.0,openml-schema,100,0,False,2.3418,0.4572,"{'C': 1.0, 'kernel': 'rbf', 'gamma': 0.047619047619047616}",1.8.0,Both use one-vs-one for multiclass. Optimizer tolerances differ (SMO -T 1e-3 / -P 1e-12 vs libsvm tol 1e-3).,4.1391,4.1244,329.0,0.8112080845199816,0.5282693979595441,0.538963797012212,0.6953013763644993,0.538963797012212,,,,,False
tuiml,svm,jm1,binary,classification,defaults,42,,ok,8708,2177,21,21,0,21,2.0,openml-schema,100,0,False,2.9467,0.2668,{},0.1.6,Both use one-vs-one for multiclass. Optimizer tolerances differ (SMO -T 1e-3 / -P 1e-12 vs libsvm tol 1e-3).,3.3775,3.3752,495.0,0.8107487367937529,0.5279605747895905,0.5386790589712097,0.6912343003892301,0.5386790589712097,,,,,False
tuiml,svm,jm1,binary,classification,matched,42,,ok,8708,2177,21,21,0,21,2.0,openml-schema,100,0,False,2.9383,0.2652,"{'C': 1.0, 'kernel': 'rbf', 'gamma': 0.047619047619047616}",0.1.6,Both use one-vs-one for multiclass. Optimizer tolerances differ (SMO -T 1e-3 / -P 1e-12 vs libsvm tol 1e-3).,3.3591,3.3587,495.9,0.8107487367937529,0.5279605747895905,0.5386790589712097,0.6912343003892301,0.5386790589712097,,,,,False
weka,svm,jm1,binary,classification,defaults,42,,ok,8708,2177,21,21,0,21,2.0,openml-schema,100,0,False,3.3554,0.0325,,3.9.6,Both use one-vs-one for multiclass. Optimizer tolerances differ (SMO -T 1e-3 / -P 1e-12 vs libsvm tol 1e-3).,6.7171,8.4843,321.8,0.8079926504363804,0.4538948101205051,0.503562945368171,0.9038638454461821,0.503562945368171,,,,True,False
weka,svm,jm1,binary,classification,matched,42,,ok,8708,2177,21,21,0,21,2.0,openml-schema,100,0,False,228.1932,0.9781,-N 2 -C 1.0 -K weka.classifiers.functions.supportVector.RBFKernel -G 0.04761904762,3.9.6,Both use one-vs-one for multiclass. Optimizer tolerances differ (SMO -T 1e-3 / -P 1e-12 vs libsvm tol 1e-3).,233.6241,236.1901,322.0,0.8112080845199816,0.5282693979595441,0.538963797012212,0.6953013763644993,0.538963797012212,,,,True,False
sklearn,decision_tree,kddcup09_appetency,binary,classification,defaults,42,,ok,40000,10000,212,174,38,1708,2.0,openml-schema,100,11,False,34.3232,0.0543,{'random_state': 42},1.8.0,"C4.5 vs CART: even matched, J48 splits on gain ratio while scikit-learn/TuiML use information gain. Related algorithms, not identical ones.",40.6245,40.5864,1570.5,0.967,0.5307057786899467,0.5308754252663707,0.5305385833899072,0.5308754252663707,,,,,False
sklearn,decision_tree,kddcup09_appetency,binary,classification,matched,42,,ok,40000,10000,212,174,38,1708,2.0,openml-schema,100,11,False,9.6183,0.0502,"{'criterion': 'entropy', 'min_samples_leaf': 1, 'random_state': 42}",1.8.0,"C4.5 vs CART: even matched, J48 splits on gain ratio while scikit-learn/TuiML use information gain. Related algorithms, not identical ones.",15.0519,15.0134,1609.7,0.9638,0.5290343799698581,0.5320045117701835,0.5267185049785026,0.5320045117701835,,,,,False
tuiml,decision_tree,kddcup09_appetency,binary,classification,defaults,42,,ok,40000,10000,212,174,38,1708,2.0,openml-schema,100,11,False,185.7591,0.4333,{},0.1.6,"C4.5 vs CART: even matched, J48 splits on gain ratio while scikit-learn/TuiML use information gain. Related algorithms, not identical ones.",190.334,190.255,1689.2,0.9683,0.5243867327003926,0.5232629570398029,0.525674855862618,0.5232629570398029,,,,,False
tuiml,decision_tree,kddcup09_appetency,binary,classification,matched,42,,ok,40000,10000,212,174,38,1708,2.0,openml-schema,100,11,False,58.0426,0.1663,"{'criterion': 'entropy', 'min_samples_leaf': 1, 'random_state': 42}",0.1.6,"C4.5 vs CART: even matched, J48 splits on gain ratio while scikit-learn/TuiML use information gain. Related algorithms, not identical ones.",64.3295,64.0648,1617.5,0.9641,0.5270236175947741,0.5293991475225303,0.5251177846660271,0.5293991475225303,,,,,False
weka,decision_tree,kddcup09_appetency,binary,classification,defaults,42,,ok,40000,10000,212,174,38,1708,2.0,openml-schema,100,11,False,11.3793,0.096,,3.9.6,"C4.5 vs CART: even matched, J48 splits on gain ratio while scikit-learn/TuiML use information gain. Related algorithms, not identical ones.",53.006,55.6253,1261.1,0.9822,0.4955100393502169,0.5,0.4911,0.5,,,,True,False
weka,decision_tree,kddcup09_appetency,binary,classification,matched,42,,ok,40000,10000,212,174,38,1708,2.0,openml-schema,100,11,False,168.3636,0.1125,-U -B -M 1,3.9.6,"C4.5 vs CART: even matched, J48 splits on gain ratio while scikit-learn/TuiML use information gain. Related algorithms, not identical ones.",209.509,215.783,1390.9,0.9699,0.526407203897118,0.52407745510537,0.5294581780646967,0.52407745510537,,,,True,False
sklearn,knn,kddcup09_appetency,binary,classification,defaults,42,,ok,40000,10000,212,174,38,1708,2.0,openml-schema,100,11,False,0.0678,41.9276,{'n_neighbors': 5},1.8.0,Nominal attributes contribute a distance of 1 per mismatch in Weka but sqrt(2) across the corresponding one-hot columns. Neighbour-search structure is left to each library.,47.6527,47.5666,1504.9,0.9821,0.4954845870541345,0.4999490938709021,0.4910991099109911,0.4999490938709021,,,,,False
sklearn,knn,kddcup09_appetency,binary,classification,matched,42,,ok,40000,10000,212,174,38,1708,2.0,openml-schema,100,11,False,0.0585,44.5505,"{'n_neighbors': 5, 'weights': 'uniform'}",1.8.0,Nominal attributes contribute a distance of 1 per mismatch in Weka but sqrt(2) across the corresponding one-hot columns. Neighbour-search structure is left to each library.,49.5219,49.4942,1611.9,0.9821,0.4954845870541345,0.4999490938709021,0.4910991099109911,0.4999490938709021,,,,,False
tuiml,knn,kddcup09_appetency,binary,classification,defaults,42,,ok,40000,10000,212,174,38,1708,2.0,openml-schema,100,11,False,0.0015,1002.3543,{'k': 5},0.1.6,Nominal attributes contribute a distance of 1 per mismatch in Weka but sqrt(2) across the corresponding one-hot columns. Neighbour-search structure is left to each library.,1008.0437,1007.7851,1621.3,0.9821,0.4954845870541345,0.4999490938709021,0.4910991099109911,0.4999490938709021,,,,,False
tuiml,knn,kddcup09_appetency,binary,classification,matched,42,,ok,40000,10000,212,174,38,1708,2.0,openml-schema,100,11,False,0.0015,964.0371,"{'k': 5, 'distance_weighting': 'uniform'}",0.1.6,Nominal attributes contribute a distance of 1 per mismatch in Weka but sqrt(2) across the corresponding one-hot columns. Neighbour-search structure is left to each library.,968.2236,968.0429,1687.7,0.9821,0.4954845870541345,0.4999490938709021,0.4910991099109911,0.4999490938709021,,,,,False
weka,knn,kddcup09_appetency,binary,classification,defaults,42,,ok,40000,10000,212,174,38,1708,2.0,openml-schema,100,11,False,0.0607,471.0897,-K 5,3.9.6,Nominal attributes contribute a distance of 1 per mismatch in Weka but sqrt(2) across the corresponding one-hot columns. Neighbour-search structure is left to each library.,511.3376,514.1138,1326.9,0.9815,0.5006789416876674,0.5024017397312613,0.546697583380598,0.5024017397312613,,,,True,False
weka,knn,kddcup09_appetency,binary,classification,matched,42,,ok,40000,10000,212,174,38,1708,2.0,openml-schema,100,11,False,0.0599,366.5281,"-K 5 -A weka.core.neighboursearch.LinearNNSearch -A ""weka.core.EuclideanDistance -R first-last -D""",3.9.6,Nominal attributes contribute a distance of 1 per mismatch in Weka but sqrt(2) across the corresponding one-hot columns. Neighbour-search structure is left to each library.,408.004,410.5684,1339.6,0.9822,0.501065141832044,0.502758082634947,0.7411482296459292,0.502758082634947,,,,True,False
sklearn,logistic,kddcup09_appetency,binary,classification,defaults,42,,ok,40000,10000,212,174,38,1708,2.0,openml-schema,100,11,False,37.6692,0.0658,{'max_iter': 1000},1.8.0,Ridge 0.5 in Weka/TuiML corresponds to scikit-learn's C=1.0.,44.3109,44.2956,1615.9,0.9811,0.4952299227701782,0.49944003257992264,0.49109019921914104,0.49944003257992264,,,,,False
sklearn,logistic,kddcup09_appetency,binary,classification,matched,42,,ok,40000,10000,212,174,38,1708,2.0,openml-schema,100,11,False,18.5502,0.0405,"{'C': 1.0, 'max_iter': 1000}",1.8.0,Ridge 0.5 in Weka/TuiML corresponds to scikit-learn's C=1.0.,24.2251,24.1705,1589.7,0.9811,0.4952299227701782,0.49944003257992264,0.49109019921914104,0.49944003257992264,,,,,False
tuiml,logistic,kddcup09_appetency,binary,classification,defaults,42,,ok,40000,10000,212,174,38,1708,2.0,openml-schema,100,11,False,17.8582,0.1935,{},0.1.6,Ridge 0.5 in Weka/TuiML corresponds to scikit-learn's C=1.0.,25.8987,25.8878,2139.6,0.979,0.5085815698431954,0.5066452517737068,0.5306903073785648,0.5066452517737068,,,,,False
tuiml,logistic,kddcup09_appetency,binary,classification,matched,42,,ok,40000,10000,212,174,38,1708,2.0,openml-schema,100,11,False,3.2586,0.116,"{'ridge': 0.5, 'max_iter': 1000}",0.1.6,Ridge 0.5 in Weka/TuiML corresponds to scikit-learn's C=1.0.,8.7596,8.7355,2198.9,0.9822,0.4955100393502169,0.5,0.4911,0.5,,,,,False
weka,logistic,kddcup09_appetency,binary,classification,matched,42,,ok,40000,10000,212,174,38,1708,2.0,openml-schema,100,11,False,918.2518,0.2486,-R 0.5 -M 1000,3.9.6,Ridge 0.5 in Weka/TuiML corresponds to scikit-learn's C=1.0.,959.477,971.2739,2360.8,0.9791,0.5086717092464929,0.5066961579028048,0.5317580453081808,0.5066961579028048,,,,True,False
sklearn,mlp,kddcup09_appetency,binary,classification,defaults,42,,ok,40000,10000,212,174,38,1708,2.0,openml-schema,100,11,False,119.7565,0.1784,"{'max_iter': 300, 'random_state': 42}",1.8.0,"Weka updates weights per instance (online backprop); scikit-learn's SGD uses mini-batches. Same architecture and learning rate, different optimizer schedule and different divergence handling — the least matchable row in the table.",126.0193,125.9206,1611.5,0.9775,0.5235956711997067,0.5169139903770257,0.5487745740822294,0.5169139903770257,,,,,False
sklearn,mlp,kddcup09_appetency,binary,classification,matched,42,,ok,40000,10000,212,174,38,1708,2.0,openml-schema,100,11,False,233.3071,0.1413,"{'hidden_layer_sizes': (100,), 'max_iter': 300, 'solver': 'sgd', 'learning_rate': 'adaptive', 'learning_rate_init': 0.05, 'momentum': 0.2, 'activation': 'logistic', 'random_state': 42}",1.8.0,"Weka updates weights per instance (online backprop); scikit-learn's SGD uses mini-batches. Same architecture and learning rate, different optimizer schedule and different divergence handling — the least matchable row in the table.",240.1191,240.0296,1617.8,0.9821,0.4954845870541345,0.4999490938709021,0.4910991099109911,0.4999490938709021,,,,,False
tuiml,mlp,kddcup09_appetency,binary,classification,defaults,42,,ok,40000,10000,212,174,38,1708,2.0,openml-schema,100,11,False,27.2689,0.2292,{},0.1.6,"Weka updates weights per instance (online backprop); scikit-learn's SGD uses mini-batches. Same architecture and learning rate, different optimizer schedule and different divergence handling — the least matchable row in the table.",32.6874,32.6756,2139.0,0.9822,0.4955100393502169,0.5,0.4911,0.5,,,,,False
tuiml,mlp,kddcup09_appetency,binary,classification,matched,42,,ok,40000,10000,212,174,38,1708,2.0,openml-schema,100,11,False,328.8241,0.274,"{'hidden_layers': [100], 'max_epochs': 300, 'learning_rate': 0.05, 'momentum': 0.2, 'decay': True, 'activation': 'sigmoid', 'random_state': 42}",0.1.6,"Weka updates weights per instance (online backprop); scikit-learn's SGD uses mini-batches. Same architecture and learning rate, different optimizer schedule and different divergence handling — the least matchable row in the table.",334.0969,333.9734,2146.4,0.9822,0.4955100393502169,0.5,0.4911,0.5,,,,,False
sklearn,naive_bayes,kddcup09_appetency,binary,classification,defaults,42,,ok,40000,10000,212,174,38,1708,2.0,openml-schema,100,11,False,0.1627,0.0487,{'alpha': 1.0},1.8.0,All three use add-one (Laplace) smoothing on discrete attributes.,5.2702,5.2596,758.5,0.8742,0.5051044268999112,0.5911997602264122,0.5152530218864592,0.5911997602264122,,,,,False
sklearn,naive_bayes,kddcup09_appetency,binary,classification,matched,42,,ok,40000,10000,212,174,38,1708,2.0,openml-schema,100,11,False,0.1318,0.0547,{'alpha': 1.0},1.8.0,All three use add-one (Laplace) smoothing on discrete attributes.,4.7416,4.7276,758.4,0.8742,0.5051044268999112,0.5911997602264122,0.5152530218864592,0.5911997602264122,,,,,False
tuiml,naive_bayes,kddcup09_appetency,binary,classification,defaults,42,,ok,40000,10000,212,174,38,1708,2.0,openml-schema,100,11,False,0.1941,0.0486,{'alpha': 1.0},0.1.6,All three use add-one (Laplace) smoothing on discrete attributes.,3.9098,3.9022,882.4,0.8741,0.5050473183019467,0.5911488540973142,0.515233393343352,0.5911488540973142,,,,,False
tuiml,naive_bayes,kddcup09_appetency,binary,classification,matched,42,,ok,40000,10000,212,174,38,1708,2.0,openml-schema,100,11,False,0.206,0.0493,{'alpha': 1.0},0.1.6,All three use add-one (Laplace) smoothing on discrete attributes.,3.9656,3.9551,878.9,0.8741,0.5050473183019467,0.5911488540973142,0.515233393343352,0.5911488540973142,,,,,False
weka,naive_bayes,kddcup09_appetency,binary,classification,defaults,42,,ok,40000,10000,212,174,38,1708,2.0,openml-schema,100,11,False,0.1521,0.3123,,3.9.6,All three use add-one (Laplace) smoothing on discrete attributes.,44.0666,45.8227,1334.3,0.8741,0.5050473183019467,0.5911488540973142,0.515233393343352,0.5911488540973142,,,,True,False
weka,naive_bayes,kddcup09_appetency,binary,classification,matched,42,,ok,40000,10000,212,174,38,1708,2.0,openml-schema,100,11,False,0.1977,0.3101,,3.9.6,All three use add-one (Laplace) smoothing on discrete attributes.,47.2584,49.6079,1370.2,0.8741,0.5050473183019467,0.5911488540973142,0.515233393343352,0.5911488540973142,,,,True,False
sklearn,random_forest,kddcup09_appetency,binary,classification,defaults,42,,ok,40000,10000,212,174,38,1708,2.0,openml-schema,100,11,False,66.2567,1.0913,"{'n_estimators': 100, 'random_state': 42}",1.8.0,"sqrt(p) is evaluated on each library's own representation: Weka splits on intact nominal attributes, scikit-learn/TuiML on one-hot columns.",73.2842,73.1877,1565.2,0.9822,0.4955100393502169,0.5,0.4911,0.5,,,,,False
sklearn,random_forest,kddcup09_appetency,binary,classification,matched,42,,ok,40000,10000,212,174,38,1708,2.0,openml-schema,100,11,False,55.8862,1.1159,"{'n_estimators': 100, 'max_features': 'sqrt', 'min_samples_leaf': 1, 'bootstrap': True, 'random_state': 42}",1.8.0,"sqrt(p) is evaluated on each library's own representation: Weka splits on intact nominal attributes, scikit-learn/TuiML on one-hot columns.",63.155,63.0788,1611.4,0.9822,0.4955100393502169,0.5,0.4911,0.5,,,,,False
tuiml,random_forest,kddcup09_appetency,binary,classification,defaults,42,,ok,40000,10000,212,174,38,1708,2.0,openml-schema,100,11,False,1305.9743,1.0328,{'n_estimators': 100},0.1.6,"sqrt(p) is evaluated on each library's own representation: Weka splits on intact nominal attributes, scikit-learn/TuiML on one-hot columns.",1311.4421,1310.6432,2254.3,0.9822,0.4955100393502169,0.5,0.4911,0.5,,,,,False
tuiml,random_forest,kddcup09_appetency,binary,classification,matched,42,,ok,40000,10000,212,174,38,1708,2.0,openml-schema,100,11,False,1289.559,1.0589,"{'n_estimators': 100, 'max_features': 'sqrt', 'min_samples_leaf': 1, 'bootstrap': True, 'random_state': 42}",0.1.6,"sqrt(p) is evaluated on each library's own representation: Weka splits on intact nominal attributes, scikit-learn/TuiML on one-hot columns.",1294.6265,1293.8335,2230.8,0.9822,0.4955100393502169,0.5,0.4911,0.5,,,,,False
weka,random_forest,kddcup09_appetency,binary,classification,defaults,42,,ok,40000,10000,212,174,38,1708,2.0,openml-schema,100,11,False,17.5531,0.8914,-I 100,3.9.6,"sqrt(p) is evaluated on each library's own representation: Weka splits on intact nominal attributes, scikit-learn/TuiML on one-hot columns.",60.1787,64.2586,1401.3,0.9822,0.4955100393502169,0.5,0.4911,0.5,,,,True,False
weka,random_forest,kddcup09_appetency,binary,classification,matched,42,,ok,40000,10000,212,174,38,1708,2.0,openml-schema,100,11,False,26.3408,0.796,-I 100 -K 14 -depth 0 -M 1 -P 100 -S 42,3.9.6,"sqrt(p) is evaluated on each library's own representation: Weka splits on intact nominal attributes, scikit-learn/TuiML on one-hot columns.",68.2138,73.0044,1328.1,0.9822,0.4955100393502169,0.5,0.4911,0.5,,,,True,False
sklearn,svm,kddcup09_appetency,binary,classification,defaults,42,,ok,40000,10000,212,174,38,1708,2.0,openml-schema,100,11,False,1157.0757,103.1313,{},1.8.0,Both use one-vs-one for multiclass. Optimizer tolerances differ (SMO -T 1e-3 / -P 1e-12 vs libsvm tol 1e-3).,1265.0781,1264.8048,1605.6,0.9822,0.4955100393502169,0.5,0.4911,0.5,,,,,False
sklearn,svm,kddcup09_appetency,binary,classification,matched,42,,ok,40000,10000,212,174,38,1708,2.0,openml-schema,100,11,False,1183.2113,86.8943,"{'C': 1.0, 'kernel': 'rbf', 'gamma': 0.00475840242489079}",1.8.0,Both use one-vs-one for multiclass. Optimizer tolerances differ (SMO -T 1e-3 / -P 1e-12 vs libsvm tol 1e-3).,1276.4405,1276.0966,1610.0,0.9822,0.4955100393502169,0.5,0.4911,0.5,,,,,False
sklearn,decision_tree,online_shoppers_intention,binary,classification,defaults,42,,ok,9864,2466,17,10,7,75,2.0,openml-schema,100,0,False,0.1157,0.0021,{'random_state': 42},1.8.0,"C4.5 vs CART: even matched, J48 splits on gain ratio while scikit-learn/TuiML use information gain. Related algorithms, not identical ones.",1.4311,1.418,200.9,0.8706407137064072,0.7603291911254157,0.7684627830089136,0.7530413625304135,0.7684627830089136,,,,,False
sklearn,decision_tree,online_shoppers_intention,binary,classification,matched,42,,ok,9864,2466,17,10,7,75,2.0,openml-schema,100,0,False,0.1003,0.001,"{'criterion': 'entropy', 'min_samples_leaf': 1, 'random_state': 42}",1.8.0,"C4.5 vs CART: even matched, J48 splits on gain ratio while scikit-learn/TuiML use information gain. Related algorithms, not identical ones.",1.3601,1.3502,201.0,0.8738848337388483,0.7634354340052272,0.7682442142074746,0.7589274346970474,0.7682442142074746,,,,,False
tuiml,decision_tree,online_shoppers_intention,binary,classification,defaults,42,,ok,9864,2466,17,10,7,75,2.0,openml-schema,100,0,False,0.3159,0.031,{},0.1.6,"C4.5 vs CART: even matched, J48 splits on gain ratio while scikit-learn/TuiML use information gain. Related algorithms, not identical ones.",0.5579,0.556,309.7,0.8645579886455799,0.7456758559359715,0.7498982524545025,0.7417078137301596,0.7498982524545025,,,,,False
tuiml,decision_tree,online_shoppers_intention,binary,classification,matched,42,,ok,9864,2466,17,10,7,75,2.0,openml-schema,100,0,False,0.255,0.0245,"{'criterion': 'entropy', 'min_samples_leaf': 1, 'random_state': 42}",0.1.6,"C4.5 vs CART: even matched, J48 splits on gain ratio while scikit-learn/TuiML use information gain. Related algorithms, not identical ones.",0.4829,0.4825,310.0,0.8734793187347932,0.7677138871948459,0.778694063972827,0.7581867057673509,0.778694063972827,,,,,False
weka,decision_tree,online_shoppers_intention,binary,classification,defaults,42,,ok,9864,2466,17,10,7,75,2.0,openml-schema,100,0,False,0.5232,0.0203,,3.9.6,"C4.5 vs CART: even matched, J48 splits on gain ratio while scikit-learn/TuiML use information gain. Related algorithms, not identical ones.",3.9466,5.8397,332.3,0.9047039740470397,0.8091287892386725,0.7950301976665897,0.8257319503559377,0.7950301976665897,,,,True,False
weka,decision_tree,online_shoppers_intention,binary,classification,matched,42,,ok,9864,2466,17,10,7,75,2.0,openml-schema,100,0,False,0.8361,0.0267,-U -B -M 1,3.9.6,"C4.5 vs CART: even matched, J48 splits on gain ratio while scikit-learn/TuiML use information gain. Related algorithms, not identical ones.",4.7992,7.1771,356.6,0.8763179237631792,0.7675157572035249,0.7718217081528675,0.763447582338783,0.7718217081528675,,,,True,False
sklearn,knn,online_shoppers_intention,binary,classification,defaults,42,,ok,9864,2466,17,10,7,75,2.0,openml-schema,100,0,False,0.0029,0.2631,{'n_neighbors': 5},1.8.0,Nominal attributes contribute a distance of 1 per mismatch in Weka but sqrt(2) across the corresponding one-hot columns. Neighbour-search structure is left to each library.,1.6104,1.5946,201.2,0.8710462287104623,0.7082842296978787,0.6789086131181478,0.7646318895296986,0.6789086131181478,,,,,False
sklearn,knn,online_shoppers_intention,binary,classification,matched,42,,ok,9864,2466,17,10,7,75,2.0,openml-schema,100,0,False,0.0023,0.2116,"{'n_neighbors': 5, 'weights': 'uniform'}",1.8.0,Nominal attributes contribute a distance of 1 per mismatch in Weka but sqrt(2) across the corresponding one-hot columns. Neighbour-search structure is left to each library.,1.287,1.2764,201.0,0.8710462287104623,0.7082842296978787,0.6789086131181478,0.7646318895296986,0.6789086131181478,,,,,False
tuiml,knn,online_shoppers_intention,binary,classification,defaults,42,,ok,9864,2466,17,10,7,75,2.0,openml-schema,100,0,False,0.0004,2.0466,{'k': 5},0.1.6,Nominal attributes contribute a distance of 1 per mismatch in Weka but sqrt(2) across the corresponding one-hot columns. Neighbour-search structure is left to each library.,2.2477,2.2448,308.8,0.8710462287104623,0.7082842296978787,0.6789086131181478,0.7646318895296986,0.6789086131181478,,,,,False
tuiml,knn,online_shoppers_intention,binary,classification,matched,42,,ok,9864,2466,17,10,7,75,2.0,openml-schema,100,0,False,0.0004,1.9309,"{'k': 5, 'distance_weighting': 'uniform'}",0.1.6,Nominal attributes contribute a distance of 1 per mismatch in Weka but sqrt(2) across the corresponding one-hot columns. Neighbour-search structure is left to each library.,2.0857,2.0843,310.1,0.8710462287104623,0.7082842296978787,0.6789086131181478,0.7646318895296986,0.6789086131181478,,,,,False
weka,knn,online_shoppers_intention,binary,classification,defaults,42,,ok,9864,2466,17,10,7,75,2.0,openml-schema,100,0,False,0.0233,2.8188,-K 5,3.9.6,Nominal attributes contribute a distance of 1 per mismatch in Weka but sqrt(2) across the corresponding one-hot columns. Neighbour-search structure is left to each library.,6.6308,8.6405,316.9,0.8418491484184915,0.5793745068779051,0.5664951613389475,0.6670537742994194,0.5664951613389475,,,,True,False
weka,knn,online_shoppers_intention,binary,classification,matched,42,,ok,9864,2466,17,10,7,75,2.0,openml-schema,100,0,False,0.0153,1.8845,"-K 5 -A weka.core.neighboursearch.LinearNNSearch -A ""weka.core.EuclideanDistance -R first-last -D""",3.9.6,Nominal attributes contribute a distance of 1 per mismatch in Weka but sqrt(2) across the corresponding one-hot columns. Neighbour-search structure is left to each library.,5.4128,7.4749,307.8,0.8828061638280617,0.740205969101354,0.7093838872084494,0.7936131460790927,0.7093838872084494,,,,True,False
sklearn,logistic,online_shoppers_intention,binary,classification,defaults,42,,ok,9864,2466,17,10,7,75,2.0,openml-schema,100,0,False,0.0774,0.0022,{'max_iter': 1000},1.8.0,Ridge 0.5 in Weka/TuiML corresponds to scikit-learn's C=1.0.,1.4951,1.4814,198.2,0.884022708840227,0.7230688766415,0.683379224407352,0.8163650075414781,0.683379224407352,,,,,False
sklearn,logistic,online_shoppers_intention,binary,classification,matched,42,,ok,9864,2466,17,10,7,75,2.0,openml-schema,100,0,False,0.0624,0.0007,"{'C': 1.0, 'max_iter': 1000}",1.8.0,Ridge 0.5 in Weka/TuiML corresponds to scikit-learn's C=1.0.,1.4136,1.4024,200.3,0.884022708840227,0.7230688766415,0.683379224407352,0.8163650075414781,0.683379224407352,,,,,False
tuiml,logistic,online_shoppers_intention,binary,classification,defaults,42,,ok,9864,2466,17,10,7,75,2.0,openml-schema,100,0,False,0.0426,0.0018,{},0.1.6,Ridge 0.5 in Weka/TuiML corresponds to scikit-learn's C=1.0.,0.2422,0.2411,316.5,0.884022708840227,0.7230688766415,0.683379224407352,0.8163650075414781,0.683379224407352,,,,,False
tuiml,logistic,online_shoppers_intention,binary,classification,matched,42,,ok,9864,2466,17,10,7,75,2.0,openml-schema,100,0,False,0.0166,0.0013,"{'ridge': 0.5, 'max_iter': 1000}",0.1.6,Ridge 0.5 in Weka/TuiML corresponds to scikit-learn's C=1.0.,0.171,0.1711,316.2,0.8479318734793188,0.47916989340090377,0.5102312809639136,0.8683353683353683,0.5102312809639136,,,,,False
weka,logistic,online_shoppers_intention,binary,classification,defaults,42,,ok,9864,2466,17,10,7,75,2.0,openml-schema,100,0,False,1.1546,0.03,,3.9.6,Ridge 0.5 in Weka/TuiML corresponds to scikit-learn's C=1.0.,4.912,7.0737,439.8,0.884022708840227,0.7230688766415,0.683379224407352,0.8163650075414781,0.683379224407352,,,,True,False
weka,logistic,online_shoppers_intention,binary,classification,matched,42,,ok,9864,2466,17,10,7,75,2.0,openml-schema,100,0,False,1.5205,0.0311,-R 0.5 -M 1000,3.9.6,Ridge 0.5 in Weka/TuiML corresponds to scikit-learn's C=1.0.,5.2267,7.5889,449.4,0.883617193836172,0.7216895825591478,0.6820703238837917,0.8155147380542416,0.6820703238837917,,,,True,False
sklearn,mlp,online_shoppers_intention,binary,classification,defaults,42,,ok,9864,2466,17,10,7,75,2.0,openml-schema,100,0,False,13.219,0.0055,"{'max_iter': 300, 'random_state': 42}",1.8.0,"Weka updates weights per instance (online backprop); scikit-learn's SGD uses mini-batches. Same architecture and learning rate, different optimizer schedule and different divergence handling — the least matchable row in the table.",14.8848,14.8592,200.9,0.884022708840227,0.7700781754285304,0.7603455899347811,0.78119403471069,0.7603455899347811,,,,,False
sklearn,mlp,online_shoppers_intention,binary,classification,matched,42,,ok,9864,2466,17,10,7,75,2.0,openml-schema,100,0,False,12.099,0.0095,"{'hidden_layer_sizes': (100,), 'max_iter': 300, 'solver': 'sgd', 'learning_rate': 'adaptive', 'learning_rate_init': 0.05, 'momentum': 0.2, 'activation': 'logistic', 'random_state': 42}",1.8.0,"Weka updates weights per instance (online backprop); scikit-learn's SGD uses mini-batches. Same architecture and learning rate, different optimizer schedule and different divergence handling — the least matchable row in the table.",13.6237,13.5876,199.3,0.8925385239253852,0.7770062831616522,0.7557631819597834,0.8054854143880165,0.7557631819597834,,,,,False
tuiml,mlp,online_shoppers_intention,binary,classification,defaults,42,,ok,9864,2466,17,10,7,75,2.0,openml-schema,100,0,False,20.1451,0.0068,{},0.1.6,"Weka updates weights per instance (online backprop); scikit-learn's SGD uses mini-batches. Same architecture and learning rate, different optimizer schedule and different divergence handling — the least matchable row in the table.",20.3491,20.3465,347.1,0.8896999188969992,0.7735781798541723,0.7551526966867984,0.7973718421699869,0.7551526966867984,,,,,False
tuiml,mlp,online_shoppers_intention,binary,classification,matched,42,,ok,9864,2466,17,10,7,75,2.0,openml-schema,100,0,False,17.7951,0.0125,"{'hidden_layers': [100], 'max_epochs': 300, 'learning_rate': 0.05, 'momentum': 0.2, 'decay': True, 'activation': 'sigmoid', 'random_state': 42}",0.1.6,"Weka updates weights per instance (online backprop); scikit-learn's SGD uses mini-batches. Same architecture and learning rate, different optimizer schedule and different divergence handling — the least matchable row in the table.",17.9809,17.9541,361.9,0.8556366585563666,0.5407033198841472,0.542583232004502,0.832979726544083,0.542583232004502,,,,,False
weka,mlp,online_shoppers_intention,binary,classification,defaults,42,,ok,9864,2466,17,10,7,75,2.0,openml-schema,100,0,False,206.0731,0.0764,,3.9.6,"Weka updates weights per instance (online backprop); scikit-learn's SGD uses mini-batches. Same architecture and learning rate, different optimizer schedule and different divergence handling — the least matchable row in the table.",209.7942,211.9492,324.2,0.8734793187347932,0.735854290575661,0.716693380631287,0.7624686571887629,0.716693380631287,,,,True,False
weka,mlp,online_shoppers_intention,binary,classification,matched,42,,ok,9864,2466,17,10,7,75,2.0,openml-schema,100,0,False,334.5087,0.1462,-H 100 -N 300 -L 0.05 -M 0.2 -D -I -C -S 42,3.9.6,"Weka updates weights per instance (online backprop); scikit-learn's SGD uses mini-batches. Same architecture and learning rate, different optimizer schedule and different divergence handling — the least matchable row in the table.",338.0756,340.1403,323.6,0.8965936739659367,0.781160441625558,0.7549554823084885,0.8187851525627112,0.7549554823084885,,,,True,False
sklearn,naive_bayes,online_shoppers_intention,binary,classification,defaults,42,,ok,9864,2466,17,10,7,75,2.0,openml-schema,100,0,False,0.0091,0.0013,{'alpha': 1.0},1.8.0,All three use add-one (Laplace) smoothing on discrete attributes.,1.7508,1.7393,187.8,0.83779399837794,0.7375604616637135,0.7853742299846248,0.7128457127866886,0.7853742299846248,,,,,False
sklearn,naive_bayes,online_shoppers_intention,binary,classification,matched,42,,ok,9864,2466,17,10,7,75,2.0,openml-schema,100,0,False,0.0087,0.0012,{'alpha': 1.0},1.8.0,All three use add-one (Laplace) smoothing on discrete attributes.,1.3535,1.3443,188.7,0.83779399837794,0.7375604616637135,0.7853742299846248,0.7128457127866886,0.7853742299846248,,,,,False
tuiml,naive_bayes,online_shoppers_intention,binary,classification,defaults,42,,ok,9864,2466,17,10,7,75,2.0,openml-schema,100,0,False,0.004,0.0011,{'alpha': 1.0},0.1.6,All three use add-one (Laplace) smoothing on discrete attributes.,0.1626,0.1622,299.8,0.83779399837794,0.7375604616637135,0.7853742299846248,0.7128457127866886,0.7853742299846248,,,,,False
tuiml,naive_bayes,online_shoppers_intention,binary,classification,matched,42,,ok,9864,2466,17,10,7,75,2.0,openml-schema,100,0,False,0.0046,0.0014,{'alpha': 1.0},0.1.6,All three use add-one (Laplace) smoothing on discrete attributes.,0.2125,0.2125,298.8,0.83779399837794,0.7375604616637135,0.7853742299846248,0.7128457127866886,0.7853742299846248,,,,,False
weka,naive_bayes,online_shoppers_intention,binary,classification,defaults,42,,ok,9864,2466,17,10,7,75,2.0,openml-schema,100,0,False,0.0225,0.0271,,3.9.6,All three use add-one (Laplace) smoothing on discrete attributes.,3.9414,5.4767,325.0,0.83779399837794,0.7375604616637135,0.7853742299846248,0.7128457127866886,0.7853742299846248,,,,True,False
weka,naive_bayes,online_shoppers_intention,binary,classification,matched,42,,ok,9864,2466,17,10,7,75,2.0,openml-schema,100,0,False,0.0265,0.0269,,3.9.6,All three use add-one (Laplace) smoothing on discrete attributes.,4.0462,5.5048,335.7,0.83779399837794,0.7375604616637135,0.7853742299846248,0.7128457127866886,0.7853742299846248,,,,True,False
sklearn,random_forest,online_shoppers_intention,binary,classification,defaults,42,,ok,9864,2466,17,10,7,75,2.0,openml-schema,100,0,False,1.447,0.051,"{'n_estimators': 100, 'random_state': 42}",1.8.0,"sqrt(p) is evaluated on each library's own representation: Weka splits on intact nominal attributes, scikit-learn/TuiML on one-hot columns.",2.8499,2.8405,214.5,0.9047039740470397,0.7915181926468171,0.756547014902875,0.8478496354318357,0.756547014902875,,,,,False
sklearn,random_forest,online_shoppers_intention,binary,classification,matched,42,,ok,9864,2466,17,10,7,75,2.0,openml-schema,100,0,False,1.4527,0.0508,"{'n_estimators': 100, 'max_features': 'sqrt', 'min_samples_leaf': 1, 'bootstrap': True, 'random_state': 42}",1.8.0,"sqrt(p) is evaluated on each library's own representation: Weka splits on intact nominal attributes, scikit-learn/TuiML on one-hot columns.",2.8688,2.8459,214.1,0.9047039740470397,0.7915181926468171,0.756547014902875,0.8478496354318357,0.756547014902875,,,,,False
tuiml,random_forest,online_shoppers_intention,binary,classification,defaults,42,,ok,9864,2466,17,10,7,75,2.0,openml-schema,100,0,False,10.5372,0.043,{'n_estimators': 100},0.1.6,"sqrt(p) is evaluated on each library's own representation: Weka splits on intact nominal attributes, scikit-learn/TuiML on one-hot columns.",10.9246,12.4054,854.6,0.9006488240064883,0.779759385570352,0.7434580096672729,0.8413943312906346,0.7434580096672729,,,,,False
tuiml,random_forest,online_shoppers_intention,binary,classification,matched,42,,ok,9864,2466,17,10,7,75,2.0,openml-schema,100,0,False,10.5252,0.0483,"{'n_estimators': 100, 'max_features': 'sqrt', 'min_samples_leaf': 1, 'bootstrap': True, 'random_state': 42}",0.1.6,"sqrt(p) is evaluated on each library's own representation: Weka splits on intact nominal attributes, scikit-learn/TuiML on one-hot columns.",10.8876,12.5274,864.2,0.9038929440389294,0.7924498216737981,0.7603430776497071,0.8418074949740497,0.7603430776497071,,,,,False
weka,random_forest,online_shoppers_intention,binary,classification,defaults,42,,ok,9864,2466,17,10,7,75,2.0,openml-schema,100,0,False,2.8452,0.1186,-I 100,3.9.6,"sqrt(p) is evaluated on each library's own representation: Weka splits on intact nominal attributes, scikit-learn/TuiML on one-hot columns.",6.8156,9.4668,813.6,0.8982157339821574,0.7937557540807116,0.7772947211866025,0.8139801983577808,0.7772947211866025,,,,True,False
weka,random_forest,online_shoppers_intention,binary,classification,matched,42,,ok,9864,2466,17,10,7,75,2.0,openml-schema,100,0,False,2.484,0.1148,-I 100 -K 4 -depth 0 -M 1 -P 100 -S 42,3.9.6,"sqrt(p) is evaluated on each library's own representation: Weka splits on intact nominal attributes, scikit-learn/TuiML on one-hot columns.",6.4192,9.1271,824.8,0.8969991889699919,0.7844310635345426,0.760540292028017,0.8173743129598119,0.760540292028017,,,,True,False
sklearn,svm,online_shoppers_intention,binary,classification,defaults,42,,ok,9864,2466,17,10,7,75,2.0,openml-schema,100,0,False,2.1065,0.5778,{},1.8.0,Both use one-vs-one for multiclass. Optimizer tolerances differ (SMO -T 1e-3 / -P 1e-12 vs libsvm tol 1e-3).,3.7359,3.734,315.6,0.8978102189781022,0.7761437908496732,0.742847524394288,0.8303622693096377,0.742847524394288,,,,,False
sklearn,svm,online_shoppers_intention,binary,classification,matched,42,,ok,9864,2466,17,10,7,75,2.0,openml-schema,100,0,False,2.2602,0.5877,"{'C': 1.0, 'kernel': 'rbf', 'gamma': 0.06117455138662317}",1.8.0,Both use one-vs-one for multiclass. Optimizer tolerances differ (SMO -T 1e-3 / -P 1e-12 vs libsvm tol 1e-3).,4.1669,4.1556,315.2,0.8978102189781022,0.7761437908496732,0.742847524394288,0.8303622693096377,0.742847524394288,,,,,False
tuiml,svm,online_shoppers_intention,binary,classification,defaults,42,,ok,9864,2466,17,10,7,75,2.0,openml-schema,100,0,False,8.2227,0.5698,{},0.1.6,Both use one-vs-one for multiclass. Optimizer tolerances differ (SMO -T 1e-3 / -P 1e-12 vs libsvm tol 1e-3).,9.0951,9.088,503.6,0.8978102189781022,0.7761437908496732,0.742847524394288,0.8303622693096377,0.742847524394288,,,,,False
tuiml,svm,online_shoppers_intention,binary,classification,matched,42,,ok,9864,2466,17,10,7,75,2.0,openml-schema,100,0,False,9.1519,0.5565,"{'C': 1.0, 'kernel': 'rbf', 'gamma': 0.06117455138662317}",0.1.6,Both use one-vs-one for multiclass. Optimizer tolerances differ (SMO -T 1e-3 / -P 1e-12 vs libsvm tol 1e-3).,9.9907,9.9875,503.8,0.8978102189781022,0.7761437908496732,0.742847524394288,0.8303622693096377,0.742847524394288,,,,,False
weka,svm,online_shoppers_intention,binary,classification,defaults,42,,ok,9864,2466,17,10,7,75,2.0,openml-schema,100,0,False,102.8916,0.0359,,3.9.6,Both use one-vs-one for multiclass. Optimizer tolerances differ (SMO -T 1e-3 / -P 1e-12 vs libsvm tol 1e-3).,106.0749,108.8027,347.5,0.8872668288726683,0.7217237549684359,0.6778157691109525,0.840536652489367,0.6778157691109525,,,,True,False
weka,svm,online_shoppers_intention,binary,classification,matched,42,,ok,9864,2466,17,10,7,75,2.0,openml-schema,100,0,False,106.0075,1.4001,-N 2 -C 1.0 -K weka.classifiers.functions.supportVector.RBFKernel -G 0.06117455139,3.9.6,Both use one-vs-one for multiclass. Optimizer tolerances differ (SMO -T 1e-3 / -P 1e-12 vs libsvm tol 1e-3).,111.1647,113.8439,345.7,0.8986212489862125,0.7773368256357729,0.7433273708434244,0.8332198001816531,0.7433273708434244,,,,True,False
sklearn,decision_tree,polish_companies_bankruptcy,binary,classification,defaults,42,,ok,4728,1182,64,64,0,64,2.0,openml-schema,100,0,False,0.5925,0.001,{'random_state': 42},1.8.0,"C4.5 vs CART: even matched, J48 splits on gain ratio while scikit-learn/TuiML use information gain. Related algorithms, not identical ones.",2.1941,2.1706,199.0,0.9153976311336718,0.7053250897487037,0.7288248337028824,0.6873638344226579,0.7288248337028824,,,,,False
sklearn,decision_tree,polish_companies_bankruptcy,binary,classification,matched,42,,ok,4728,1182,64,64,0,64,2.0,openml-schema,100,0,False,0.4083,0.0032,"{'criterion': 'entropy', 'min_samples_leaf': 1, 'random_state': 42}",1.8.0,"C4.5 vs CART: even matched, J48 splits on gain ratio while scikit-learn/TuiML use information gain. Related algorithms, not identical ones.",1.7324,1.7196,200.6,0.9289340101522843,0.7394426074633916,0.7530266075388027,0.7275927403270842,0.7530266075388027,,,,,False
tuiml,decision_tree,polish_companies_bankruptcy,binary,classification,defaults,42,,ok,4728,1182,64,64,0,64,2.0,openml-schema,100,0,False,0.6487,0.0177,{},0.1.6,"C4.5 vs CART: even matched, J48 splits on gain ratio while scikit-learn/TuiML use information gain. Related algorithms, not identical ones.",0.9295,0.9294,310.7,0.9153976311336718,0.7082259545602654,0.7344678492239468,0.6886417154274297,0.7344678492239468,,,,,False
tuiml,decision_tree,polish_companies_bankruptcy,binary,classification,matched,42,,ok,4728,1182,64,64,0,64,2.0,openml-schema,100,0,False,0.3991,0.01,"{'criterion': 'entropy', 'min_samples_leaf': 1, 'random_state': 42}",0.1.6,"C4.5 vs CART: even matched, J48 splits on gain ratio while scikit-learn/TuiML use information gain. Related algorithms, not identical ones.",0.644,0.6439,310.7,0.934010152284264,0.7500975800156128,0.7557538802660755,0.7447483449329486,0.7557538802660755,,,,,False
weka,decision_tree,polish_companies_bankruptcy,binary,classification,defaults,42,,ok,4728,1182,64,64,0,64,2.0,openml-schema,100,0,False,0.7144,0.0101,,3.9.6,"C4.5 vs CART: even matched, J48 splits on gain ratio while scikit-learn/TuiML use information gain. Related algorithms, not identical ones.",4.8647,6.6814,349.2,0.9306260575296108,0.6928157604492844,0.6692904656319291,0.7268270944741533,0.6692904656319291,,,,True,False
weka,decision_tree,polish_companies_bankruptcy,binary,classification,matched,42,,ok,4728,1182,64,64,0,64,2.0,openml-schema,100,0,False,0.7972,0.0124,-U -B -M 1,3.9.6,"C4.5 vs CART: even matched, J48 splits on gain ratio while scikit-learn/TuiML use information gain. Related algorithms, not identical ones.",4.9748,6.9405,334.4,0.934010152284264,0.7115990990990991,0.6880376940133037,0.7442540322580645,0.6880376940133037,,,,True,False
sklearn,knn,polish_companies_bankruptcy,binary,classification,defaults,42,,ok,4728,1182,64,64,0,64,2.0,openml-schema,100,0,False,0.0021,0.0671,{'n_neighbors': 5},1.8.0,Nominal attributes contribute a distance of 1 per mismatch in Weka but sqrt(2) across the corresponding one-hot columns. Neighbour-search structure is left to each library.,1.2991,1.287,200.4,0.9323181049069373,0.5823321554770318,0.557339246119734,0.7468499427262314,0.557339246119734,,,,,False
sklearn,knn,polish_companies_bankruptcy,binary,classification,matched,42,,ok,4728,1182,64,64,0,64,2.0,openml-schema,100,0,False,0.0016,0.0766,"{'n_neighbors': 5, 'weights': 'uniform'}",1.8.0,Nominal attributes contribute a distance of 1 per mismatch in Weka but sqrt(2) across the corresponding one-hot columns. Neighbour-search structure is left to each library.,1.2092,1.1954,201.0,0.9323181049069373,0.5823321554770318,0.557339246119734,0.7468499427262314,0.557339246119734,,,,,False
tuiml,knn,polish_companies_bankruptcy,binary,classification,defaults,42,,ok,4728,1182,64,64,0,64,2.0,openml-schema,100,0,False,0.0005,0.3795,{'k': 5},0.1.6,Nominal attributes contribute a distance of 1 per mismatch in Weka but sqrt(2) across the corresponding one-hot columns. Neighbour-search structure is left to each library.,0.5895,0.5837,309.0,0.9323181049069373,0.5823321554770318,0.557339246119734,0.7468499427262314,0.557339246119734,,,,,False
tuiml,knn,polish_companies_bankruptcy,binary,classification,matched,42,,ok,4728,1182,64,64,0,64,2.0,openml-schema,100,0,False,0.0005,0.366,"{'k': 5, 'distance_weighting': 'uniform'}",0.1.6,Nominal attributes contribute a distance of 1 per mismatch in Weka but sqrt(2) across the corresponding one-hot columns. Neighbour-search structure is left to each library.,0.5669,0.5669,310.8,0.9323181049069373,0.5823321554770318,0.557339246119734,0.7468499427262314,0.557339246119734,,,,,False
weka,knn,polish_companies_bankruptcy,binary,classification,defaults,42,,ok,4728,1182,64,64,0,64,2.0,openml-schema,100,0,False,0.0097,0.9848,-K 5,3.9.6,Nominal attributes contribute a distance of 1 per mismatch in Weka but sqrt(2) across the corresponding one-hot columns. Neighbour-search structure is left to each library.,4.7017,6.0557,319.7,0.9297800338409475,0.5538588170023511,0.5390465631929047,0.7011996572407884,0.5390465631929047,,,,True,False
weka,knn,polish_companies_bankruptcy,binary,classification,matched,42,,ok,4728,1182,64,64,0,64,2.0,openml-schema,100,0,False,0.0079,0.8711,"-K 5 -A weka.core.neighboursearch.LinearNNSearch -A ""weka.core.EuclideanDistance -R first-last -D""",3.9.6,Nominal attributes contribute a distance of 1 per mismatch in Weka but sqrt(2) across the corresponding one-hot columns. Neighbour-search structure is left to each library.,4.589,6.765,322.0,0.9323181049069373,0.5823321554770318,0.557339246119734,0.7468499427262314,0.557339246119734,,,,True,False
sklearn,logistic,polish_companies_bankruptcy,binary,classification,defaults,42,,ok,4728,1182,64,64,0,64,2.0,openml-schema,100,0,False,0.0278,0.0006,{'max_iter': 1000},1.8.0,Ridge 0.5 in Weka/TuiML corresponds to scikit-learn's C=1.0.,1.4827,1.4752,201.0,0.9255499153976311,0.5405653710247349,0.5311308203991131,0.634020618556701,0.5311308203991131,,,,,False
sklearn,logistic,polish_companies_bankruptcy,binary,classification,matched,42,,ok,4728,1182,64,64,0,64,2.0,openml-schema,100,0,False,0.0251,0.0003,"{'C': 1.0, 'max_iter': 1000}",1.8.0,Ridge 0.5 in Weka/TuiML corresponds to scikit-learn's C=1.0.,1.1772,1.1656,201.0,0.9255499153976311,0.5405653710247349,0.5311308203991131,0.634020618556701,0.5311308203991131,,,,,False
tuiml,logistic,polish_companies_bankruptcy,binary,classification,defaults,42,,ok,4728,1182,64,64,0,64,2.0,openml-schema,100,0,False,0.0308,0.0004,{},0.1.6,Ridge 0.5 in Weka/TuiML corresponds to scikit-learn's C=1.0.,0.2131,0.2128,310.9,0.9255499153976311,0.5405653710247349,0.5311308203991131,0.634020618556701,0.5311308203991131,,,,,False
tuiml,logistic,polish_companies_bankruptcy,binary,classification,matched,42,,ok,4728,1182,64,64,0,64,2.0,openml-schema,100,0,False,0.0084,0.0004,"{'ridge': 0.5, 'max_iter': 1000}",0.1.6,Ridge 0.5 in Weka/TuiML corresponds to scikit-learn's C=1.0.,0.2047,0.2047,311.2,0.9289340101522843,0.48157894736842105,0.4990909090909091,0.4652542372881356,0.4990909090909091,,,,,False
weka,logistic,polish_companies_bankruptcy,binary,classification,defaults,42,,ok,4728,1182,64,64,0,64,2.0,openml-schema,100,0,False,1.6459,0.0145,,3.9.6,Ridge 0.5 in Weka/TuiML corresponds to scikit-learn's C=1.0.,5.5972,8.4495,493.0,0.9323181049069373,0.6250951535143365,0.5911973392461197,0.7380208333333333,0.5911973392461197,,,,True,False
weka,logistic,polish_companies_bankruptcy,binary,classification,matched,42,,ok,4728,1182,64,64,0,64,2.0,openml-schema,100,0,False,0.5689,0.0149,-R 0.5 -M 1000,3.9.6,Ridge 0.5 in Weka/TuiML corresponds to scikit-learn's C=1.0.,4.5509,6.5684,376.3,0.9255499153976311,0.5405653710247349,0.5311308203991131,0.634020618556701,0.5311308203991131,,,,True,False
sklearn,mlp,polish_companies_bankruptcy,binary,classification,defaults,42,,ok,4728,1182,64,64,0,64,2.0,openml-schema,100,0,False,5.1817,0.0019,"{'max_iter': 300, 'random_state': 42}",1.8.0,"Weka updates weights per instance (online backprop); scikit-learn's SGD uses mini-batches. Same architecture and learning rate, different optimizer schedule and different divergence handling — the least matchable row in the table.",6.364,6.3551,201.0,0.9390862944162437,0.6788867591348838,0.6343348115299334,0.7937027341477603,0.6343348115299334,,,,,False
sklearn,mlp,polish_companies_bankruptcy,binary,classification,matched,42,,ok,4728,1182,64,64,0,64,2.0,openml-schema,100,0,False,4.7741,0.003,"{'hidden_layer_sizes': (100,), 'max_iter': 300, 'solver': 'sgd', 'learning_rate': 'adaptive', 'learning_rate_init': 0.05, 'momentum': 0.2, 'activation': 'logistic', 'random_state': 42}",1.8.0,"Weka updates weights per instance (online backprop); scikit-learn's SGD uses mini-batches. Same architecture and learning rate, different optimizer schedule and different divergence handling — the least matchable row in the table.",5.8355,5.8218,201.1,0.9247038917089678,0.5564914943400999,0.5419623059866963,0.6419889710019882,0.5419623059866963,,,,,False
tuiml,mlp,polish_companies_bankruptcy,binary,classification,defaults,42,,ok,4728,1182,64,64,0,64,2.0,openml-schema,100,0,False,5.2945,0.0039,{},0.1.6,"Weka updates weights per instance (online backprop); scikit-learn's SGD uses mini-batches. Same architecture and learning rate, different optimizer schedule and different divergence handling — the least matchable row in the table.",5.518,5.4995,316.8,0.9289340101522843,0.5614487632508833,0.5442350332594236,0.6904352806414662,0.5442350332594236,,,,,False
tuiml,mlp,polish_companies_bankruptcy,binary,classification,matched,42,,ok,4728,1182,64,64,0,64,2.0,openml-schema,100,0,False,7.1872,0.0044,"{'hidden_layers': [100], 'max_epochs': 300, 'learning_rate': 0.05, 'momentum': 0.2, 'decay': True, 'activation': 'sigmoid', 'random_state': 42}",0.1.6,"Weka updates weights per instance (online backprop); scikit-learn's SGD uses mini-batches. Same architecture and learning rate, different optimizer schedule and different divergence handling — the least matchable row in the table.",7.4317,7.4257,324.5,0.9306260575296108,0.4820333041191937,0.5,0.4653130287648054,0.5,,,,,False
weka,mlp,polish_companies_bankruptcy,binary,classification,defaults,42,,ok,4728,1182,64,64,0,64,2.0,openml-schema,100,0,False,74.9836,0.0443,,3.9.6,"Weka updates weights per instance (online backprop); scikit-learn's SGD uses mini-batches. Same architecture and learning rate, different optimizer schedule and different divergence handling — the least matchable row in the table.",79.8926,81.6804,309.6,0.9255499153976311,0.5222663139329806,0.5198447893569845,0.6094667318982387,0.5198447893569845,,,,True,False
weka,mlp,polish_companies_bankruptcy,binary,classification,matched,42,,ok,4728,1182,64,64,0,64,2.0,openml-schema,100,0,False,191.8499,0.0808,-H 100 -N 300 -L 0.05 -M 0.2 -D -I -C -S 42,3.9.6,"Weka updates weights per instance (online backprop); scikit-learn's SGD uses mini-batches. Same architecture and learning rate, different optimizer schedule and different divergence handling — the least matchable row in the table.",195.4239,197.3513,321.0,0.9247038917089678,0.5397417779780629,0.5306762749445676,0.6252206181834639,0.5306762749445676,,,,True,False
sklearn,naive_bayes,polish_companies_bankruptcy,binary,classification,defaults,42,,ok,4728,1182,64,64,0,64,2.0,openml-schema,100,0,False,0.0118,0.002,{'alpha': 1.0},1.8.0,All three use add-one (Laplace) smoothing on discrete attributes.,1.3774,1.369,201.0,0.8223350253807107,0.6205051369863014,0.7521840354767184,0.6012453710297678,0.7521840354767184,,,,,False
sklearn,naive_bayes,polish_companies_bankruptcy,binary,classification,matched,42,,ok,4728,1182,64,64,0,64,2.0,openml-schema,100,0,False,0.0114,0.002,{'alpha': 1.0},1.8.0,All three use add-one (Laplace) smoothing on discrete attributes.,1.3706,1.3663,201.0,0.8223350253807107,0.6205051369863014,0.7521840354767184,0.6012453710297678,0.7521840354767184,,,,,False
tuiml,naive_bayes,polish_companies_bankruptcy,binary,classification,defaults,42,,ok,4728,1182,64,64,0,64,2.0,openml-schema,100,0,False,0.0072,0.0024,{'alpha': 1.0},0.1.6,All three use add-one (Laplace) smoothing on discrete attributes.,0.2505,0.2504,310.7,0.8223350253807107,0.6205051369863014,0.7521840354767184,0.6012453710297678,0.7521840354767184,,,,,False
tuiml,naive_bayes,polish_companies_bankruptcy,binary,classification,matched,42,,ok,4728,1182,64,64,0,64,2.0,openml-schema,100,0,False,0.0071,0.0025,{'alpha': 1.0},0.1.6,All three use add-one (Laplace) smoothing on discrete attributes.,0.2497,0.2497,308.5,0.8223350253807107,0.6205051369863014,0.7521840354767184,0.6012453710297678,0.7521840354767184,,,,,False
weka,naive_bayes,polish_companies_bankruptcy,binary,classification,defaults,42,,ok,4728,1182,64,64,0,64,2.0,openml-schema,100,0,False,0.0355,0.0281,,3.9.6,All three use add-one (Laplace) smoothing on discrete attributes.,4.3578,5.9437,367.1,0.8223350253807107,0.6205051369863014,0.7521840354767184,0.6012453710297678,0.7521840354767184,,,,True,False
weka,naive_bayes,polish_companies_bankruptcy,binary,classification,matched,42,,ok,4728,1182,64,64,0,64,2.0,openml-schema,100,0,False,0.0274,0.0241,,3.9.6,All three use add-one (Laplace) smoothing on discrete attributes.,4.5615,6.1976,376.7,0.8223350253807107,0.6205051369863014,0.7521840354767184,0.6012453710297678,0.7521840354767184,,,,True,False
sklearn,random_forest,polish_companies_bankruptcy,binary,classification,defaults,42,,ok,4728,1182,64,64,0,64,2.0,openml-schema,100,0,False,4.6487,0.0227,"{'n_estimators': 100, 'random_state': 42}",1.8.0,"sqrt(p) is evaluated on each library's own representation: Weka splits on intact nominal attributes, scikit-learn/TuiML on one-hot columns.",6.5146,6.4846,199.4,0.9416243654822335,0.6994948471461259,0.6526274944567627,0.8088363954505686,0.6526274944567627,,,,,False
sklearn,random_forest,polish_companies_bankruptcy,binary,classification,matched,42,,ok,4728,1182,64,64,0,64,2.0,openml-schema,100,0,False,4.4816,0.0222,"{'n_estimators': 100, 'max_features': 'sqrt', 'min_samples_leaf': 1, 'bootstrap': True, 'random_state': 42}",1.8.0,"sqrt(p) is evaluated on each library's own representation: Weka splits on intact nominal attributes, scikit-learn/TuiML on one-hot columns.",5.8139,5.7912,199.3,0.9416243654822335,0.6994948471461259,0.6526274944567627,0.8088363954505686,0.6526274944567627,,,,,False
tuiml,random_forest,polish_companies_bankruptcy,binary,classification,defaults,42,,ok,4728,1182,64,64,0,64,2.0,openml-schema,100,0,False,11.3458,0.0267,{'n_estimators': 100},0.1.6,"sqrt(p) is evaluated on each library's own representation: Weka splits on intact nominal attributes, scikit-learn/TuiML on one-hot columns.",11.6245,12.5133,496.0,0.939932318104907,0.6858677546742528,0.6404323725055432,0.7989968134072938,0.6404323725055432,,,,,False
tuiml,random_forest,polish_companies_bankruptcy,binary,classification,matched,42,,ok,4728,1182,64,64,0,64,2.0,openml-schema,100,0,False,11.6849,0.0478,"{'n_estimators': 100, 'max_features': 'sqrt', 'min_samples_leaf': 1, 'bootstrap': True, 'random_state': 42}",0.1.6,"sqrt(p) is evaluated on each library's own representation: Weka splits on intact nominal attributes, scikit-learn/TuiML on one-hot columns.",12.0132,13.0568,475.0,0.9365482233502538,0.6733639642892673,0.6329711751662972,0.7690625210310249,0.6329711751662972,,,,,False
weka,random_forest,polish_companies_bankruptcy,binary,classification,defaults,42,,ok,4728,1182,64,64,0,64,2.0,openml-schema,100,0,False,3.7067,0.0779,-I 100,3.9.6,"sqrt(p) is evaluated on each library's own representation: Weka splits on intact nominal attributes, scikit-learn/TuiML on one-hot columns.",7.9571,10.5417,805.7,0.937394247038917,0.6699669468886307,0.6277827050997783,0.7793775450843514,0.6277827050997783,,,,True,False
weka,random_forest,polish_companies_bankruptcy,binary,classification,matched,42,,ok,4728,1182,64,64,0,64,2.0,openml-schema,100,0,False,4.1199,0.0777,-I 100 -K 8 -depth 0 -M 1 -P 100 -S 42,3.9.6,"sqrt(p) is evaluated on each library's own representation: Weka splits on intact nominal attributes, scikit-learn/TuiML on one-hot columns.",9.0334,12.2456,817.0,0.9407783417935702,0.6878065713811371,0.6408869179600887,0.8080279232111693,0.6408869179600887,,,,True,False
sklearn,svm,polish_companies_bankruptcy,binary,classification,defaults,42,,ok,4728,1182,64,64,0,64,2.0,openml-schema,100,0,False,0.232,0.0618,{},1.8.0,Both use one-vs-one for multiclass. Optimizer tolerances differ (SMO -T 1e-3 / -P 1e-12 vs libsvm tol 1e-3).,1.4559,1.446,205.8,0.9314720812182741,0.5166961973558675,0.5173835920177383,0.7664401019541207,0.5173835920177383,,,,,False
sklearn,svm,polish_companies_bankruptcy,binary,classification,matched,42,,ok,4728,1182,64,64,0,64,2.0,openml-schema,100,0,False,0.2275,0.0604,"{'C': 1.0, 'kernel': 'rbf', 'gamma': 0.015625}",1.8.0,Both use one-vs-one for multiclass. Optimizer tolerances differ (SMO -T 1e-3 / -P 1e-12 vs libsvm tol 1e-3).,1.391,1.3821,206.7,0.9314720812182741,0.5166961973558675,0.5173835920177383,0.7664401019541207,0.5173835920177383,,,,,False
tuiml,svm,polish_companies_bankruptcy,binary,classification,defaults,42,,ok,4728,1182,64,64,0,64,2.0,openml-schema,100,0,False,0.4625,0.0779,{},0.1.6,Both use one-vs-one for multiclass. Optimizer tolerances differ (SMO -T 1e-3 / -P 1e-12 vs libsvm tol 1e-3).,0.8347,0.834,331.3,0.9314720812182741,0.5166961973558675,0.5173835920177383,0.7664401019541207,0.5173835920177383,,,,,False
tuiml,svm,polish_companies_bankruptcy,binary,classification,matched,42,,ok,4728,1182,64,64,0,64,2.0,openml-schema,100,0,False,0.4209,0.0671,"{'C': 1.0, 'kernel': 'rbf', 'gamma': 0.015625}",0.1.6,Both use one-vs-one for multiclass. Optimizer tolerances differ (SMO -T 1e-3 / -P 1e-12 vs libsvm tol 1e-3).,0.717,0.7166,333.2,0.9314720812182741,0.5166961973558675,0.5173835920177383,0.7664401019541207,0.5173835920177383,,,,,False
weka,svm,polish_companies_bankruptcy,binary,classification,defaults,42,,ok,4728,1182,64,64,0,64,2.0,openml-schema,100,0,False,0.8195,0.0225,,3.9.6,Both use one-vs-one for multiclass. Optimizer tolerances differ (SMO -T 1e-3 / -P 1e-12 vs libsvm tol 1e-3).,4.3531,6.306,327.6,0.9306260575296108,0.4820333041191937,0.5,0.4653130287648054,0.5,,,,True,False
weka,svm,polish_companies_bankruptcy,binary,classification,matched,42,,ok,4728,1182,64,64,0,64,2.0,openml-schema,100,0,False,13.1837,0.1781,-N 2 -C 1.0 -K weka.classifiers.functions.supportVector.RBFKernel -G 0.015625,3.9.6,Both use one-vs-one for multiclass. Optimizer tolerances differ (SMO -T 1e-3 / -P 1e-12 vs libsvm tol 1e-3).,17.1257,19.1994,326.1,0.9314720812182741,0.5166961973558675,0.5173835920177383,0.7664401019541207,0.5173835920177383,,,,True,False
sklearn,decision_tree,qsar-biodeg,binary,classification,defaults,42,,ok,843,211,41,36,5,57,2.0,openml-schema,100,0,False,0.0169,0.0005,{'random_state': 42},1.8.0,"C4.5 vs CART: even matched, J48 splits on gain ratio while scikit-learn/TuiML use information gain. Related algorithms, not identical ones.",1.2677,1.2533,180.9,0.8720379146919431,0.854091432961967,0.8480382293762575,0.8614942528735632,0.8480382293762575,,,,,False
sklearn,decision_tree,qsar-biodeg,binary,classification,matched,42,,ok,843,211,41,36,5,57,2.0,openml-schema,100,0,False,0.0156,0.0006,"{'criterion': 'entropy', 'min_samples_leaf': 1, 'random_state': 42}",1.8.0,"C4.5 vs CART: even matched, J48 splits on gain ratio while scikit-learn/TuiML use information gain. Related algorithms, not identical ones.",1.2458,1.2337,182.7,0.8862559241706162,0.8751232984809627,0.8830482897384306,0.8690153130451639,0.8830482897384306,,,,,False
tuiml,decision_tree,qsar-biodeg,binary,classification,defaults,42,,ok,843,211,41,36,5,57,2.0,openml-schema,100,0,False,0.0237,0.0021,{},0.1.6,"C4.5 vs CART: even matched, J48 splits on gain ratio while scikit-learn/TuiML use information gain. Related algorithms, not identical ones.",0.1301,0.1301,293.0,0.8530805687203792,0.8337188906118922,0.8302816901408451,0.8376182640888523,0.8302816901408451,,,,,False
tuiml,decision_tree,qsar-biodeg,binary,classification,matched,42,,ok,843,211,41,36,5,57,2.0,openml-schema,100,0,False,0.0194,0.0017,"{'criterion': 'entropy', 'min_samples_leaf': 1, 'random_state': 42}",0.1.6,"C4.5 vs CART: even matched, J48 splits on gain ratio while scikit-learn/TuiML use information gain. Related algorithms, not identical ones.",0.1351,0.1351,291.3,0.8578199052132701,0.84079476861167,0.84079476861167,0.84079476861167,0.84079476861167,,,,,False
weka,decision_tree,qsar-biodeg,binary,classification,defaults,42,,ok,843,211,41,36,5,57,2.0,openml-schema,100,0,False,0.1831,0.0039,,3.9.6,"C4.5 vs CART: even matched, J48 splits on gain ratio while scikit-learn/TuiML use information gain. Related algorithms, not identical ones.",3.3733,4.5795,303.6,0.8767772511848341,0.8578461857379768,0.848138832997988,0.8711389961389961,0.848138832997988,,,,True,False
weka,decision_tree,qsar-biodeg,binary,classification,matched,42,,ok,843,211,41,36,5,57,2.0,openml-schema,100,0,False,0.1415,0.0033,-U -B -M 1,3.9.6,"C4.5 vs CART: even matched, J48 splits on gain ratio while scikit-learn/TuiML use information gain. Related algorithms, not identical ones.",2.1566,3.316,295.6,0.8862559241706162,0.8717325227963526,0.8691649899396379,0.8745152071851399,0.8691649899396379,,,,True,False
sklearn,knn,qsar-biodeg,binary,classification,defaults,42,,ok,843,211,41,36,5,57,2.0,openml-schema,100,0,False,0.0007,0.019,{'n_neighbors': 5},1.8.0,Nominal attributes contribute a distance of 1 per mismatch in Weka but sqrt(2) across the corresponding one-hot columns. Neighbour-search structure is left to each library.,1.12,1.1073,182.7,0.8672985781990521,0.8543105148944565,0.8618209255533199,0.8485656134909867,0.8618209255533199,,,,,False
sklearn,knn,qsar-biodeg,binary,classification,matched,42,,ok,843,211,41,36,5,57,2.0,openml-schema,100,0,False,0.002,0.0237,"{'n_neighbors': 5, 'weights': 'uniform'}",1.8.0,Nominal attributes contribute a distance of 1 per mismatch in Weka but sqrt(2) across the corresponding one-hot columns. Neighbour-search structure is left to each library.,1.4237,1.4069,183.7,0.8672985781990521,0.8543105148944565,0.8618209255533199,0.8485656134909867,0.8618209255533199,,,,,False
tuiml,knn,qsar-biodeg,binary,classification,defaults,42,,ok,843,211,41,36,5,57,2.0,openml-schema,100,0,False,0.0001,0.0117,{'k': 5},0.1.6,Nominal attributes contribute a distance of 1 per mismatch in Weka but sqrt(2) across the corresponding one-hot columns. Neighbour-search structure is left to each library.,0.1488,0.1486,290.0,0.8672985781990521,0.8543105148944565,0.8618209255533199,0.8485656134909867,0.8618209255533199,,,,,False
tuiml,knn,qsar-biodeg,binary,classification,matched,42,,ok,843,211,41,36,5,57,2.0,openml-schema,100,0,False,0.0001,0.0113,"{'k': 5, 'distance_weighting': 'uniform'}",0.1.6,Nominal attributes contribute a distance of 1 per mismatch in Weka but sqrt(2) across the corresponding one-hot columns. Neighbour-search structure is left to each library.,0.1222,0.1222,292.0,0.8672985781990521,0.8543105148944565,0.8618209255533199,0.8485656134909867,0.8618209255533199,,,,,False
weka,knn,qsar-biodeg,binary,classification,defaults,42,,ok,843,211,41,36,5,57,2.0,openml-schema,100,0,False,0.0029,0.0834,-K 5,3.9.6,Nominal attributes contribute a distance of 1 per mismatch in Weka but sqrt(2) across the corresponding one-hot columns. Neighbour-search structure is left to each library.,2.2309,3.2427,300.0,0.8625592417061612,0.8466300724365241,0.8478370221327969,0.8454736211031175,0.8478370221327969,,,,True,False
weka,knn,qsar-biodeg,binary,classification,matched,42,,ok,843,211,41,36,5,57,2.0,openml-schema,100,0,False,0.0025,0.0778,"-K 5 -A weka.core.neighboursearch.LinearNNSearch -A ""weka.core.EuclideanDistance -R first-last -D""",3.9.6,Nominal attributes contribute a distance of 1 per mismatch in Weka but sqrt(2) across the corresponding one-hot columns. Neighbour-search structure is left to each library.,2.479,3.6763,300.2,0.8815165876777251,0.8686667496576621,0.8725352112676057,0.8652594200039456,0.8725352112676057,,,,True,False
sklearn,logistic,qsar-biodeg,binary,classification,defaults,42,,ok,843,211,41,36,5,57,2.0,openml-schema,100,0,False,0.0168,0.0006,{'max_iter': 1000},1.8.0,Ridge 0.5 in Weka/TuiML corresponds to scikit-learn's C=1.0.,1.1098,1.1007,182.7,0.8815165876777251,0.8638534004387664,0.8551810865191147,0.875265731292517,0.8551810865191147,,,,,False
sklearn,logistic,qsar-biodeg,binary,classification,matched,42,,ok,843,211,41,36,5,57,2.0,openml-schema,100,0,False,0.0127,0.0004,"{'C': 1.0, 'max_iter': 1000}",1.8.0,Ridge 0.5 in Weka/TuiML corresponds to scikit-learn's C=1.0.,1.1515,1.1477,183.7,0.8815165876777251,0.8638534004387664,0.8551810865191147,0.875265731292517,0.8551810865191147,,,,,False
tuiml,logistic,qsar-biodeg,binary,classification,defaults,42,,ok,843,211,41,36,5,57,2.0,openml-schema,100,0,False,0.0099,0.0002,{},0.1.6,Ridge 0.5 in Weka/TuiML corresponds to scikit-learn's C=1.0.,0.1499,0.1498,292.0,0.8815165876777251,0.8648994749647843,0.8586519114688129,0.8725182863113898,0.8586519114688129,,,,,False
tuiml,logistic,qsar-biodeg,binary,classification,matched,42,,ok,843,211,41,36,5,57,2.0,openml-schema,100,0,False,0.0037,0.0001,"{'ridge': 0.5, 'max_iter': 1000}",0.1.6,Ridge 0.5 in Weka/TuiML corresponds to scikit-learn's C=1.0.,0.1046,0.1043,291.3,0.8151658767772512,0.7762460233297985,0.7600603621730382,0.8126511852926948,0.7600603621730382,,,,,False
weka,logistic,qsar-biodeg,binary,classification,defaults,42,,ok,843,211,41,36,5,57,2.0,openml-schema,100,0,False,0.2148,0.0064,,3.9.6,Ridge 0.5 in Weka/TuiML corresponds to scikit-learn's C=1.0.,2.5484,3.8288,300.5,0.8767772511848341,0.8600224535619514,0.8550804828973843,0.8658271144278606,0.8550804828973843,,,,True,False
weka,logistic,qsar-biodeg,binary,classification,matched,42,,ok,843,211,41,36,5,57,2.0,openml-schema,100,0,False,0.1755,0.0051,-R 0.5 -M 1000,3.9.6,Ridge 0.5 in Weka/TuiML corresponds to scikit-learn's C=1.0.,2.6283,3.6161,292.0,0.8815165876777251,0.8648994749647843,0.8586519114688129,0.8725182863113898,0.8586519114688129,,,,True,False
sklearn,mlp,qsar-biodeg,binary,classification,defaults,42,,ok,843,211,41,36,5,57,2.0,openml-schema,100,0,False,1.0869,0.0008,"{'max_iter': 300, 'random_state': 42}",1.8.0,"Weka updates weights per instance (online backprop); scikit-learn's SGD uses mini-batches. Same architecture and learning rate, different optimizer schedule and different divergence handling — the least matchable row in the table.",2.5491,2.5276,182.7,0.8815165876777251,0.8648994749647843,0.8586519114688129,0.8725182863113898,0.8586519114688129,,,,,False
sklearn,mlp,qsar-biodeg,binary,classification,matched,42,,ok,843,211,41,36,5,57,2.0,openml-schema,100,0,False,0.9512,0.0011,"{'hidden_layer_sizes': (100,), 'max_iter': 300, 'solver': 'sgd', 'learning_rate': 'adaptive', 'learning_rate_init': 0.05, 'momentum': 0.2, 'activation': 'logistic', 'random_state': 42}",1.8.0,"Weka updates weights per instance (online backprop); scikit-learn's SGD uses mini-batches. Same architecture and learning rate, different optimizer schedule and different divergence handling — the least matchable row in the table.",2.1424,2.134,182.7,0.8672985781990521,0.850354609929078,0.8479376257545271,0.8529802000408246,0.8479376257545271,,,,,False
tuiml,mlp,qsar-biodeg,binary,classification,defaults,42,,ok,843,211,41,36,5,57,2.0,openml-schema,100,0,False,0.6975,0.0003,{},0.1.6,"Weka updates weights per instance (online backprop); scikit-learn's SGD uses mini-batches. Same architecture and learning rate, different optimizer schedule and different divergence handling — the least matchable row in the table.",0.7936,0.7906,293.2,0.8720379146919431,0.8551745176297125,0.8515090543259557,0.8593171534348005,0.8515090543259557,,,,,False
tuiml,mlp,qsar-biodeg,binary,classification,matched,42,,ok,843,211,41,36,5,57,2.0,openml-schema,100,0,False,0.8592,0.0009,"{'hidden_layers': [100], 'max_epochs': 300, 'learning_rate': 0.05, 'momentum': 0.2, 'decay': True, 'activation': 'sigmoid', 'random_state': 42}",0.1.6,"Weka updates weights per instance (online backprop); scikit-learn's SGD uses mini-batches. Same architecture and learning rate, different optimizer schedule and different divergence handling — the least matchable row in the table.",1.0002,0.9994,297.0,0.8151658767772512,0.7876113046844755,0.7808853118712273,0.7967687074829932,0.7808853118712273,,,,,False
weka,mlp,qsar-biodeg,binary,classification,defaults,42,,ok,843,211,41,36,5,57,2.0,openml-schema,100,0,False,9.8609,0.0091,,3.9.6,"Weka updates weights per instance (online backprop); scikit-learn's SGD uses mini-batches. Same architecture and learning rate, different optimizer schedule and different divergence handling — the least matchable row in the table.",11.8303,13.1765,306.9,0.8767772511848341,0.8600224535619514,0.8550804828973843,0.8658271144278606,0.8550804828973843,,,,True,False
weka,mlp,qsar-biodeg,binary,classification,matched,42,,ok,843,211,41,36,5,57,2.0,openml-schema,100,0,False,21.8067,0.0135,-H 100 -N 300 -L 0.05 -M 0.2 -D -I -C -S 42,3.9.6,"Weka updates weights per instance (online backprop); scikit-learn's SGD uses mini-batches. Same architecture and learning rate, different optimizer schedule and different divergence handling — the least matchable row in the table.",23.7544,25.0309,300.0,0.8578199052132701,0.8372583299053887,0.8303822937625754,0.8460484720758693,0.8303822937625754,,,,True,False
sklearn,naive_bayes,qsar-biodeg,binary,classification,defaults,42,,ok,843,211,41,36,5,57,2.0,openml-schema,100,0,False,0.0079,0.0007,{'alpha': 1.0},1.8.0,All three use add-one (Laplace) smoothing on discrete attributes.,1.4414,1.4331,182.7,0.8578199052132701,0.8482451093210587,0.8685613682092556,0.8395902855024101,0.8685613682092556,,,,,False
sklearn,naive_bayes,qsar-biodeg,binary,classification,matched,42,,ok,843,211,41,36,5,57,2.0,openml-schema,100,0,False,0.0059,0.0005,{'alpha': 1.0},1.8.0,All three use add-one (Laplace) smoothing on discrete attributes.,1.1621,1.1538,182.6,0.8578199052132701,0.8482451093210587,0.8685613682092556,0.8395902855024101,0.8685613682092556,,,,,False
tuiml,naive_bayes,qsar-biodeg,binary,classification,defaults,42,,ok,843,211,41,36,5,57,2.0,openml-schema,100,0,False,0.0025,0.0008,{'alpha': 1.0},0.1.6,All three use add-one (Laplace) smoothing on discrete attributes.,0.1215,0.1215,292.0,0.8578199052132701,0.8482451093210587,0.8685613682092556,0.8395902855024101,0.8685613682092556,,,,,False
tuiml,naive_bayes,qsar-biodeg,binary,classification,matched,42,,ok,843,211,41,36,5,57,2.0,openml-schema,100,0,False,0.0026,0.0008,{'alpha': 1.0},0.1.6,All three use add-one (Laplace) smoothing on discrete attributes.,0.1369,0.1368,290.0,0.8578199052132701,0.8482451093210587,0.8685613682092556,0.8395902855024101,0.8685613682092556,,,,,False
weka,naive_bayes,qsar-biodeg,binary,classification,defaults,42,,ok,843,211,41,36,5,57,2.0,openml-schema,100,0,False,0.0084,0.0093,,3.9.6,All three use add-one (Laplace) smoothing on discrete attributes.,2.2178,3.1528,293.5,0.8578199052132701,0.8482451093210587,0.8685613682092556,0.8395902855024101,0.8685613682092556,,,,True,False
weka,naive_bayes,qsar-biodeg,binary,classification,matched,42,,ok,843,211,41,36,5,57,2.0,openml-schema,100,0,False,0.0086,0.01,,3.9.6,All three use add-one (Laplace) smoothing on discrete attributes.,2.6583,3.7948,307.4,0.8578199052132701,0.8482451093210587,0.8685613682092556,0.8395902855024101,0.8685613682092556,,,,True,False
sklearn,random_forest,qsar-biodeg,binary,classification,defaults,42,,ok,843,211,41,36,5,57,2.0,openml-schema,100,0,False,0.3461,0.0131,"{'n_estimators': 100, 'random_state': 42}",1.8.0,"sqrt(p) is evaluated on each library's own representation: Weka splits on intact nominal attributes, scikit-learn/TuiML on one-hot columns.",1.8622,1.8497,185.4,0.9052132701421801,0.8888303477344572,0.8730382293762575,0.9134701159678857,0.8730382293762575,,,,,False
sklearn,random_forest,qsar-biodeg,binary,classification,matched,42,,ok,843,211,41,36,5,57,2.0,openml-schema,100,0,False,0.3733,0.0135,"{'n_estimators': 100, 'max_features': 'sqrt', 'min_samples_leaf': 1, 'bootstrap': True, 'random_state': 42}",1.8.0,"sqrt(p) is evaluated on each library's own representation: Weka splits on intact nominal attributes, scikit-learn/TuiML on one-hot columns.",1.947,1.9333,185.0,0.9052132701421801,0.8888303477344572,0.8730382293762575,0.9134701159678857,0.8730382293762575,,,,,False
tuiml,random_forest,qsar-biodeg,binary,classification,defaults,42,,ok,843,211,41,36,5,57,2.0,openml-schema,100,0,False,0.7487,0.0031,{'n_estimators': 100},0.1.6,"sqrt(p) is evaluated on each library's own representation: Weka splits on intact nominal attributes, scikit-learn/TuiML on one-hot columns.",0.8629,0.9237,318.0,0.909952606635071,0.8939333809561605,0.8766096579476861,0.9218503493351364,0.8766096579476861,,,,,False
tuiml,random_forest,qsar-biodeg,binary,classification,matched,42,,ok,843,211,41,36,5,57,2.0,openml-schema,100,0,False,0.7378,0.0076,"{'n_estimators': 100, 'max_features': 'sqrt', 'min_samples_leaf': 1, 'bootstrap': True, 'random_state': 42}",0.1.6,"sqrt(p) is evaluated on each library's own representation: Weka splits on intact nominal attributes, scikit-learn/TuiML on one-hot columns.",0.8579,0.9131,320.0,0.9052132701421801,0.8888303477344572,0.8730382293762575,0.9134701159678857,0.8730382293762575,,,,,False
weka,random_forest,qsar-biodeg,binary,classification,defaults,42,,ok,843,211,41,36,5,57,2.0,openml-schema,100,0,False,0.5417,0.0485,-I 100,3.9.6,"sqrt(p) is evaluated on each library's own representation: Weka splits on intact nominal attributes, scikit-learn/TuiML on one-hot columns.",2.7977,4.371,350.1,0.909952606635071,0.8939333809561605,0.8766096579476861,0.9218503493351364,0.8766096579476861,,,,True,False
weka,random_forest,qsar-biodeg,binary,classification,matched,42,,ok,843,211,41,36,5,57,2.0,openml-schema,100,0,False,0.577,0.046,-I 100 -K 6 -depth 0 -M 1 -P 100 -S 42,3.9.6,"sqrt(p) is evaluated on each library's own representation: Weka splits on intact nominal attributes, scikit-learn/TuiML on one-hot columns.",3.8238,5.6274,356.4,0.909952606635071,0.8939333809561605,0.8766096579476861,0.9218503493351364,0.8766096579476861,,,,True,False
sklearn,svm,qsar-biodeg,binary,classification,defaults,42,,ok,843,211,41,36,5,57,2.0,openml-schema,100,0,False,0.0194,0.0064,{},1.8.0,Both use one-vs-one for multiclass. Optimizer tolerances differ (SMO -T 1e-3 / -P 1e-12 vs libsvm tol 1e-3).,1.1066,1.1024,182.7,0.8909952606635071,0.8757075169676014,0.8692655935613682,0.8835423197492163,0.8692655935613682,,,,,False
sklearn,svm,qsar-biodeg,binary,classification,matched,42,,ok,843,211,41,36,5,57,2.0,openml-schema,100,0,False,0.0232,0.0067,"{'C': 1.0, 'kernel': 'rbf', 'gamma': 0.02465397923875433}",1.8.0,Both use one-vs-one for multiclass. Optimizer tolerances differ (SMO -T 1e-3 / -P 1e-12 vs libsvm tol 1e-3).,1.4092,1.4011,182.7,0.8909952606635071,0.8757075169676014,0.8692655935613682,0.8835423197492163,0.8692655935613682,,,,,False
tuiml,svm,qsar-biodeg,binary,classification,defaults,42,,ok,843,211,41,36,5,57,2.0,openml-schema,100,0,False,0.0271,0.005,{},0.1.6,Both use one-vs-one for multiclass. Optimizer tolerances differ (SMO -T 1e-3 / -P 1e-12 vs libsvm tol 1e-3).,0.1245,0.1245,294.0,0.8909952606635071,0.8757075169676014,0.8692655935613682,0.8835423197492163,0.8692655935613682,,,,,False
tuiml,svm,qsar-biodeg,binary,classification,matched,42,,ok,843,211,41,36,5,57,2.0,openml-schema,100,0,False,0.0276,0.005,"{'C': 1.0, 'kernel': 'rbf', 'gamma': 0.02465397923875433}",0.1.6,Both use one-vs-one for multiclass. Optimizer tolerances differ (SMO -T 1e-3 / -P 1e-12 vs libsvm tol 1e-3).,0.1347,0.1347,294.0,0.8909952606635071,0.8757075169676014,0.8692655935613682,0.8835423197492163,0.8692655935613682,,,,,False
weka,svm,qsar-biodeg,binary,classification,defaults,42,,ok,843,211,41,36,5,57,2.0,openml-schema,100,0,False,0.1385,0.0043,,3.9.6,Both use one-vs-one for multiclass. Optimizer tolerances differ (SMO -T 1e-3 / -P 1e-12 vs libsvm tol 1e-3).,2.0869,3.2311,301.0,0.8578199052132701,0.8384874464176363,0.8338531187122736,0.8439572968490878,0.8338531187122736,,,,True,False
weka,svm,qsar-biodeg,binary,classification,matched,42,,ok,843,211,41,36,5,57,2.0,openml-schema,100,0,False,0.2862,0.0183,-N 2 -C 1.0 -K weka.classifiers.functions.supportVector.RBFKernel -G 0.02465397924,3.9.6,Both use one-vs-one for multiclass. Optimizer tolerances differ (SMO -T 1e-3 / -P 1e-12 vs libsvm tol 1e-3).,2.7528,4.1955,299.3,0.8862559241706162,0.8698066639243109,0.8622233400402415,0.8793993677555322,0.8622233400402415,,,,True,False
sklearn,decision_tree,seismic-bumps,binary,classification,defaults,42,,ok,2067,517,15,11,4,21,2.0,openml-schema,100,0,False,0.0155,0.0007,{'random_state': 42},1.8.0,"C4.5 vs CART: even matched, J48 splits on gain ratio while scikit-learn/TuiML use information gain. Related algorithms, not identical ones.",1.4615,1.4427,182.6,0.8897485493230174,0.590281543274244,0.5992266471806114,0.5834955933592949,0.5992266471806114,,,,,False
sklearn,decision_tree,seismic-bumps,binary,classification,matched,42,,ok,2067,517,15,11,4,21,2.0,openml-schema,100,0,False,0.0159,0.0007,"{'criterion': 'entropy', 'min_samples_leaf': 1, 'random_state': 42}",1.8.0,"C4.5 vs CART: even matched, J48 splits on gain ratio while scikit-learn/TuiML use information gain. Related algorithms, not identical ones.",1.3296,1.3143,181.6,0.9090909090909091,0.6446111769265646,0.6505906710510291,0.6392454954954956,0.6505906710510291,,,,,False
tuiml,decision_tree,seismic-bumps,binary,classification,defaults,42,,ok,2067,517,15,11,4,21,2.0,openml-schema,100,0,False,0.0225,0.0055,{},0.1.6,"C4.5 vs CART: even matched, J48 splits on gain ratio while scikit-learn/TuiML use information gain. Related algorithms, not identical ones.",0.1445,0.1445,291.0,0.8955512572533849,0.596933471933472,0.6023322372427232,0.5923250192286562,0.6023322372427232,,,,,False
tuiml,decision_tree,seismic-bumps,binary,classification,matched,42,,ok,2067,517,15,11,4,21,2.0,openml-schema,100,0,False,0.0222,0.0051,"{'criterion': 'entropy', 'min_samples_leaf': 1, 'random_state': 42}",0.1.6,"C4.5 vs CART: even matched, J48 splits on gain ratio while scikit-learn/TuiML use information gain. Related algorithms, not identical ones.",0.131,0.131,292.0,0.8955512572533849,0.6070101351351351,0.6160029229082937,0.5998427672955975,0.6160029229082937,,,,,False
weka,decision_tree,seismic-bumps,binary,classification,defaults,42,,ok,2067,517,15,11,4,21,2.0,openml-schema,100,0,False,0.1511,0.0067,,3.9.6,"C4.5 vs CART: even matched, J48 splits on gain ratio while scikit-learn/TuiML use information gain. Related algorithms, not identical ones.",2.7521,4.0684,301.7,0.9342359767891683,0.483,0.5,0.4671179883945841,0.5,,,,True,False
weka,decision_tree,seismic-bumps,binary,classification,matched,42,,ok,2067,517,15,11,4,21,2.0,openml-schema,100,0,False,0.1562,0.0059,-U -B -M 1,3.9.6,"C4.5 vs CART: even matched, J48 splits on gain ratio while scikit-learn/TuiML use information gain. Related algorithms, not identical ones.",2.3553,3.4941,297.7,0.9129593810444874,0.5822334751925874,0.5706369504323469,0.6020947016370357,0.5706369504323469,,,,True,False
sklearn,knn,seismic-bumps,binary,classification,defaults,42,,ok,2067,517,15,11,4,21,2.0,openml-schema,100,0,False,0.001,0.0242,{'n_neighbors': 5},1.8.0,Nominal attributes contribute a distance of 1 per mismatch in Weka but sqrt(2) across the corresponding one-hot columns. Neighbour-search structure is left to each library.,1.364,1.3477,182.2,0.9284332688588007,0.5876393110435664,0.5652478382657411,0.663537851037851,0.5652478382657411,,,,,False
sklearn,knn,seismic-bumps,binary,classification,matched,42,,ok,2067,517,15,11,4,21,2.0,openml-schema,100,0,False,0.001,0.026,"{'n_neighbors': 5, 'weights': 'uniform'}",1.8.0,Nominal attributes contribute a distance of 1 per mismatch in Weka but sqrt(2) across the corresponding one-hot columns. Neighbour-search structure is left to each library.,1.3317,1.3207,182.2,0.9284332688588007,0.5876393110435664,0.5652478382657411,0.663537851037851,0.5652478382657411,,,,,False
tuiml,knn,seismic-bumps,binary,classification,defaults,42,,ok,2067,517,15,11,4,21,2.0,openml-schema,100,0,False,0.0001,0.0272,{'k': 5},0.1.6,Nominal attributes contribute a distance of 1 per mismatch in Weka but sqrt(2) across the corresponding one-hot columns. Neighbour-search structure is left to each library.,0.1438,0.1438,290.5,0.9284332688588007,0.5876393110435664,0.5652478382657411,0.663537851037851,0.5652478382657411,,,,,False
tuiml,knn,seismic-bumps,binary,classification,matched,42,,ok,2067,517,15,11,4,21,2.0,openml-schema,100,0,False,0.0001,0.0254,"{'k': 5, 'distance_weighting': 'uniform'}",0.1.6,Nominal attributes contribute a distance of 1 per mismatch in Weka but sqrt(2) across the corresponding one-hot columns. Neighbour-search structure is left to each library.,0.1173,0.1173,291.0,0.9284332688588007,0.5876393110435664,0.5652478382657411,0.663537851037851,0.5652478382657411,,,,,False
weka,knn,seismic-bumps,binary,classification,defaults,42,,ok,2067,517,15,11,4,21,2.0,openml-schema,100,0,False,0.0049,0.1563,-K 5,3.9.6,Nominal attributes contribute a distance of 1 per mismatch in Weka but sqrt(2) across the corresponding one-hot columns. Neighbour-search structure is left to each library.,2.644,3.8061,302.2,0.9381044487427466,0.6202020202020202,0.5840945073681646,0.7723865877712032,0.5840945073681646,,,,True,False
weka,knn,seismic-bumps,binary,classification,matched,42,,ok,2067,517,15,11,4,21,2.0,openml-schema,100,0,False,0.0056,0.1323,"-K 5 -A weka.core.neighboursearch.LinearNNSearch -A ""weka.core.EuclideanDistance -R first-last -D""",3.9.6,Nominal attributes contribute a distance of 1 per mismatch in Weka but sqrt(2) across the corresponding one-hot columns. Neighbour-search structure is left to each library.,2.4177,3.6046,294.1,0.9284332688588007,0.5876393110435664,0.5652478382657411,0.663537851037851,0.5652478382657411,,,,True,False
sklearn,logistic,seismic-bumps,binary,classification,defaults,42,,ok,2067,517,15,11,4,21,2.0,openml-schema,100,0,False,0.0098,0.0002,{'max_iter': 1000},1.8.0,Ridge 0.5 in Weka/TuiML corresponds to scikit-learn's C=1.0.,1.0028,1.0008,183.2,0.9323017408123792,0.5336941115835588,0.5263061746437705,0.66875,0.5263061746437705,,,,,False
sklearn,logistic,seismic-bumps,binary,classification,matched,42,,ok,2067,517,15,11,4,21,2.0,openml-schema,100,0,False,0.0105,0.0002,"{'C': 1.0, 'max_iter': 1000}",1.8.0,Ridge 0.5 in Weka/TuiML corresponds to scikit-learn's C=1.0.,1.0769,1.0712,183.2,0.9323017408123792,0.5336941115835588,0.5263061746437705,0.66875,0.5263061746437705,,,,,False
tuiml,logistic,seismic-bumps,binary,classification,defaults,42,,ok,2067,517,15,11,4,21,2.0,openml-schema,100,0,False,0.0094,0.0001,{},0.1.6,Ridge 0.5 in Weka/TuiML corresponds to scikit-learn's C=1.0.,0.127,0.1256,292.0,0.9323017408123792,0.5336941115835588,0.5263061746437705,0.66875,0.5263061746437705,,,,,False
tuiml,logistic,seismic-bumps,binary,classification,matched,42,,ok,2067,517,15,11,4,21,2.0,openml-schema,100,0,False,0.0036,0.0001,"{'ridge': 0.5, 'max_iter': 1000}",0.1.6,Ridge 0.5 in Weka/TuiML corresponds to scikit-learn's C=1.0.,0.0938,0.0938,292.0,0.9342359767891683,0.483,0.5,0.4671179883945841,0.5,,,,,False
weka,logistic,seismic-bumps,binary,classification,defaults,42,,ok,2067,517,15,11,4,21,2.0,openml-schema,100,0,False,0.1745,0.0069,,3.9.6,Ridge 0.5 in Weka/TuiML corresponds to scikit-learn's C=1.0.,2.9255,4.3344,298.8,0.9323017408123792,0.5336941115835588,0.5263061746437705,0.66875,0.5263061746437705,,,,True,False
weka,logistic,seismic-bumps,binary,classification,matched,42,,ok,2067,517,15,11,4,21,2.0,openml-schema,100,0,False,0.1337,0.0064,-R 0.5 -M 1000,3.9.6,Ridge 0.5 in Weka/TuiML corresponds to scikit-learn's C=1.0.,3.5594,4.8933,302.1,0.9323017408123792,0.5336941115835588,0.5263061746437705,0.66875,0.5263061746437705,,,,True,False
sklearn,mlp,seismic-bumps,binary,classification,defaults,42,,ok,2067,517,15,11,4,21,2.0,openml-schema,100,0,False,1.6979,0.001,"{'max_iter': 300, 'random_state': 42}",1.8.0,"Weka updates weights per instance (online backprop); scikit-learn's SGD uses mini-batches. Same architecture and learning rate, different optimizer schedule and different divergence handling — the least matchable row in the table.",2.7662,2.7602,182.7,0.9323017408123792,0.5934164700595439,0.5673182316404822,0.6986166007905138,0.5673182316404822,,,,,False
sklearn,mlp,seismic-bumps,binary,classification,matched,42,,ok,2067,517,15,11,4,21,2.0,openml-schema,100,0,False,1.2991,0.0014,"{'hidden_layer_sizes': (100,), 'max_iter': 300, 'solver': 'sgd', 'learning_rate': 'adaptive', 'learning_rate_init': 0.05, 'momentum': 0.2, 'activation': 'logistic', 'random_state': 42}",1.8.0,"Weka updates weights per instance (online backprop); scikit-learn's SGD uses mini-batches. Same architecture and learning rate, different optimizer schedule and different divergence handling — the least matchable row in the table.",2.3516,2.3458,182.2,0.9342359767891683,0.5355633058549989,0.5273413713311411,0.7188109161793372,0.5273413713311411,,,,,False
tuiml,mlp,seismic-bumps,binary,classification,defaults,42,,ok,2067,517,15,11,4,21,2.0,openml-schema,100,0,False,1.1186,0.0007,{},0.1.6,"Weka updates weights per instance (online backprop); scikit-learn's SGD uses mini-batches. Same architecture and learning rate, different optimizer schedule and different divergence handling — the least matchable row in the table.",1.2084,1.2081,298.0,0.9284332688588007,0.5301500749146465,0.5242357812690294,0.6114845938375351,0.5242357812690294,,,,,False
tuiml,mlp,seismic-bumps,binary,classification,matched,42,,ok,2067,517,15,11,4,21,2.0,openml-schema,100,0,False,2.0908,0.0018,"{'hidden_layers': [100], 'max_epochs': 300, 'learning_rate': 0.05, 'momentum': 0.2, 'decay': True, 'activation': 'sigmoid', 'random_state': 42}",0.1.6,"Weka updates weights per instance (online backprop); scikit-learn's SGD uses mini-batches. Same architecture and learning rate, different optimizer schedule and different divergence handling — the least matchable row in the table.",2.2108,2.2079,302.0,0.9323017408123792,0.4824824824824825,0.4989648033126294,0.46705426356589147,0.4989648033126294,,,,,False
weka,mlp,seismic-bumps,binary,classification,defaults,42,,ok,2067,517,15,11,4,21,2.0,openml-schema,100,0,False,3.6098,0.0111,,3.9.6,"Weka updates weights per instance (online backprop); scikit-learn's SGD uses mini-batches. Same architecture and learning rate, different optimizer schedule and different divergence handling — the least matchable row in the table.",6.5251,8.1397,295.9,0.9284332688588007,0.5701831254915178,0.5515771526001705,0.6521739130434783,0.5515771526001705,,,,True,False
weka,mlp,seismic-bumps,binary,classification,matched,42,,ok,2067,517,15,11,4,21,2.0,openml-schema,100,0,False,20.9636,0.0135,-H 100 -N 300 -L 0.05 -M 0.2 -D -I -C -S 42,3.9.6,"Weka updates weights per instance (online backprop); scikit-learn's SGD uses mini-batches. Same architecture and learning rate, different optimizer schedule and different divergence handling — the least matchable row in the table.",23.4347,24.8895,297.8,0.9342359767891683,0.483,0.5,0.4671179883945841,0.5,,,,True,False
sklearn,naive_bayes,seismic-bumps,binary,classification,defaults,42,,ok,2067,517,15,11,4,21,2.0,openml-schema,100,0,False,0.0043,0.0004,{'alpha': 1.0},1.8.0,All three use add-one (Laplace) smoothing on discrete attributes.,1.2226,1.2087,182.2,0.8007736943907157,0.5820599153932488,0.7019851418828401,0.574586256520957,0.7019851418828401,,,,,False
sklearn,naive_bayes,seismic-bumps,binary,classification,matched,42,,ok,2067,517,15,11,4,21,2.0,openml-schema,100,0,False,0.0049,0.0005,{'alpha': 1.0},1.8.0,All three use add-one (Laplace) smoothing on discrete attributes.,1.2312,1.2205,182.2,0.8007736943907157,0.5820599153932488,0.7019851418828401,0.574586256520957,0.7019851418828401,,,,,False
tuiml,naive_bayes,seismic-bumps,binary,classification,defaults,42,,ok,2067,517,15,11,4,21,2.0,openml-schema,100,0,False,0.0015,0.0004,{'alpha': 1.0},0.1.6,All three use add-one (Laplace) smoothing on discrete attributes.,0.1091,0.1091,292.0,0.8007736943907157,0.5820599153932488,0.7019851418828401,0.574586256520957,0.7019851418828401,,,,,False
tuiml,naive_bayes,seismic-bumps,binary,classification,matched,42,,ok,2067,517,15,11,4,21,2.0,openml-schema,100,0,False,0.0014,0.0004,{'alpha': 1.0},0.1.6,All three use add-one (Laplace) smoothing on discrete attributes.,0.1082,0.1081,291.0,0.8007736943907157,0.5820599153932488,0.7019851418828401,0.574586256520957,0.7019851418828401,,,,,False
weka,naive_bayes,seismic-bumps,binary,classification,defaults,42,,ok,2067,517,15,11,4,21,2.0,openml-schema,100,0,False,0.0083,0.0079,,3.9.6,All three use add-one (Laplace) smoothing on discrete attributes.,2.2755,3.2834,302.6,0.8007736943907157,0.5820599153932488,0.7019851418828401,0.574586256520957,0.7019851418828401,,,,True,False
weka,naive_bayes,seismic-bumps,binary,classification,matched,42,,ok,2067,517,15,11,4,21,2.0,openml-schema,100,0,False,0.009,0.0088,,3.9.6,All three use add-one (Laplace) smoothing on discrete attributes.,2.5824,3.6349,295.7,0.8007736943907157,0.5820599153932488,0.7019851418828401,0.574586256520957,0.7019851418828401,,,,True,False
sklearn,random_forest,seismic-bumps,binary,classification,defaults,42,,ok,2067,517,15,11,4,21,2.0,openml-schema,100,0,False,0.2936,0.015,"{'n_estimators': 100, 'random_state': 42}",1.8.0,"sqrt(p) is evaluated on each library's own representation: Weka splits on intact nominal attributes, scikit-learn/TuiML on one-hot columns.",1.505,1.4898,186.8,0.9342359767891683,0.5107437096415052,0.5136706856655705,0.7179611650485437,0.5136706856655705,,,,,False
sklearn,random_forest,seismic-bumps,binary,classification,matched,42,,ok,2067,517,15,11,4,21,2.0,openml-schema,100,0,False,0.3506,0.016,"{'n_estimators': 100, 'max_features': 'sqrt', 'min_samples_leaf': 1, 'bootstrap': True, 'random_state': 42}",1.8.0,"sqrt(p) is evaluated on each library's own representation: Weka splits on intact nominal attributes, scikit-learn/TuiML on one-hot columns.",1.6234,1.6091,185.1,0.9342359767891683,0.5107437096415052,0.5136706856655705,0.7179611650485437,0.5136706856655705,,,,,False
tuiml,random_forest,seismic-bumps,binary,classification,defaults,42,,ok,2067,517,15,11,4,21,2.0,openml-schema,100,0,False,1.1503,0.0117,{'n_estimators': 100},0.1.6,"sqrt(p) is evaluated on each library's own representation: Weka splits on intact nominal attributes, scikit-learn/TuiML on one-hot columns.",1.3168,1.416,318.0,0.9361702127659575,0.512054912054912,0.5147058823529411,0.9680232558139534,0.5147058823529411,,,,,False
tuiml,random_forest,seismic-bumps,binary,classification,matched,42,,ok,2067,517,15,11,4,21,2.0,openml-schema,100,0,False,1.064,0.0119,"{'n_estimators': 100, 'max_features': 'sqrt', 'min_samples_leaf': 1, 'bootstrap': True, 'random_state': 42}",0.1.6,"sqrt(p) is evaluated on each library's own representation: Weka splits on intact nominal attributes, scikit-learn/TuiML on one-hot columns.",1.203,1.2778,317.0,0.9342359767891683,0.5107437096415052,0.5136706856655705,0.7179611650485437,0.5136706856655705,,,,,False
weka,random_forest,seismic-bumps,binary,classification,defaults,42,,ok,2067,517,15,11,4,21,2.0,openml-schema,100,0,False,0.7756,0.066,-I 100,3.9.6,"sqrt(p) is evaluated on each library's own representation: Weka splits on intact nominal attributes, scikit-learn/TuiML on one-hot columns.",3.123,5.176,410.5,0.9342359767891683,0.5355633058549989,0.5273413713311411,0.7188109161793372,0.5273413713311411,,,,True,False
weka,random_forest,seismic-bumps,binary,classification,matched,42,,ok,2067,517,15,11,4,21,2.0,openml-schema,100,0,False,0.7684,0.0601,-I 100 -K 3 -depth 0 -M 1 -P 100 -S 42,3.9.6,"sqrt(p) is evaluated on each library's own representation: Weka splits on intact nominal attributes, scikit-learn/TuiML on one-hot columns.",3.2579,5.2892,393.8,0.9400386847195358,0.5869862131168664,0.5577883327243941,0.870703125,0.5577883327243941,,,,True,False
sklearn,svm,seismic-bumps,binary,classification,defaults,42,,ok,2067,517,15,11,4,21,2.0,openml-schema,100,0,False,0.0674,0.0146,{},1.8.0,Both use one-vs-one for multiclass. Optimizer tolerances differ (SMO -T 1e-3 / -P 1e-12 vs libsvm tol 1e-3).,1.1548,1.1487,186.2,0.9342359767891683,0.483,0.5,0.4671179883945841,0.5,,,,,False
sklearn,svm,seismic-bumps,binary,classification,matched,42,,ok,2067,517,15,11,4,21,2.0,openml-schema,100,0,False,0.0756,0.017,"{'C': 1.0, 'kernel': 'rbf', 'gamma': 0.07023411371237459}",1.8.0,Both use one-vs-one for multiclass. Optimizer tolerances differ (SMO -T 1e-3 / -P 1e-12 vs libsvm tol 1e-3).,1.3948,1.3838,186.2,0.9342359767891683,0.483,0.5,0.4671179883945841,0.5,,,,,False
tuiml,svm,seismic-bumps,binary,classification,defaults,42,,ok,2067,517,15,11,4,21,2.0,openml-schema,100,0,False,0.0956,0.0072,{},0.1.6,Both use one-vs-one for multiclass. Optimizer tolerances differ (SMO -T 1e-3 / -P 1e-12 vs libsvm tol 1e-3).,0.2087,0.2086,299.0,0.9342359767891683,0.483,0.5,0.4671179883945841,0.5,,,,,False
tuiml,svm,seismic-bumps,binary,classification,matched,42,,ok,2067,517,15,11,4,21,2.0,openml-schema,100,0,False,0.0998,0.0072,"{'C': 1.0, 'kernel': 'rbf', 'gamma': 0.07023411371237459}",0.1.6,Both use one-vs-one for multiclass. Optimizer tolerances differ (SMO -T 1e-3 / -P 1e-12 vs libsvm tol 1e-3).,0.2334,0.2333,298.9,0.9342359767891683,0.483,0.5,0.4671179883945841,0.5,,,,,False
weka,svm,seismic-bumps,binary,classification,defaults,42,,ok,2067,517,15,11,4,21,2.0,openml-schema,100,0,False,0.548,0.0114,,3.9.6,Both use one-vs-one for multiclass. Optimizer tolerances differ (SMO -T 1e-3 / -P 1e-12 vs libsvm tol 1e-3).,3.0357,4.6312,303.4,0.9342359767891683,0.483,0.5,0.4671179883945841,0.5,,,,True,False
weka,svm,seismic-bumps,binary,classification,matched,42,,ok,2067,517,15,11,4,21,2.0,openml-schema,100,0,False,2.5405,0.0385,-N 2 -C 1.0 -K weka.classifiers.functions.supportVector.RBFKernel -G 0.07023411371,3.9.6,Both use one-vs-one for multiclass. Optimizer tolerances differ (SMO -T 1e-3 / -P 1e-12 vs libsvm tol 1e-3).,4.9113,6.7939,300.7,0.9342359767891683,0.483,0.5,0.4671179883945841,0.5,,,,True,False
sklearn,decision_tree,taiwanese_bankruptcy_prediction,binary,classification,defaults,42,,ok,5455,1364,94,94,0,94,2.0,openml-schema,100,0,False,0.664,0.0008,{'random_state': 42},1.8.0,"C4.5 vs CART: even matched, J48 splits on gain ratio while scikit-learn/TuiML use information gain. Related algorithms, not identical ones.",2.1955,2.1877,218.6,0.9508797653958945,0.634645291542567,0.6450757575757575,0.6258306826157729,0.6450757575757575,,,,,False
sklearn,decision_tree,taiwanese_bankruptcy_prediction,binary,classification,matched,42,,ok,5455,1364,94,94,0,94,2.0,openml-schema,100,0,False,0.3314,0.0014,"{'criterion': 'entropy', 'min_samples_leaf': 1, 'random_state': 42}",1.8.0,"C4.5 vs CART: even matched, J48 splits on gain ratio while scikit-learn/TuiML use information gain. Related algorithms, not identical ones.",1.8815,1.8576,219.9,0.9567448680351907,0.6573608491469786,0.6590909090909091,0.6556734900176902,0.6590909090909091,,,,,False
tuiml,decision_tree,taiwanese_bankruptcy_prediction,binary,classification,defaults,42,,ok,5455,1364,94,94,0,94,2.0,openml-schema,100,0,False,0.9963,0.0186,{},0.1.6,"C4.5 vs CART: even matched, J48 splits on gain ratio while scikit-learn/TuiML use information gain. Related algorithms, not identical ones.",1.4188,1.4186,328.7,0.9530791788856305,0.6323140426248841,0.6352272727272728,0.6295441050339777,0.6352272727272728,,,,,False
tuiml,decision_tree,taiwanese_bankruptcy_prediction,binary,classification,matched,42,,ok,5455,1364,94,94,0,94,2.0,openml-schema,100,0,False,0.4084,0.0081,"{'criterion': 'entropy', 'min_samples_leaf': 1, 'random_state': 42}",0.1.6,"C4.5 vs CART: even matched, J48 splits on gain ratio while scikit-learn/TuiML use information gain. Related algorithms, not identical ones.",0.8253,0.8244,328.1,0.9626099706744868,0.7161290322580645,0.728030303030303,0.7055404671374254,0.728030303030303,,,,,False
weka,decision_tree,taiwanese_bankruptcy_prediction,binary,classification,defaults,42,,ok,5455,1364,94,94,0,94,2.0,openml-schema,100,0,False,0.8223,0.0124,,3.9.6,"C4.5 vs CART: even matched, J48 splits on gain ratio while scikit-learn/TuiML use information gain. Related algorithms, not identical ones.",5.7554,7.6126,352.1,0.9574780058651027,0.6437936748072906,0.6375,0.6507930513595166,0.6375,,,,True,False
weka,decision_tree,taiwanese_bankruptcy_prediction,binary,classification,matched,42,,ok,5455,1364,94,94,0,94,2.0,openml-schema,100,0,False,0.9114,0.0133,-U -B -M 1,3.9.6,"C4.5 vs CART: even matched, J48 splits on gain ratio while scikit-learn/TuiML use information gain. Related algorithms, not identical ones.",5.6301,7.6907,351.3,0.9589442815249267,0.6394259818731117,0.6272727272727272,0.6546184738955824,0.6272727272727272,,,,True,False
sklearn,knn,taiwanese_bankruptcy_prediction,binary,classification,defaults,42,,ok,5455,1364,94,94,0,94,2.0,openml-schema,100,0,False,0.0045,0.1068,{'n_neighbors': 5},1.8.0,Nominal attributes contribute a distance of 1 per mismatch in Weka but sqrt(2) across the corresponding one-hot columns. Neighbour-search structure is left to each library.,1.548,1.5304,219.7,0.967741935483871,0.625087456271864,0.5878787878787879,0.736646884272997,0.5878787878787879,,,,,False
sklearn,knn,taiwanese_bankruptcy_prediction,binary,classification,matched,42,,ok,5455,1364,94,94,0,94,2.0,openml-schema,100,0,False,0.0047,0.1136,"{'n_neighbors': 5, 'weights': 'uniform'}",1.8.0,Nominal attributes contribute a distance of 1 per mismatch in Weka but sqrt(2) across the corresponding one-hot columns. Neighbour-search structure is left to each library.,1.6227,1.6068,219.0,0.967741935483871,0.625087456271864,0.5878787878787879,0.736646884272997,0.5878787878787879,,,,,False
tuiml,knn,taiwanese_bankruptcy_prediction,binary,classification,defaults,42,,ok,5455,1364,94,94,0,94,2.0,openml-schema,100,0,False,0.0012,0.7763,{'k': 5},0.1.6,Nominal attributes contribute a distance of 1 per mismatch in Weka but sqrt(2) across the corresponding one-hot columns. Neighbour-search structure is left to each library.,1.1304,1.1304,328.1,0.967741935483871,0.625087456271864,0.5878787878787879,0.736646884272997,0.5878787878787879,,,,,False
tuiml,knn,taiwanese_bankruptcy_prediction,binary,classification,matched,42,,ok,5455,1364,94,94,0,94,2.0,openml-schema,100,0,False,0.0021,0.7906,"{'k': 5, 'distance_weighting': 'uniform'}",0.1.6,Nominal attributes contribute a distance of 1 per mismatch in Weka but sqrt(2) across the corresponding one-hot columns. Neighbour-search structure is left to each library.,1.1617,1.1558,324.8,0.967741935483871,0.625087456271864,0.5878787878787879,0.736646884272997,0.5878787878787879,,,,,False
weka,knn,taiwanese_bankruptcy_prediction,binary,classification,defaults,42,,ok,5455,1364,94,94,0,94,2.0,openml-schema,100,0,False,0.0112,2.3297,-K 5,3.9.6,Nominal attributes contribute a distance of 1 per mismatch in Weka but sqrt(2) across the corresponding one-hot columns. Neighbour-search structure is left to each library.,8.1745,9.6782,325.8,0.967741935483871,0.5517849141150112,0.5329545454545455,0.7349042709867453,0.5329545454545455,,,,True,False
weka,knn,taiwanese_bankruptcy_prediction,binary,classification,matched,42,,ok,5455,1364,94,94,0,94,2.0,openml-schema,100,0,False,0.0104,1.5276,"-K 5 -A weka.core.neighboursearch.LinearNNSearch -A ""weka.core.EuclideanDistance -R first-last -D""",3.9.6,Nominal attributes contribute a distance of 1 per mismatch in Weka but sqrt(2) across the corresponding one-hot columns. Neighbour-search structure is left to each library.,5.7657,6.9398,332.2,0.967741935483871,0.625087456271864,0.5878787878787879,0.736646884272997,0.5878787878787879,,,,True,False
sklearn,logistic,taiwanese_bankruptcy_prediction,binary,classification,defaults,42,,ok,5455,1364,94,94,0,94,2.0,openml-schema,100,0,False,0.0318,0.0005,{'max_iter': 1000},1.8.0,Ridge 0.5 in Weka/TuiML corresponds to scikit-learn's C=1.0.,1.3439,1.3337,216.4,0.9706744868035191,0.6699174793698425,0.6223484848484848,0.7932970117219746,0.6223484848484848,,,,,False
sklearn,logistic,taiwanese_bankruptcy_prediction,binary,classification,matched,42,,ok,5455,1364,94,94,0,94,2.0,openml-schema,100,0,False,0.044,0.0008,"{'C': 1.0, 'max_iter': 1000}",1.8.0,Ridge 0.5 in Weka/TuiML corresponds to scikit-learn's C=1.0.,1.7358,1.7072,217.3,0.9706744868035191,0.6699174793698425,0.6223484848484848,0.7932970117219746,0.6223484848484848,,,,,False
tuiml,logistic,taiwanese_bankruptcy_prediction,binary,classification,defaults,42,,ok,5455,1364,94,94,0,94,2.0,openml-schema,100,0,False,0.0377,0.0007,{},0.1.6,Ridge 0.5 in Weka/TuiML corresponds to scikit-learn's C=1.0.,0.3718,0.3717,328.5,0.9706744868035191,0.6699174793698425,0.6223484848484848,0.7932970117219746,0.6223484848484848,,,,,False
tuiml,logistic,taiwanese_bankruptcy_prediction,binary,classification,matched,42,,ok,5455,1364,94,94,0,94,2.0,openml-schema,100,0,False,0.0108,0.0007,"{'ridge': 0.5, 'max_iter': 1000}",0.1.6,Ridge 0.5 in Weka/TuiML corresponds to scikit-learn's C=1.0.,0.3884,0.3884,328.9,0.967741935483871,0.5334577114427861,0.521969696969697,0.7345588235294118,0.521969696969697,,,,,False
weka,logistic,taiwanese_bankruptcy_prediction,binary,classification,defaults,42,,ok,5455,1364,94,94,0,94,2.0,openml-schema,100,0,False,2.21,0.0225,,3.9.6,Ridge 0.5 in Weka/TuiML corresponds to scikit-learn's C=1.0.,7.2833,9.5882,542.5,0.967741935483871,0.6369092273068268,0.5988636363636364,0.736998514115899,0.5988636363636364,,,,True,False
weka,logistic,taiwanese_bankruptcy_prediction,binary,classification,matched,42,,ok,5455,1364,94,94,0,94,2.0,openml-schema,100,0,False,1.344,0.0179,-R 0.5 -M 1000,3.9.6,Ridge 0.5 in Weka/TuiML corresponds to scikit-learn's C=1.0.,6.1601,8.5465,420.0,0.9714076246334311,0.6831591173054588,0.6337121212121213,0.8038935629035413,0.6337121212121213,,,,True,False
sklearn,mlp,taiwanese_bankruptcy_prediction,binary,classification,defaults,42,,ok,5455,1364,94,94,0,94,2.0,openml-schema,100,0,False,7.9084,0.0048,"{'max_iter': 300, 'random_state': 42}",1.8.0,"Weka updates weights per instance (online backprop); scikit-learn's SGD uses mini-batches. Same architecture and learning rate, different optimizer schedule and different divergence handling — the least matchable row in the table.",9.1629,9.1496,219.6,0.9633431085043989,0.652742418379193,0.6295454545454545,0.6880059970014993,0.6295454545454545,,,,,False
sklearn,mlp,taiwanese_bankruptcy_prediction,binary,classification,matched,42,,ok,5455,1364,94,94,0,94,2.0,openml-schema,100,0,False,5.0445,0.0049,"{'hidden_layer_sizes': (100,), 'max_iter': 300, 'solver': 'sgd', 'learning_rate': 'adaptive', 'learning_rate_init': 0.05, 'momentum': 0.2, 'activation': 'logistic', 'random_state': 42}",1.8.0,"Weka updates weights per instance (online backprop); scikit-learn's SGD uses mini-batches. Same architecture and learning rate, different optimizer schedule and different divergence handling — the least matchable row in the table.",6.3908,6.3822,219.6,0.9699413489736071,0.6448615935632592,0.6,0.7870274277242402,0.6,,,,,False
tuiml,mlp,taiwanese_bankruptcy_prediction,binary,classification,defaults,42,,ok,5455,1364,94,94,0,94,2.0,openml-schema,100,0,False,7.9335,0.003,{},0.1.6,"Weka updates weights per instance (online backprop); scikit-learn's SGD uses mini-batches. Same architecture and learning rate, different optimizer schedule and different divergence handling — the least matchable row in the table.",8.2187,8.2084,326.3,0.967008797653959,0.6102139441547968,0.5765151515151515,0.7196194712132444,0.5765151515151515,,,,,False
tuiml,mlp,taiwanese_bankruptcy_prediction,binary,classification,matched,42,,ok,5455,1364,94,94,0,94,2.0,openml-schema,100,0,False,7.2167,0.0107,"{'hidden_layers': [100], 'max_epochs': 300, 'learning_rate': 0.05, 'momentum': 0.2, 'decay': True, 'activation': 'sigmoid', 'random_state': 42}",0.1.6,"Weka updates weights per instance (online backprop); scikit-learn's SGD uses mini-batches. Same architecture and learning rate, different optimizer schedule and different divergence handling — the least matchable row in the table.",7.6307,7.6259,333.9,0.967741935483871,0.4918032786885246,0.5,0.4838709677419355,0.5,,,,,False
weka,mlp,taiwanese_bankruptcy_prediction,binary,classification,defaults,42,,ok,5455,1364,94,94,0,94,2.0,openml-schema,100,0,False,186.1026,0.0598,,3.9.6,"Weka updates weights per instance (online backprop); scikit-learn's SGD uses mini-batches. Same architecture and learning rate, different optimizer schedule and different divergence handling — the least matchable row in the table.",190.4707,192.5679,326.8,0.967008797653959,0.6915190350546552,0.6643939393939394,0.7310577644411103,0.6643939393939394,,,,True,False
weka,mlp,taiwanese_bankruptcy_prediction,binary,classification,matched,42,,ok,5455,1364,94,94,0,94,2.0,openml-schema,100,0,False,235.3594,0.1148,-H 100 -N 300 -L 0.05 -M 0.2 -D -I -C -S 42,3.9.6,"Weka updates weights per instance (online backprop); scikit-learn's SGD uses mini-batches. Same architecture and learning rate, different optimizer schedule and different divergence handling — the least matchable row in the table.",239.8854,241.6082,325.6,0.9699413489736071,0.619603441825664,0.578030303030303,0.8045084996304508,0.578030303030303,,,,True,False
sklearn,naive_bayes,taiwanese_bankruptcy_prediction,binary,classification,defaults,42,,ok,5455,1364,94,94,0,94,2.0,openml-schema,100,0,False,0.0155,0.0031,{'alpha': 1.0},1.8.0,All three use add-one (Laplace) smoothing on discrete attributes.,1.4015,1.3923,217.8,0.8225806451612904,0.571625830564784,0.8534090909090909,0.5683543797953964,0.8534090909090909,,,,,False
sklearn,naive_bayes,taiwanese_bankruptcy_prediction,binary,classification,matched,42,,ok,5455,1364,94,94,0,94,2.0,openml-schema,100,0,False,0.0208,0.0032,{'alpha': 1.0},1.8.0,All three use add-one (Laplace) smoothing on discrete attributes.,1.7223,1.7055,218.3,0.8225806451612904,0.571625830564784,0.8534090909090909,0.5683543797953964,0.8534090909090909,,,,,False
tuiml,naive_bayes,taiwanese_bankruptcy_prediction,binary,classification,defaults,42,,ok,5455,1364,94,94,0,94,2.0,openml-schema,100,0,False,0.0116,0.0037,{'alpha': 1.0},0.1.6,All three use add-one (Laplace) smoothing on discrete attributes.,0.4053,0.4053,329.1,0.8225806451612904,0.571625830564784,0.8534090909090909,0.5683543797953964,0.8534090909090909,,,,,False
tuiml,naive_bayes,taiwanese_bankruptcy_prediction,binary,classification,matched,42,,ok,5455,1364,94,94,0,94,2.0,openml-schema,100,0,False,0.0119,0.004,{'alpha': 1.0},0.1.6,All three use add-one (Laplace) smoothing on discrete attributes.,0.4739,0.4727,328.8,0.8225806451612904,0.571625830564784,0.8534090909090909,0.5683543797953964,0.8534090909090909,,,,,False
weka,naive_bayes,taiwanese_bankruptcy_prediction,binary,classification,defaults,42,,ok,5455,1364,94,94,0,94,2.0,openml-schema,100,0,False,0.0426,0.0383,,3.9.6,All three use add-one (Laplace) smoothing on discrete attributes.,5.6287,7.1669,433.0,0.8225806451612904,0.571625830564784,0.8534090909090909,0.5683543797953964,0.8534090909090909,,,,True,False
weka,naive_bayes,taiwanese_bankruptcy_prediction,binary,classification,matched,42,,ok,5455,1364,94,94,0,94,2.0,openml-schema,100,0,False,0.0434,0.0366,,3.9.6,All three use add-one (Laplace) smoothing on discrete attributes.,5.2459,7.1239,418.4,0.8225806451612904,0.571625830564784,0.8534090909090909,0.5683543797953964,0.8534090909090909,,,,True,False
sklearn,random_forest,taiwanese_bankruptcy_prediction,binary,classification,defaults,42,,ok,5455,1364,94,94,0,94,2.0,openml-schema,100,0,False,3.0617,0.0183,"{'n_estimators': 100, 'random_state': 42}",1.8.0,"sqrt(p) is evaluated on each library's own representation: Weka splits on intact nominal attributes, scikit-learn/TuiML on one-hot columns.",4.7,4.6809,220.0,0.969208211143695,0.6032577079697499,0.5666666666666667,0.7859675036927622,0.5666666666666667,,,,,False
sklearn,random_forest,taiwanese_bankruptcy_prediction,binary,classification,matched,42,,ok,5455,1364,94,94,0,94,2.0,openml-schema,100,0,False,3.0561,0.0176,"{'n_estimators': 100, 'max_features': 'sqrt', 'min_samples_leaf': 1, 'bootstrap': True, 'random_state': 42}",1.8.0,"sqrt(p) is evaluated on each library's own representation: Weka splits on intact nominal attributes, scikit-learn/TuiML on one-hot columns.",4.5191,4.5044,219.9,0.969208211143695,0.6032577079697499,0.5666666666666667,0.7859675036927622,0.5666666666666667,,,,,False
tuiml,random_forest,taiwanese_bankruptcy_prediction,binary,classification,defaults,42,,ok,5455,1364,94,94,0,94,2.0,openml-schema,100,0,False,10.1974,0.045,{'n_estimators': 100},0.1.6,"sqrt(p) is evaluated on each library's own representation: Weka splits on intact nominal attributes, scikit-learn/TuiML on one-hot columns.",10.5538,11.6841,669.5,0.9721407624633431,0.6652976882345345,0.6121212121212121,0.8445502645502645,0.6121212121212121,,,,,False
tuiml,random_forest,taiwanese_bankruptcy_prediction,binary,classification,matched,42,,ok,5455,1364,94,94,0,94,2.0,openml-schema,100,0,False,10.0724,0.045,"{'n_estimators': 100, 'max_features': 'sqrt', 'min_samples_leaf': 1, 'bootstrap': True, 'random_state': 42}",0.1.6,"sqrt(p) is evaluated on each library's own representation: Weka splits on intact nominal attributes, scikit-learn/TuiML on one-hot columns.",10.5331,11.6225,669.0,0.9736070381231672,0.6932533733133434,0.6348484848484848,0.8631305637982196,0.6348484848484848,,,,,False
weka,random_forest,taiwanese_bankruptcy_prediction,binary,classification,defaults,42,,ok,5455,1364,94,94,0,94,2.0,openml-schema,100,0,False,2.7434,0.0679,-I 100,3.9.6,"sqrt(p) is evaluated on each library's own representation: Weka splits on intact nominal attributes, scikit-learn/TuiML on one-hot columns.",7.3129,9.8977,698.5,0.9743401759530792,0.6752712308267863,0.6132575757575758,0.941980783444198,0.6132575757575758,,,,True,False
weka,random_forest,taiwanese_bankruptcy_prediction,binary,classification,matched,42,,ok,5455,1364,94,94,0,94,2.0,openml-schema,100,0,False,3.6658,0.0726,-I 100 -K 9 -depth 0 -M 1 -P 100 -S 42,3.9.6,"sqrt(p) is evaluated on each library's own representation: Weka splits on intact nominal attributes, scikit-learn/TuiML on one-hot columns.",8.7003,11.6853,734.2,0.9721407624633431,0.641042688163107,0.5901515151515152,0.8867060561299853,0.5901515151515152,,,,True,False
sklearn,svm,taiwanese_bankruptcy_prediction,binary,classification,defaults,42,,ok,5455,1364,94,94,0,94,2.0,openml-schema,100,0,False,0.2975,0.095,{},1.8.0,Both use one-vs-one for multiclass. Optimizer tolerances differ (SMO -T 1e-3 / -P 1e-12 vs libsvm tol 1e-3).,1.7187,1.7144,220.4,0.967741935483871,0.4918032786885246,0.5,0.4838709677419355,0.5,,,,,False
sklearn,svm,taiwanese_bankruptcy_prediction,binary,classification,matched,42,,ok,5455,1364,94,94,0,94,2.0,openml-schema,100,0,False,0.2801,0.1007,"{'C': 1.0, 'kernel': 'rbf', 'gamma': 0.010638297872340425}",1.8.0,Both use one-vs-one for multiclass. Optimizer tolerances differ (SMO -T 1e-3 / -P 1e-12 vs libsvm tol 1e-3).,1.6271,1.6225,219.9,0.967741935483871,0.4918032786885246,0.5,0.4838709677419355,0.5,,,,,False
tuiml,svm,taiwanese_bankruptcy_prediction,binary,classification,defaults,42,,ok,5455,1364,94,94,0,94,2.0,openml-schema,100,0,False,0.5572,0.1037,{},0.1.6,Both use one-vs-one for multiclass. Optimizer tolerances differ (SMO -T 1e-3 / -P 1e-12 vs libsvm tol 1e-3).,0.9927,0.9882,339.9,0.967741935483871,0.4918032786885246,0.5,0.4838709677419355,0.5,,,,,False
tuiml,svm,taiwanese_bankruptcy_prediction,binary,classification,matched,42,,ok,5455,1364,94,94,0,94,2.0,openml-schema,100,0,False,0.5522,0.1032,"{'C': 1.0, 'kernel': 'rbf', 'gamma': 0.010638297872340425}",0.1.6,Both use one-vs-one for multiclass. Optimizer tolerances differ (SMO -T 1e-3 / -P 1e-12 vs libsvm tol 1e-3).,0.9526,0.9501,337.5,0.967741935483871,0.4918032786885246,0.5,0.4838709677419355,0.5,,,,,False
weka,svm,taiwanese_bankruptcy_prediction,binary,classification,defaults,42,,ok,5455,1364,94,94,0,94,2.0,openml-schema,100,0,False,2.4214,0.0361,,3.9.6,Both use one-vs-one for multiclass. Optimizer tolerances differ (SMO -T 1e-3 / -P 1e-12 vs libsvm tol 1e-3).,7.5156,9.6173,333.7,0.967008797653959,0.49161386507640703,0.49962121212121213,0.4838591342626559,0.49962121212121213,,,,True,False
weka,svm,taiwanese_bankruptcy_prediction,binary,classification,matched,42,,ok,5455,1364,94,94,0,94,2.0,openml-schema,100,0,False,9.2754,0.272,-N 2 -C 1.0 -K weka.classifiers.functions.supportVector.RBFKernel -G 0.01063829787,3.9.6,Both use one-vs-one for multiclass. Optimizer tolerances differ (SMO -T 1e-3 / -P 1e-12 vs libsvm tol 1e-3).,14.1315,16.0229,332.6,0.967741935483871,0.4918032786885246,0.5,0.4838709677419355,0.5,,,,True,False
sklearn,decision_tree,MIC,multiclass,classification,defaults,42,,ok,1359,340,111,17,94,255,8.0,openml-schema,100,0,False,0.0427,0.0006,{'random_state': 42},1.8.0,"C4.5 vs CART: even matched, J48 splits on gain ratio while scikit-learn/TuiML use information gain. Related algorithms, not identical ones.",1.4326,1.4287,191.4,0.7735294117647059,0.20075232998175205,0.19763986013986015,0.20646469113961374,0.19763986013986015,,,,,False
sklearn,decision_tree,MIC,multiclass,classification,matched,42,,ok,1359,340,111,17,94,255,8.0,openml-schema,100,0,False,0.0322,0.0006,"{'criterion': 'entropy', 'min_samples_leaf': 1, 'random_state': 42}",1.8.0,"C4.5 vs CART: even matched, J48 splits on gain ratio while scikit-learn/TuiML use information gain. Related algorithms, not identical ones.",1.3279,1.3241,191.6,0.7941176470588235,0.2341295742896089,0.2388986013986014,0.23246901500326156,0.2388986013986014,,,,,False
tuiml,decision_tree,MIC,multiclass,classification,defaults,42,,ok,1359,340,111,17,94,255,8.0,openml-schema,100,0,False,0.1644,0.0062,{},0.1.6,"C4.5 vs CART: even matched, J48 splits on gain ratio while scikit-learn/TuiML use information gain. Related algorithms, not identical ones.",0.538,0.5367,301.6,0.7705882352941177,0.20279013076671118,0.20244755244755244,0.20367274569402227,0.20244755244755244,,,,,False
tuiml,decision_tree,MIC,multiclass,classification,matched,42,,ok,1359,340,111,17,94,255,8.0,openml-schema,100,0,False,0.0853,0.0036,"{'criterion': 'entropy', 'min_samples_leaf': 1, 'random_state': 42}",0.1.6,"C4.5 vs CART: even matched, J48 splits on gain ratio while scikit-learn/TuiML use information gain. Related algorithms, not identical ones.",0.4013,0.4013,301.6,0.7794117647058824,0.17490417663631302,0.18234265734265734,0.17072295357278294,0.18234265734265734,,,,,False
weka,decision_tree,MIC,multiclass,classification,defaults,42,,ok,1359,340,111,17,94,255,8.0,openml-schema,100,0,False,0.3192,0.0108,,3.9.6,"C4.5 vs CART: even matched, J48 splits on gain ratio while scikit-learn/TuiML use information gain. Related algorithms, not identical ones.",3.345,4.9395,324.3,0.8647058823529412,0.1913927549106702,0.18094405594405594,0.2218680709534368,0.18094405594405594,,,,True,False
weka,decision_tree,MIC,multiclass,classification,matched,42,,ok,1359,340,111,17,94,255,8.0,openml-schema,100,0,False,0.4402,0.0147,-U -B -M 1,3.9.6,"C4.5 vs CART: even matched, J48 splits on gain ratio while scikit-learn/TuiML use information gain. Related algorithms, not identical ones.",3.4417,5.0184,348.2,0.7794117647058824,0.20639440700752357,0.20476398601398602,0.21313664739731814,0.20476398601398602,,,,True,False
sklearn,knn,MIC,multiclass,classification,defaults,42,,ok,1359,340,111,17,94,255,8.0,openml-schema,100,0,False,0.0025,0.037,{'n_neighbors': 5},1.8.0,Nominal attributes contribute a distance of 1 per mismatch in Weka but sqrt(2) across the corresponding one-hot columns. Neighbour-search structure is left to each library.,1.7774,1.7668,191.6,0.861764705882353,0.17585371288507604,0.16477272727272727,0.23235735735735735,0.16477272727272727,,,,,False
sklearn,knn,MIC,multiclass,classification,matched,42,,ok,1359,340,111,17,94,255,8.0,openml-schema,100,0,False,0.0013,0.0353,"{'n_neighbors': 5, 'weights': 'uniform'}",1.8.0,Nominal attributes contribute a distance of 1 per mismatch in Weka but sqrt(2) across the corresponding one-hot columns. Neighbour-search structure is left to each library.,1.3802,1.3628,191.3,0.861764705882353,0.17585371288507604,0.16477272727272727,0.23235735735735735,0.16477272727272727,,,,,False
tuiml,knn,MIC,multiclass,classification,defaults,42,,ok,1359,340,111,17,94,255,8.0,openml-schema,100,0,False,0.0002,0.1371,{'k': 5},0.1.6,Nominal attributes contribute a distance of 1 per mismatch in Weka but sqrt(2) across the corresponding one-hot columns. Neighbour-search structure is left to each library.,0.4538,0.4513,301.0,0.861764705882353,0.17585371288507604,0.16477272727272727,0.23235735735735735,0.16477272727272727,,,,,False
tuiml,knn,MIC,multiclass,classification,matched,42,,ok,1359,340,111,17,94,255,8.0,openml-schema,100,0,False,0.0001,0.1336,"{'k': 5, 'distance_weighting': 'uniform'}",0.1.6,Nominal attributes contribute a distance of 1 per mismatch in Weka but sqrt(2) across the corresponding one-hot columns. Neighbour-search structure is left to each library.,0.4365,0.4363,302.1,0.861764705882353,0.17585371288507604,0.16477272727272727,0.23235735735735735,0.16477272727272727,,,,,False
weka,knn,MIC,multiclass,classification,defaults,42,,ok,1359,340,111,17,94,255,8.0,openml-schema,100,0,False,0.0039,0.3829,-K 5,3.9.6,Nominal attributes contribute a distance of 1 per mismatch in Weka but sqrt(2) across the corresponding one-hot columns. Neighbour-search structure is left to each library.,3.1655,4.5135,311.7,0.85,0.14476725521669342,0.14204545454545453,0.23108308605341246,0.14204545454545453,,,,True,False
weka,knn,MIC,multiclass,classification,matched,42,,ok,1359,340,111,17,94,255,8.0,openml-schema,100,0,False,0.0037,0.1918,"-K 5 -A weka.core.neighboursearch.LinearNNSearch -A ""weka.core.EuclideanDistance -R first-last -D""",3.9.6,Nominal attributes contribute a distance of 1 per mismatch in Weka but sqrt(2) across the corresponding one-hot columns. Neighbour-search structure is left to each library.,3.17,4.5124,309.8,0.8647058823529412,0.18236245954692556,0.17045454545454547,0.23268072289156627,0.17045454545454547,,,,True,False
sklearn,logistic,MIC,multiclass,classification,defaults,42,,ok,1359,340,111,17,94,255,8.0,openml-schema,100,0,False,0.21,0.0004,{'max_iter': 1000},1.8.0,Ridge 0.5 in Weka/TuiML corresponds to scikit-learn's C=1.0.,1.5014,1.4937,191.4,0.8382352941176471,0.18650210084033614,0.1826923076923077,0.19457928802588997,0.1826923076923077,,,,,False
sklearn,logistic,MIC,multiclass,classification,matched,42,,ok,1359,340,111,17,94,255,8.0,openml-schema,100,0,False,0.2168,0.0005,"{'C': 1.0, 'max_iter': 1000}",1.8.0,Ridge 0.5 in Weka/TuiML corresponds to scikit-learn's C=1.0.,1.6971,1.6825,190.3,0.8382352941176471,0.18650210084033614,0.1826923076923077,0.19457928802588997,0.1826923076923077,,,,,False
tuiml,logistic,MIC,multiclass,classification,defaults,42,,ok,1359,340,111,17,94,255,8.0,openml-schema,100,0,False,0.1446,0.0004,{},0.1.6,Ridge 0.5 in Weka/TuiML corresponds to scikit-learn's C=1.0.,0.4534,0.4534,305.2,0.7941176470588235,0.21550088650415905,0.2173076923076923,0.2186144599182429,0.2173076923076923,,,,,False
tuiml,logistic,MIC,multiclass,classification,matched,42,,ok,1359,340,111,17,94,255,8.0,openml-schema,100,0,False,0.1287,0.0005,"{'ridge': 0.5, 'max_iter': 1000}",0.1.6,Ridge 0.5 in Weka/TuiML corresponds to scikit-learn's C=1.0.,0.5097,0.5075,305.3,0.861764705882353,0.17585371288507604,0.16477272727272727,0.23235735735735735,0.16477272727272727,,,,,False
weka,logistic,MIC,multiclass,classification,defaults,42,,ok,1359,340,111,17,94,255,8.0,openml-schema,100,0,False,41.2664,0.0214,,3.9.6,Ridge 0.5 in Weka/TuiML corresponds to scikit-learn's C=1.0.,44.3806,50.5803,887.4,0.6911764705882353,0.2103958575300039,0.24755244755244754,0.20163692870936595,0.24755244755244754,,,,True,False
weka,logistic,MIC,multiclass,classification,matched,42,,ok,1359,340,111,17,94,255,8.0,openml-schema,100,0,False,13.0626,0.0214,-R 0.5 -M 1000,3.9.6,Ridge 0.5 in Weka/TuiML corresponds to scikit-learn's C=1.0.,16.1954,19.9251,864.7,0.8058823529411765,0.22216804081816696,0.2299825174825175,0.22071589052287582,0.2299825174825175,,,,True,False
sklearn,mlp,MIC,multiclass,classification,defaults,42,,ok,1359,340,111,17,94,255,8.0,openml-schema,100,0,False,2.0738,0.0019,"{'max_iter': 300, 'random_state': 42}",1.8.0,"Weka updates weights per instance (online backprop); scikit-learn's SGD uses mini-batches. Same architecture and learning rate, different optimizer schedule and different divergence handling — the least matchable row in the table.",3.4814,3.4723,191.1,0.85,0.1848043786691533,0.17919580419580422,0.19634489578579034,0.17919580419580422,,,,,False
sklearn,mlp,MIC,multiclass,classification,matched,42,,ok,1359,340,111,17,94,255,8.0,openml-schema,100,0,False,3.1645,0.0026,"{'hidden_layer_sizes': (100,), 'max_iter': 300, 'solver': 'sgd', 'learning_rate': 'adaptive', 'learning_rate_init': 0.05, 'momentum': 0.2, 'activation': 'logistic', 'random_state': 42}",1.8.0,"Weka updates weights per instance (online backprop); scikit-learn's SGD uses mini-batches. Same architecture and learning rate, different optimizer schedule and different divergence handling — the least matchable row in the table.",4.5285,4.5184,192.2,0.861764705882353,0.17701375680099085,0.17526223776223776,0.18423076923076923,0.17526223776223776,,,,,False
tuiml,mlp,MIC,multiclass,classification,defaults,42,,ok,1359,340,111,17,94,255,8.0,openml-schema,100,0,False,3.3601,0.0012,{},0.1.6,"Weka updates weights per instance (online backprop); scikit-learn's SGD uses mini-batches. Same architecture and learning rate, different optimizer schedule and different divergence handling — the least matchable row in the table.",3.6891,3.6888,302.6,0.8441176470588235,0.17872073578595318,0.17263986013986013,0.191735347985348,0.17263986013986013,,,,,False
tuiml,mlp,MIC,multiclass,classification,matched,42,,ok,1359,340,111,17,94,255,8.0,openml-schema,100,0,False,2.4159,0.0019,"{'hidden_layers': [100], 'max_epochs': 300, 'learning_rate': 0.05, 'momentum': 0.2, 'decay': True, 'activation': 'sigmoid', 'random_state': 42}",0.1.6,"Weka updates weights per instance (online backprop); scikit-learn's SGD uses mini-batches. Same architecture and learning rate, different optimizer schedule and different divergence handling — the least matchable row in the table.",2.7316,2.7287,306.9,0.861764705882353,0.17585371288507604,0.16477272727272727,0.23235735735735735,0.16477272727272727,,,,,False
weka,mlp,MIC,multiclass,classification,defaults,42,,ok,1359,340,111,17,94,255,8.0,openml-schema,100,0,False,160.9104,0.0549,,3.9.6,"Weka updates weights per instance (online backprop); scikit-learn's SGD uses mini-batches. Same architecture and learning rate, different optimizer schedule and different divergence handling — the least matchable row in the table.",164.3624,166.22,316.7,0.8411764705882353,0.26704484425349084,0.2441870629370629,0.3078550404709345,0.2441870629370629,,,,True,False
weka,mlp,MIC,multiclass,classification,matched,42,,ok,1359,340,111,17,94,255,8.0,openml-schema,100,0,False,105.3304,0.0531,-H 100 -N 300 -L 0.05 -M 0.2 -D -I -C -S 42,3.9.6,"Weka updates weights per instance (online backprop); scikit-learn's SGD uses mini-batches. Same architecture and learning rate, different optimizer schedule and different divergence handling — the least matchable row in the table.",108.358,110.0948,326.3,0.8588235294117647,0.17775974025974026,0.16958041958041958,0.20757575757575758,0.16958041958041958,,,,True,False
sklearn,naive_bayes,MIC,multiclass,classification,defaults,42,,ok,1359,340,111,17,94,255,8.0,openml-schema,100,0,False,0.0286,0.0019,{'alpha': 1.0},1.8.0,All three use add-one (Laplace) smoothing on discrete attributes.,1.8336,1.8265,187.4,0.8176470588235294,0.18228837926923347,0.19012237762237763,0.17575700700700703,0.19012237762237763,,,,,False
sklearn,naive_bayes,MIC,multiclass,classification,matched,42,,ok,1359,340,111,17,94,255,8.0,openml-schema,100,0,False,0.0239,0.0016,{'alpha': 1.0},1.8.0,All three use add-one (Laplace) smoothing on discrete attributes.,1.4099,1.4046,187.4,0.8176470588235294,0.18228837926923347,0.19012237762237763,0.17575700700700703,0.19012237762237763,,,,,False
tuiml,naive_bayes,MIC,multiclass,classification,defaults,42,,ok,1359,340,111,17,94,255,8.0,openml-schema,100,0,False,0.0212,0.0027,{'alpha': 1.0},0.1.6,All three use add-one (Laplace) smoothing on discrete attributes.,0.3781,0.378,296.1,0.8176470588235294,0.18228837926923347,0.19012237762237763,0.17575700700700703,0.19012237762237763,,,,,False
tuiml,naive_bayes,MIC,multiclass,classification,matched,42,,ok,1359,340,111,17,94,255,8.0,openml-schema,100,0,False,0.0211,0.0027,{'alpha': 1.0},0.1.6,All three use add-one (Laplace) smoothing on discrete attributes.,0.3637,0.3631,296.2,0.8176470588235294,0.18228837926923347,0.19012237762237763,0.17575700700700703,0.19012237762237763,,,,,False
weka,naive_bayes,MIC,multiclass,classification,defaults,42,,ok,1359,340,111,17,94,255,8.0,openml-schema,100,0,False,0.0157,0.0513,,3.9.6,All three use add-one (Laplace) smoothing on discrete attributes.,3.0802,4.3357,310.8,0.8176470588235294,0.18228837926923347,0.19012237762237763,0.17575700700700703,0.19012237762237763,,,,True,False
weka,naive_bayes,MIC,multiclass,classification,matched,42,,ok,1359,340,111,17,94,255,8.0,openml-schema,100,0,False,0.0149,0.0475,,3.9.6,All three use add-one (Laplace) smoothing on discrete attributes.,3.1924,4.5713,307.6,0.8176470588235294,0.18228837926923347,0.19012237762237763,0.17575700700700703,0.19012237762237763,,,,True,False
sklearn,random_forest,MIC,multiclass,classification,defaults,42,,ok,1359,340,111,17,94,255,8.0,openml-schema,100,0,False,0.4068,0.0159,"{'n_estimators': 100, 'random_state': 42}",1.8.0,"sqrt(p) is evaluated on each library's own representation: Weka splits on intact nominal attributes, scikit-learn/TuiML on one-hot columns.",1.8261,1.8182,196.5,0.8676470588235294,0.18846395148219794,0.17613636363636365,0.23300604229607252,0.17613636363636365,,,,,False
sklearn,random_forest,MIC,multiclass,classification,matched,42,,ok,1359,340,111,17,94,255,8.0,openml-schema,100,0,False,0.3204,0.0126,"{'n_estimators': 100, 'max_features': 'sqrt', 'min_samples_leaf': 1, 'bootstrap': True, 'random_state': 42}",1.8.0,"sqrt(p) is evaluated on each library's own representation: Weka splits on intact nominal attributes, scikit-learn/TuiML on one-hot columns.",1.5631,1.5563,194.9,0.8676470588235294,0.18846395148219794,0.17613636363636365,0.23300604229607252,0.17613636363636365,,,,,False
tuiml,random_forest,MIC,multiclass,classification,defaults,42,,ok,1359,340,111,17,94,255,8.0,openml-schema,100,0,False,2.7629,0.014,{'n_estimators': 100},0.1.6,"sqrt(p) is evaluated on each library's own representation: Weka splits on intact nominal attributes, scikit-learn/TuiML on one-hot columns.",3.2895,3.6277,543.2,0.8676470588235294,0.18846395148219794,0.17613636363636365,0.23300604229607252,0.17613636363636365,,,,,False
tuiml,random_forest,MIC,multiclass,classification,matched,42,,ok,1359,340,111,17,94,255,8.0,openml-schema,100,0,False,2.8562,0.0108,"{'n_estimators': 100, 'max_features': 'sqrt', 'min_samples_leaf': 1, 'bootstrap': True, 'random_state': 42}",0.1.6,"sqrt(p) is evaluated on each library's own representation: Weka splits on intact nominal attributes, scikit-learn/TuiML on one-hot columns.",3.2361,3.6036,514.3,0.8647058823529412,0.18597808441558442,0.1756993006993007,0.22045454545454546,0.1756993006993007,,,,,False
weka,random_forest,MIC,multiclass,classification,defaults,42,,ok,1359,340,111,17,94,255,8.0,openml-schema,100,0,False,0.7159,0.0738,-I 100,3.9.6,"sqrt(p) is evaluated on each library's own representation: Weka splits on intact nominal attributes, scikit-learn/TuiML on one-hot columns.",3.9373,5.9629,474.8,0.861764705882353,0.17585371288507604,0.16477272727272727,0.23235735735735735,0.16477272727272727,,,,True,False
weka,random_forest,MIC,multiclass,classification,matched,42,,ok,1359,340,111,17,94,255,8.0,openml-schema,100,0,False,0.5793,0.0509,-I 100 -K 10 -depth 0 -M 1 -P 100 -S 42,3.9.6,"sqrt(p) is evaluated on each library's own representation: Weka splits on intact nominal attributes, scikit-learn/TuiML on one-hot columns.",3.3551,5.4456,478.7,0.8647058823529412,0.18236245954692556,0.17045454545454547,0.23268072289156627,0.17045454545454547,,,,True,False
sklearn,svm,MIC,multiclass,classification,defaults,42,,ok,1359,340,111,17,94,255,8.0,openml-schema,100,0,False,0.1687,0.0593,{},1.8.0,Both use one-vs-one for multiclass. Optimizer tolerances differ (SMO -T 1e-3 / -P 1e-12 vs libsvm tol 1e-3).,1.5487,1.5438,192.2,0.861764705882353,0.17999424896742824,0.1700174825174825,0.2187395099026519,0.1700174825174825,,,,,False
sklearn,svm,MIC,multiclass,classification,matched,42,,ok,1359,340,111,17,94,255,8.0,openml-schema,100,0,False,0.1649,0.0527,"{'C': 1.0, 'kernel': 'rbf', 'gamma': 0.013097745133288817}",1.8.0,Both use one-vs-one for multiclass. Optimizer tolerances differ (SMO -T 1e-3 / -P 1e-12 vs libsvm tol 1e-3).,1.4996,1.495,191.4,0.861764705882353,0.17999424896742824,0.1700174825174825,0.2187395099026519,0.1700174825174825,,,,,False
tuiml,svm,MIC,multiclass,classification,defaults,42,,ok,1359,340,111,17,94,255,8.0,openml-schema,100,0,False,0.5228,0.2339,{},0.1.6,Both use one-vs-one for multiclass. Optimizer tolerances differ (SMO -T 1e-3 / -P 1e-12 vs libsvm tol 1e-3).,1.0916,1.0903,301.1,0.861764705882353,0.17999424896742824,0.1700174825174825,0.2187395099026519,0.1700174825174825,,,,,False
tuiml,svm,MIC,multiclass,classification,matched,42,,ok,1359,340,111,17,94,255,8.0,openml-schema,100,0,False,0.5176,0.2287,"{'C': 1.0, 'kernel': 'rbf', 'gamma': 0.013097745133288817}",0.1.6,Both use one-vs-one for multiclass. Optimizer tolerances differ (SMO -T 1e-3 / -P 1e-12 vs libsvm tol 1e-3).,1.0548,1.0546,302.3,0.861764705882353,0.17999424896742824,0.1700174825174825,0.2187395099026519,0.1700174825174825,,,,,False
weka,svm,MIC,multiclass,classification,defaults,42,,ok,1359,340,111,17,94,255,8.0,openml-schema,100,0,False,1.4922,0.0393,,3.9.6,Both use one-vs-one for multiclass. Optimizer tolerances differ (SMO -T 1e-3 / -P 1e-12 vs libsvm tol 1e-3).,5.0282,7.2362,745.5,0.85,0.18980848153214774,0.17919580419580422,0.21492616033755274,0.17919580419580422,,,,True,False
weka,svm,MIC,multiclass,classification,matched,42,,ok,1359,340,111,17,94,255,8.0,openml-schema,100,0,False,1.9184,0.3253,-N 2 -C 1.0 -K weka.classifiers.functions.supportVector.RBFKernel -G 0.01309774513,3.9.6,Both use one-vs-one for multiclass. Optimizer tolerances differ (SMO -T 1e-3 / -P 1e-12 vs libsvm tol 1e-3).,5.5538,8.3325,739.9,0.861764705882353,0.17999424896742824,0.1700174825174825,0.2187395099026519,0.1700174825174825,,,,True,False
sklearn,decision_tree,SDSS17,multiclass,classification,defaults,42,,ok,62442,15611,11,9,2,211,3.0,openml-schema,100,2,False,3.8872,0.0167,{'random_state': 42},1.8.0,"C4.5 vs CART: even matched, J48 splits on gain ratio while scikit-learn/TuiML use information gain. Related algorithms, not identical ones.",5.7976,5.7855,444.9,0.9647684325155339,0.9577340154385787,0.9574523454665947,0.9580163541576224,0.9574523454665947,,,,,False
sklearn,decision_tree,SDSS17,multiclass,classification,matched,42,,ok,62442,15611,11,9,2,211,3.0,openml-schema,100,2,False,2.2898,0.0106,"{'criterion': 'entropy', 'min_samples_leaf': 1, 'random_state': 42}",1.8.0,"C4.5 vs CART: even matched, J48 splits on gain ratio while scikit-learn/TuiML use information gain. Related algorithms, not identical ones.",3.8769,3.8733,443.5,0.9645122029338287,0.9575566980640965,0.9581971841108151,0.9569198625595852,0.9581971841108151,,,,,False
tuiml,decision_tree,SDSS17,multiclass,classification,defaults,42,,ok,62442,15611,11,9,2,211,3.0,openml-schema,100,2,False,10.7979,0.2965,{},0.1.6,"C4.5 vs CART: even matched, J48 splits on gain ratio while scikit-learn/TuiML use information gain. Related algorithms, not identical ones.",11.6928,11.683,554.6,0.9639356863749919,0.9568603112862976,0.9573822582206458,0.9563436682139302,0.9573822582206458,,,,,False
tuiml,decision_tree,SDSS17,multiclass,classification,matched,42,,ok,62442,15611,11,9,2,211,3.0,openml-schema,100,2,False,7.1843,0.1962,"{'criterion': 'entropy', 'min_samples_leaf': 1, 'random_state': 42}",0.1.6,"C4.5 vs CART: even matched, J48 splits on gain ratio while scikit-learn/TuiML use information gain. Related algorithms, not identical ones.",7.9479,7.9408,554.6,0.9640638011658446,0.9568887075830271,0.9564740785638152,0.9573074756307851,0.9564740785638152,,,,,False
weka,decision_tree,SDSS17,multiclass,classification,defaults,42,,ok,62442,15611,11,9,2,211,3.0,openml-schema,100,2,False,3.727,0.1567,,3.9.6,"C4.5 vs CART: even matched, J48 splits on gain ratio while scikit-learn/TuiML use information gain. Related algorithms, not identical ones.",12.5635,15.9179,634.0,0.9730318365255268,0.9678214670165795,0.9662824118112959,0.9695363305576912,0.9662824118112959,,,,True,False
weka,decision_tree,SDSS17,multiclass,classification,matched,42,,ok,62442,15611,11,9,2,211,3.0,openml-schema,100,2,False,6.9057,0.179,-U -B -M 1,3.9.6,"C4.5 vs CART: even matched, J48 splits on gain ratio while scikit-learn/TuiML use information gain. Related algorithms, not identical ones.",16.4141,19.744,899.4,0.9703414259176222,0.9646239648672211,0.9634051710256833,0.9659723558547707,0.9634051710256833,,,,True,False
sklearn,knn,SDSS17,multiclass,classification,defaults,42,,ok,62442,15611,11,9,2,211,3.0,openml-schema,100,2,False,0.0192,17.6815,{'n_neighbors': 5},1.8.0,Nominal attributes contribute a distance of 1 per mismatch in Weka but sqrt(2) across the corresponding one-hot columns. Neighbour-search structure is left to each library.,19.1731,19.1385,444.2,0.9042982512331048,0.8893495198415059,0.8692840741106119,0.9138564049551645,0.8692840741106119,,,,,False
sklearn,knn,SDSS17,multiclass,classification,matched,42,,ok,62442,15611,11,9,2,211,3.0,openml-schema,100,2,False,0.0203,16.1967,"{'n_neighbors': 5, 'weights': 'uniform'}",1.8.0,Nominal attributes contribute a distance of 1 per mismatch in Weka but sqrt(2) across the corresponding one-hot columns. Neighbour-search structure is left to each library.,17.8796,17.8603,443.5,0.9042982512331048,0.8893495198415059,0.8692840741106119,0.9138564049551645,0.8692840741106119,,,,,False
tuiml,knn,SDSS17,multiclass,classification,defaults,42,,ok,62442,15611,11,9,2,211,3.0,openml-schema,100,2,False,0.0019,345.8938,{'k': 5},0.1.6,Nominal attributes contribute a distance of 1 per mismatch in Weka but sqrt(2) across the corresponding one-hot columns. Neighbour-search structure is left to each library.,346.4134,346.1892,553.8,0.9042982512331048,0.8893495198415059,0.8692840741106119,0.9138564049551645,0.8692840741106119,,,,,False
tuiml,knn,SDSS17,multiclass,classification,matched,42,,ok,62442,15611,11,9,2,211,3.0,openml-schema,100,2,False,0.002,350.0574,"{'k': 5, 'distance_weighting': 'uniform'}",0.1.6,Nominal attributes contribute a distance of 1 per mismatch in Weka but sqrt(2) across the corresponding one-hot columns. Neighbour-search structure is left to each library.,350.6639,350.6225,553.7,0.9042982512331048,0.8893495198415059,0.8692840741106119,0.9138564049551645,0.8692840741106119,,,,,False
weka,knn,SDSS17,multiclass,classification,defaults,42,,ok,62442,15611,11,9,2,211,3.0,openml-schema,100,2,False,0.0818,69.34,-K 5,3.9.6,Nominal attributes contribute a distance of 1 per mismatch in Weka but sqrt(2) across the corresponding one-hot columns. Neighbour-search structure is left to each library.,79.3087,81.4455,481.1,0.8722054961245276,0.8483335300256186,0.8186000421877099,0.8893227812535622,0.8186000421877099,,,,True,False
weka,knn,SDSS17,multiclass,classification,matched,42,,ok,62442,15611,11,9,2,211,3.0,openml-schema,100,2,False,0.0905,72.5165,"-K 5 -A weka.core.neighboursearch.LinearNNSearch -A ""weka.core.EuclideanDistance -R first-last -D""",3.9.6,Nominal attributes contribute a distance of 1 per mismatch in Weka but sqrt(2) across the corresponding one-hot columns. Neighbour-search structure is left to each library.,82.3495,84.437,476.4,0.9137787457561976,0.9006335342926514,0.8840150707160227,0.920580065124982,0.8840150707160227,,,,True,False
sklearn,logistic,SDSS17,multiclass,classification,defaults,42,,ok,62442,15611,11,9,2,211,3.0,openml-schema,100,2,False,12.6885,0.0122,{'max_iter': 1000},1.8.0,Ridge 0.5 in Weka/TuiML corresponds to scikit-learn's C=1.0.,14.2679,14.2522,443.6,0.9525334699891103,0.9431468793671384,0.93972436702847,0.9484452373393548,0.93972436702847,,,,,False
sklearn,logistic,SDSS17,multiclass,classification,matched,42,,ok,62442,15611,11,9,2,211,3.0,openml-schema,100,2,False,14.8468,0.0149,"{'C': 1.0, 'max_iter': 1000}",1.8.0,Ridge 0.5 in Weka/TuiML corresponds to scikit-learn's C=1.0.,16.7994,16.7434,442.3,0.9525334699891103,0.9431468793671384,0.93972436702847,0.9484452373393548,0.93972436702847,,,,,False
tuiml,logistic,SDSS17,multiclass,classification,defaults,42,,ok,62442,15611,11,9,2,211,3.0,openml-schema,100,2,False,12.7791,0.0266,{},0.1.6,Ridge 0.5 in Weka/TuiML corresponds to scikit-learn's C=1.0.,13.3538,13.3266,653.8,0.9520850682211262,0.942604951142585,0.9392448268975345,0.9478658530484291,0.9392448268975345,,,,,False
tuiml,logistic,SDSS17,multiclass,classification,matched,42,,ok,62442,15611,11,9,2,211,3.0,openml-schema,100,2,False,1.0207,0.0248,"{'ridge': 0.5, 'max_iter': 1000}",0.1.6,Ridge 0.5 in Weka/TuiML corresponds to scikit-learn's C=1.0.,1.6781,1.677,655.4,0.6626737556850938,0.4161138552628582,0.43001896643725246,0.8813081795027836,0.43001896643725246,,,,,False
weka,logistic,SDSS17,multiclass,classification,matched,42,,ok,62442,15611,11,9,2,211,3.0,openml-schema,100,2,False,208.5245,0.2778,-R 0.5 -M 1000,3.9.6,Ridge 0.5 in Weka/TuiML corresponds to scikit-learn's C=1.0.,217.8687,224.6659,1024.4,0.948882198449811,0.9392379165716832,0.9368088624462038,0.9438743967533078,0.9368088624462038,,,,True,False
sklearn,mlp,SDSS17,multiclass,classification,defaults,42,,ok,62442,15611,11,9,2,211,3.0,openml-schema,100,2,False,103.6669,0.0451,"{'max_iter': 300, 'random_state': 42}",1.8.0,"Weka updates weights per instance (online backprop); scikit-learn's SGD uses mini-batches. Same architecture and learning rate, different optimizer schedule and different divergence handling — the least matchable row in the table.",105.6537,105.5665,441.3,0.9672026135417334,0.9612373984215002,0.9579338459770081,0.9649500495286761,0.9579338459770081,,,,,False
sklearn,mlp,SDSS17,multiclass,classification,matched,42,,ok,62442,15611,11,9,2,211,3.0,openml-schema,100,2,False,131.4371,0.0612,"{'hidden_layer_sizes': (100,), 'max_iter': 300, 'solver': 'sgd', 'learning_rate': 'adaptive', 'learning_rate_init': 0.05, 'momentum': 0.2, 'activation': 'logistic', 'random_state': 42}",1.8.0,"Weka updates weights per instance (online backprop); scikit-learn's SGD uses mini-batches. Same architecture and learning rate, different optimizer schedule and different divergence handling — the least matchable row in the table.",133.2647,133.1798,443.7,0.9634872846070078,0.9561209949068514,0.950622416451847,0.9633423754301162,0.950622416451847,,,,,False
tuiml,mlp,SDSS17,multiclass,classification,defaults,42,,ok,62442,15611,11,9,2,211,3.0,openml-schema,100,2,False,209.8476,0.0825,{},0.1.6,"Weka updates weights per instance (online backprop); scikit-learn's SGD uses mini-batches. Same architecture and learning rate, different optimizer schedule and different divergence handling — the least matchable row in the table.",210.6933,210.6271,745.9,0.9441419511882647,0.9338061132484645,0.9285114692930061,0.9419936019078414,0.9285114692930061,,,,,False
tuiml,mlp,SDSS17,multiclass,classification,matched,42,,ok,62442,15611,11,9,2,211,3.0,openml-schema,100,2,False,166.7784,0.0847,"{'hidden_layers': [100], 'max_epochs': 300, 'learning_rate': 0.05, 'momentum': 0.2, 'decay': True, 'activation': 'sigmoid', 'random_state': 42}",0.1.6,"Weka updates weights per instance (online backprop); scikit-learn's SGD uses mini-batches. Same architecture and learning rate, different optimizer schedule and different divergence handling — the least matchable row in the table.",167.6811,167.5162,840.7,0.6628018704759464,0.4197444143439833,0.4356494809861488,0.6897034886458419,0.4356494809861488,,,,,False
sklearn,naive_bayes,SDSS17,multiclass,classification,defaults,42,,ok,62442,15611,11,9,2,211,3.0,openml-schema,100,2,False,0.0461,0.0043,{'alpha': 1.0},1.8.0,All three use add-one (Laplace) smoothing on discrete attributes.,1.6523,1.6387,230.8,0.861700083274614,0.8470968385691503,0.871347750454731,0.8286361453453616,0.871347750454731,,,,,False
sklearn,naive_bayes,SDSS17,multiclass,classification,matched,42,,ok,62442,15611,11,9,2,211,3.0,openml-schema,100,2,False,0.0303,0.004,{'alpha': 1.0},1.8.0,All three use add-one (Laplace) smoothing on discrete attributes.,1.3489,1.3399,232.0,0.861700083274614,0.8470968385691503,0.871347750454731,0.8286361453453616,0.871347750454731,,,,,False
tuiml,naive_bayes,SDSS17,multiclass,classification,defaults,42,,ok,62442,15611,11,9,2,211,3.0,openml-schema,100,2,False,0.0415,0.0049,{'alpha': 1.0},0.1.6,All three use add-one (Laplace) smoothing on discrete attributes.,0.7316,0.7303,339.8,0.861700083274614,0.8470968385691503,0.871347750454731,0.8286361453453616,0.871347750454731,,,,,False
tuiml,naive_bayes,SDSS17,multiclass,classification,matched,42,,ok,62442,15611,11,9,2,211,3.0,openml-schema,100,2,False,0.0332,0.0047,{'alpha': 1.0},0.1.6,All three use add-one (Laplace) smoothing on discrete attributes.,0.5742,0.5722,337.6,0.861700083274614,0.8470968385691503,0.871347750454731,0.8286361453453616,0.871347750454731,,,,,False
weka,naive_bayes,SDSS17,multiclass,classification,defaults,42,,ok,62442,15611,11,9,2,211,3.0,openml-schema,100,2,False,0.0833,0.1884,,3.9.6,All three use add-one (Laplace) smoothing on discrete attributes.,9.904,11.6137,572.1,0.861700083274614,0.8470968385691503,0.871347750454731,0.8286361453453616,0.871347750454731,,,,True,False
weka,naive_bayes,SDSS17,multiclass,classification,matched,42,,ok,62442,15611,11,9,2,211,3.0,openml-schema,100,2,False,0.0805,0.1802,,3.9.6,All three use add-one (Laplace) smoothing on discrete attributes.,9.8083,11.4121,557.2,0.861700083274614,0.8470968385691503,0.871347750454731,0.8286361453453616,0.871347750454731,,,,True,False
sklearn,random_forest,SDSS17,multiclass,classification,defaults,42,,ok,62442,15611,11,9,2,211,3.0,openml-schema,100,2,False,23.6576,0.7037,"{'n_estimators': 100, 'random_state': 42}",1.8.0,"sqrt(p) is evaluated on each library's own representation: Weka splits on intact nominal attributes, scikit-learn/TuiML on one-hot columns.",26.1283,26.1135,444.3,0.9734161808980847,0.9682192598911395,0.9657665055834519,0.9709994097993754,0.9657665055834519,,,,,False
sklearn,random_forest,SDSS17,multiclass,classification,matched,42,,ok,62442,15611,11,9,2,211,3.0,openml-schema,100,2,False,23.6922,0.7075,"{'n_estimators': 100, 'max_features': 'sqrt', 'min_samples_leaf': 1, 'bootstrap': True, 'random_state': 42}",1.8.0,"sqrt(p) is evaluated on each library's own representation: Weka splits on intact nominal attributes, scikit-learn/TuiML on one-hot columns.",26.1925,26.1684,442.7,0.9734161808980847,0.9682192598911395,0.9657665055834519,0.9709994097993754,0.9657665055834519,,,,,False
tuiml,random_forest,SDSS17,multiclass,classification,defaults,42,,ok,62442,15611,11,9,2,211,3.0,openml-schema,100,2,False,264.9774,1.0573,{'n_estimators': 100},0.1.6,"sqrt(p) is evaluated on each library's own representation: Weka splits on intact nominal attributes, scikit-learn/TuiML on one-hot columns.",267.0205,290.8726,2009.5,0.9696367945679328,0.9635715655361229,0.9607582788838251,0.966781016425364,0.9607582788838251,,,,,False
tuiml,random_forest,SDSS17,multiclass,classification,matched,42,,ok,62442,15611,11,9,2,211,3.0,openml-schema,100,2,False,284.9426,1.6049,"{'n_estimators': 100, 'max_features': 'sqrt', 'min_samples_leaf': 1, 'bootstrap': True, 'random_state': 42}",0.1.6,"sqrt(p) is evaluated on each library's own representation: Weka splits on intact nominal attributes, scikit-learn/TuiML on one-hot columns.",287.4112,315.6015,2001.8,0.970533598103901,0.9646520649618716,0.9616510141935141,0.9680955240430285,0.9616510141935141,,,,,False
weka,random_forest,SDSS17,multiclass,classification,defaults,42,,ok,62442,15611,11,9,2,211,3.0,openml-schema,100,2,False,40.5651,0.6739,-I 100,3.9.6,"sqrt(p) is evaluated on each library's own representation: Weka splits on intact nominal attributes, scikit-learn/TuiML on one-hot columns.",49.8547,54.95,942.9,0.9769393376465313,0.9720816261832321,0.968731575838823,0.9756695773547454,0.968731575838823,,,,True,False
weka,random_forest,SDSS17,multiclass,classification,matched,42,,ok,62442,15611,11,9,2,211,3.0,openml-schema,100,2,False,40.6071,0.7551,-I 100 -K 3 -depth 0 -M 1 -P 100 -S 42,3.9.6,"sqrt(p) is evaluated on each library's own representation: Weka splits on intact nominal attributes, scikit-learn/TuiML on one-hot columns.",51.0332,55.0319,953.0,0.9770674524373839,0.9722035654162425,0.9684652330853624,0.9762287679004752,0.9684652330853624,,,,True,False
sklearn,svm,SDSS17,multiclass,classification,defaults,42,,ok,62442,15611,11,9,2,211,3.0,openml-schema,100,2,False,332.7575,51.3076,{},1.8.0,Both use one-vs-one for multiclass. Optimizer tolerances differ (SMO -T 1e-3 / -P 1e-12 vs libsvm tol 1e-3).,385.8715,385.8016,550.1,0.955672282364999,0.9482518468764738,0.9472106674547192,0.9514660245682297,0.9472106674547192,,,,,False
sklearn,svm,SDSS17,multiclass,classification,matched,42,,ok,62442,15611,11,9,2,211,3.0,openml-schema,100,2,False,363.0104,47.578,"{'C': 1.0, 'kernel': 'rbf', 'gamma': 0.09106603366422097}",1.8.0,Both use one-vs-one for multiclass. Optimizer tolerances differ (SMO -T 1e-3 / -P 1e-12 vs libsvm tol 1e-3).,412.0952,411.8682,548.8,0.955672282364999,0.9482518468764738,0.9472106674547192,0.9514660245682297,0.9472106674547192,,,,,False
tuiml,svm,SDSS17,multiclass,classification,defaults,42,,ok,62442,15611,11,9,2,211,3.0,openml-schema,100,2,False,1371.162,82.3896,{},0.1.6,Both use one-vs-one for multiclass. Optimizer tolerances differ (SMO -T 1e-3 / -P 1e-12 vs libsvm tol 1e-3).,1454.2266,1454.1363,709.1,0.955672282364999,0.9482518468764738,0.9472106674547192,0.9514660245682297,0.9472106674547192,,,,,False
tuiml,svm,SDSS17,multiclass,classification,matched,42,,ok,62442,15611,11,9,2,211,3.0,openml-schema,100,2,False,1353.4139,75.8333,"{'C': 1.0, 'kernel': 'rbf', 'gamma': 0.09106603366422097}",0.1.6,Both use one-vs-one for multiclass. Optimizer tolerances differ (SMO -T 1e-3 / -P 1e-12 vs libsvm tol 1e-3).,1429.9472,1429.8828,711.8,0.955672282364999,0.9482518468764738,0.9472106674547192,0.9514660245682297,0.9472106674547192,,,,,False
weka,svm,SDSS17,multiclass,classification,defaults,42,,ok,62442,15611,11,9,2,211,3.0,openml-schema,100,2,False,937.8406,0.2084,,3.9.6,Both use one-vs-one for multiclass. Optimizer tolerances differ (SMO -T 1e-3 / -P 1e-12 vs libsvm tol 1e-3).,946.7612,952.6093,945.2,0.9326116200115303,0.9211232143450562,0.9107541160900346,0.9345245498218538,0.9107541160900346,,,,True,False
sklearn,decision_tree,anneal,multiclass,classification,defaults,42,,ok,718,180,38,6,32,84,5.0,openml-schema,100,0,False,0.0037,0.0004,{'random_state': 42},1.8.0,"C4.5 vs CART: even matched, J48 splits on gain ratio while scikit-learn/TuiML use information gain. Related algorithms, not identical ones.",1.3297,1.3189,180.5,0.9944444444444445,0.9326060606060607,0.9,0.9985507246376812,0.9,,,,,False
sklearn,decision_tree,anneal,multiclass,classification,matched,42,,ok,718,180,38,6,32,84,5.0,openml-schema,100,0,False,0.0037,0.0002,"{'criterion': 'entropy', 'min_samples_leaf': 1, 'random_state': 42}",1.8.0,"C4.5 vs CART: even matched, J48 splits on gain ratio while scikit-learn/TuiML use information gain. Related algorithms, not identical ones.",1.2863,1.274,182.5,0.9888888888888889,0.9267558528428094,0.89,0.9971223021582734,0.89,,,,,False
tuiml,decision_tree,anneal,multiclass,classification,defaults,42,,ok,718,180,38,6,32,84,5.0,openml-schema,100,0,False,0.0075,0.0011,{},0.1.6,"C4.5 vs CART: even matched, J48 splits on gain ratio while scikit-learn/TuiML use information gain. Related algorithms, not identical ones.",0.1677,0.1675,287.6,0.9944444444444445,0.9326060606060607,0.9,0.9985507246376812,0.9,,,,,False
tuiml,decision_tree,anneal,multiclass,classification,matched,42,,ok,718,180,38,6,32,84,5.0,openml-schema,100,0,False,0.0089,0.0012,"{'criterion': 'entropy', 'min_samples_leaf': 1, 'random_state': 42}",0.1.6,"C4.5 vs CART: even matched, J48 splits on gain ratio while scikit-learn/TuiML use information gain. Related algorithms, not identical ones.",0.2346,0.2344,291.9,0.9833333333333333,0.9127057298898453,0.865,0.9957142857142858,0.865,,,,,False
weka,decision_tree,anneal,multiclass,classification,defaults,42,,ok,718,180,38,6,32,84,5.0,openml-schema,100,0,False,0.1193,0.0054,,3.9.6,"C4.5 vs CART: even matched, J48 splits on gain ratio while scikit-learn/TuiML use information gain. Related algorithms, not identical ones.",2.6815,3.9199,302.4,0.9944444444444445,0.9875026933850464,0.9985401459854014,0.9777777777777779,0.9985401459854014,,,,True,False
weka,decision_tree,anneal,multiclass,classification,matched,42,,ok,718,180,38,6,32,84,5.0,openml-schema,100,0,False,0.0751,0.0059,-U -B -M 1,3.9.6,"C4.5 vs CART: even matched, J48 splits on gain ratio while scikit-learn/TuiML use information gain. Related algorithms, not identical ones.",2.4951,3.6415,300.5,0.9944444444444445,0.9859393939393939,0.975,0.9985507246376812,0.975,,,,True,False
sklearn,knn,anneal,multiclass,classification,defaults,42,,ok,718,180,38,6,32,84,5.0,openml-schema,100,0,False,0.0014,0.0209,{'n_neighbors': 5},1.8.0,Nominal attributes contribute a distance of 1 per mismatch in Weka but sqrt(2) across the corresponding one-hot columns. Neighbour-search structure is left to each library.,1.4794,1.4657,183.6,0.9833333333333333,0.9143496697949253,0.8831555306007861,0.9803583278035835,0.8831555306007861,,,,,False
sklearn,knn,anneal,multiclass,classification,matched,42,,ok,718,180,38,6,32,84,5.0,openml-schema,100,0,False,0.001,0.0247,"{'n_neighbors': 5, 'weights': 'uniform'}",1.8.0,Nominal attributes contribute a distance of 1 per mismatch in Weka but sqrt(2) across the corresponding one-hot columns. Neighbour-search structure is left to each library.,1.175,1.161,182.6,0.9833333333333333,0.9143496697949253,0.8831555306007861,0.9803583278035835,0.8831555306007861,,,,,False
tuiml,knn,anneal,multiclass,classification,defaults,42,,ok,718,180,38,6,32,84,5.0,openml-schema,100,0,False,0.0001,0.0118,{'k': 5},0.1.6,Nominal attributes contribute a distance of 1 per mismatch in Weka but sqrt(2) across the corresponding one-hot columns. Neighbour-search structure is left to each library.,0.1578,0.1578,291.9,0.9833333333333333,0.9143496697949253,0.8831555306007861,0.9803583278035835,0.8831555306007861,,,,,False
tuiml,knn,anneal,multiclass,classification,matched,42,,ok,718,180,38,6,32,84,5.0,openml-schema,100,0,False,0.0001,0.012,"{'k': 5, 'distance_weighting': 'uniform'}",0.1.6,Nominal attributes contribute a distance of 1 per mismatch in Weka but sqrt(2) across the corresponding one-hot columns. Neighbour-search structure is left to each library.,0.1709,0.1704,290.4,0.9833333333333333,0.9143496697949253,0.8831555306007861,0.9803583278035835,0.8831555306007861,,,,,False
weka,knn,anneal,multiclass,classification,defaults,42,,ok,718,180,38,6,32,84,5.0,openml-schema,100,0,False,0.0024,0.0879,-K 5,3.9.6,Nominal attributes contribute a distance of 1 per mismatch in Weka but sqrt(2) across the corresponding one-hot columns. Neighbour-search structure is left to each library.,2.2682,3.4834,293.3,0.9944444444444445,0.9912727272727272,0.9846153846153847,0.9985507246376812,0.9846153846153847,,,,True,False
weka,knn,anneal,multiclass,classification,matched,42,,ok,718,180,38,6,32,84,5.0,openml-schema,100,0,False,0.0028,0.0602,"-K 5 -A weka.core.neighboursearch.LinearNNSearch -A ""weka.core.EuclideanDistance -R first-last -D""",3.9.6,Nominal attributes contribute a distance of 1 per mismatch in Weka but sqrt(2) across the corresponding one-hot columns. Neighbour-search structure is left to each library.,2.279,3.3276,291.4,0.9666666666666667,0.879172052753448,0.8316956765861876,0.9695652173913043,0.8316956765861876,,,,True,False
sklearn,logistic,anneal,multiclass,classification,defaults,42,,ok,718,180,38,6,32,84,5.0,openml-schema,100,0,False,0.0461,0.0003,{'max_iter': 1000},1.8.0,Ridge 0.5 in Weka/TuiML corresponds to scikit-learn's C=1.0.,1.2671,1.2589,182.4,0.9944444444444445,0.9943893504869115,0.9985401459854014,0.9904761904761905,0.9985401459854014,,,,,False
sklearn,logistic,anneal,multiclass,classification,matched,42,,ok,718,180,38,6,32,84,5.0,openml-schema,100,0,False,0.0662,0.0004,"{'C': 1.0, 'max_iter': 1000}",1.8.0,Ridge 0.5 in Weka/TuiML corresponds to scikit-learn's C=1.0.,1.7422,1.731,183.2,0.9944444444444445,0.9943893504869115,0.9985401459854014,0.9904761904761905,0.9985401459854014,,,,,False
tuiml,logistic,anneal,multiclass,classification,defaults,42,,ok,718,180,38,6,32,84,5.0,openml-schema,100,0,False,0.0447,0.0002,{},0.1.6,Ridge 0.5 in Weka/TuiML corresponds to scikit-learn's C=1.0.,0.1995,0.1981,291.3,0.9944444444444445,0.9943893504869115,0.9985401459854014,0.9904761904761905,0.9985401459854014,,,,,False
tuiml,logistic,anneal,multiclass,classification,matched,42,,ok,718,180,38,6,32,84,5.0,openml-schema,100,0,False,0.0253,0.0001,"{'ridge': 0.5, 'max_iter': 1000}",0.1.6,Ridge 0.5 in Weka/TuiML corresponds to scikit-learn's C=1.0.,0.1721,0.172,292.4,0.8388888888888889,0.4092217221722172,0.4046153846153846,0.5650602409638554,0.4046153846153846,,,,,False
weka,logistic,anneal,multiclass,classification,defaults,42,,ok,718,180,38,6,32,84,5.0,openml-schema,100,0,False,0.7632,0.0072,,3.9.6,Ridge 0.5 in Weka/TuiML corresponds to scikit-learn's C=1.0.,3.0317,5.0244,421.5,0.9944444444444445,0.9284552845528455,0.9,0.9904761904761905,0.9,,,,True,False
weka,logistic,anneal,multiclass,classification,matched,42,,ok,718,180,38,6,32,84,5.0,openml-schema,100,0,False,0.5509,0.0079,-R 0.5 -M 1000,3.9.6,Ridge 0.5 in Weka/TuiML corresponds to scikit-learn's C=1.0.,3.952,5.8531,349.3,0.9944444444444445,0.9943893504869115,0.9985401459854014,0.9904761904761905,0.9985401459854014,,,,True,False
sklearn,mlp,anneal,multiclass,classification,defaults,42,,ok,718,180,38,6,32,84,5.0,openml-schema,100,0,False,0.7874,0.0012,"{'max_iter': 300, 'random_state': 42}",1.8.0,"Weka updates weights per instance (online backprop); scikit-learn's SGD uses mini-batches. Same architecture and learning rate, different optimizer schedule and different divergence handling — the least matchable row in the table.",1.9465,1.9427,182.9,1.0,1.0,1.0,1.0,1.0,,,,,False
sklearn,mlp,anneal,multiclass,classification,matched,42,,ok,718,180,38,6,32,84,5.0,openml-schema,100,0,False,0.9073,0.0008,"{'hidden_layer_sizes': (100,), 'max_iter': 300, 'solver': 'sgd', 'learning_rate': 'adaptive', 'learning_rate_init': 0.05, 'momentum': 0.2, 'activation': 'logistic', 'random_state': 42}",1.8.0,"Weka updates weights per instance (online backprop); scikit-learn's SGD uses mini-batches. Same architecture and learning rate, different optimizer schedule and different divergence handling — the least matchable row in the table.",2.468,2.4467,180.6,0.9666666666666667,0.7369941147494231,0.7235401459854015,0.769596496715671,0.7235401459854015,,,,,False
tuiml,mlp,anneal,multiclass,classification,defaults,42,,ok,718,180,38,6,32,84,5.0,openml-schema,100,0,False,0.8095,0.0005,{},0.1.6,"Weka updates weights per instance (online backprop); scikit-learn's SGD uses mini-batches. Same architecture and learning rate, different optimizer schedule and different divergence handling — the least matchable row in the table.",0.9773,0.9758,293.1,0.9944444444444445,0.9875026933850464,0.9985401459854014,0.9777777777777779,0.9985401459854014,,,,,False
tuiml,mlp,anneal,multiclass,classification,matched,42,,ok,718,180,38,6,32,84,5.0,openml-schema,100,0,False,0.672,0.0007,"{'hidden_layers': [100], 'max_epochs': 300, 'learning_rate': 0.05, 'momentum': 0.2, 'decay': True, 'activation': 'sigmoid', 'random_state': 42}",0.1.6,"Weka updates weights per instance (online backprop); scikit-learn's SGD uses mini-batches. Same architecture and learning rate, different optimizer schedule and different divergence handling — the least matchable row in the table.",0.8233,0.8221,295.4,0.8555555555555555,0.46343922445935865,0.44315553060078605,0.5403726708074534,0.44315553060078605,,,,,False
weka,mlp,anneal,multiclass,classification,defaults,42,,ok,718,180,38,6,32,84,5.0,openml-schema,100,0,False,14.947,0.0112,,3.9.6,"Weka updates weights per instance (online backprop); scikit-learn's SGD uses mini-batches. Same architecture and learning rate, different optimizer schedule and different divergence handling — the least matchable row in the table.",17.7238,19.3756,301.9,1.0,1.0,1.0,1.0,1.0,,,,True,False
weka,mlp,anneal,multiclass,classification,matched,42,,ok,718,180,38,6,32,84,5.0,openml-schema,100,0,False,23.474,0.014,-H 100 -N 300 -L 0.05 -M 0.2 -D -I -C -S 42,3.9.6,"Weka updates weights per instance (online backprop); scikit-learn's SGD uses mini-batches. Same architecture and learning rate, different optimizer schedule and different divergence handling — the least matchable row in the table.",25.6107,27.1936,295.8,0.8333333333333334,0.3999601275917065,0.38923076923076927,0.5640718562874252,0.38923076923076927,,,,True,False
sklearn,naive_bayes,anneal,multiclass,classification,defaults,42,,ok,718,180,38,6,32,84,5.0,openml-schema,100,0,False,0.0072,0.0005,{'alpha': 1.0},1.8.0,All three use add-one (Laplace) smoothing on discrete attributes.,1.2197,1.2123,181.8,0.9,0.876046511627907,0.9651824817518249,0.8550137741046833,0.9651824817518249,,,,,False
sklearn,naive_bayes,anneal,multiclass,classification,matched,42,,ok,718,180,38,6,32,84,5.0,openml-schema,100,0,False,0.0076,0.0006,{'alpha': 1.0},1.8.0,All three use add-one (Laplace) smoothing on discrete attributes.,1.3018,1.2911,181.1,0.9,0.876046511627907,0.9651824817518249,0.8550137741046833,0.9651824817518249,,,,,False
tuiml,naive_bayes,anneal,multiclass,classification,defaults,42,,ok,718,180,38,6,32,84,5.0,openml-schema,100,0,False,0.0039,0.0007,{'alpha': 1.0},0.1.6,All three use add-one (Laplace) smoothing on discrete attributes.,0.1509,0.1505,290.4,0.9,0.876046511627907,0.9651824817518249,0.8550137741046833,0.9651824817518249,,,,,False
tuiml,naive_bayes,anneal,multiclass,classification,matched,42,,ok,718,180,38,6,32,84,5.0,openml-schema,100,0,False,0.0049,0.0009,{'alpha': 1.0},0.1.6,All three use add-one (Laplace) smoothing on discrete attributes.,0.2464,0.2458,290.4,0.9,0.876046511627907,0.9651824817518249,0.8550137741046833,0.9651824817518249,,,,,False
weka,naive_bayes,anneal,multiclass,classification,defaults,42,,ok,718,180,38,6,32,84,5.0,openml-schema,100,0,False,0.0072,0.0146,,3.9.6,All three use add-one (Laplace) smoothing on discrete attributes.,2.9639,3.8934,301.4,0.9,0.876046511627907,0.9651824817518249,0.8550137741046833,0.9651824817518249,,,,True,False
weka,naive_bayes,anneal,multiclass,classification,matched,42,,ok,718,180,38,6,32,84,5.0,openml-schema,100,0,False,0.0086,0.015,,3.9.6,All three use add-one (Laplace) smoothing on discrete attributes.,2.9002,3.9765,298.8,0.9,0.876046511627907,0.9651824817518249,0.8550137741046833,0.9651824817518249,,,,True,False
sklearn,random_forest,anneal,multiclass,classification,defaults,42,,ok,718,180,38,6,32,84,5.0,openml-schema,100,0,False,0.1658,0.0106,"{'n_estimators': 100, 'random_state': 42}",1.8.0,"sqrt(p) is evaluated on each library's own representation: Weka splits on intact nominal attributes, scikit-learn/TuiML on one-hot columns.",1.3992,1.3946,185.5,1.0,1.0,1.0,1.0,1.0,,,,,False
sklearn,random_forest,anneal,multiclass,classification,matched,42,,ok,718,180,38,6,32,84,5.0,openml-schema,100,0,False,0.1596,0.0101,"{'n_estimators': 100, 'max_features': 'sqrt', 'min_samples_leaf': 1, 'bootstrap': True, 'random_state': 42}",1.8.0,"sqrt(p) is evaluated on each library's own representation: Weka splits on intact nominal attributes, scikit-learn/TuiML on one-hot columns.",1.3662,1.3603,186.6,1.0,1.0,1.0,1.0,1.0,,,,,False
tuiml,random_forest,anneal,multiclass,classification,defaults,42,,ok,718,180,38,6,32,84,5.0,openml-schema,100,0,False,0.5859,0.0061,{'n_estimators': 100},0.1.6,"sqrt(p) is evaluated on each library's own representation: Weka splits on intact nominal attributes, scikit-learn/TuiML on one-hot columns.",0.8122,0.8866,319.2,1.0,1.0,1.0,1.0,1.0,,,,,False
tuiml,random_forest,anneal,multiclass,classification,matched,42,,ok,718,180,38,6,32,84,5.0,openml-schema,100,0,False,0.5085,0.0052,"{'n_estimators': 100, 'max_features': 'sqrt', 'min_samples_leaf': 1, 'bootstrap': True, 'random_state': 42}",0.1.6,"sqrt(p) is evaluated on each library's own representation: Weka splits on intact nominal attributes, scikit-learn/TuiML on one-hot columns.",0.6745,0.7372,319.9,1.0,1.0,1.0,1.0,1.0,,,,,False
weka,random_forest,anneal,multiclass,classification,defaults,42,,ok,718,180,38,6,32,84,5.0,openml-schema,100,0,False,0.3083,0.0374,-I 100,3.9.6,"sqrt(p) is evaluated on each library's own representation: Weka splits on intact nominal attributes, scikit-learn/TuiML on one-hot columns.",3.0092,4.5068,312.5,1.0,1.0,1.0,1.0,1.0,,,,True,False
weka,random_forest,anneal,multiclass,classification,matched,42,,ok,718,180,38,6,32,84,5.0,openml-schema,100,0,False,0.2878,0.0493,-I 100 -K 6 -depth 0 -M 1 -P 100 -S 42,3.9.6,"sqrt(p) is evaluated on each library's own representation: Weka splits on intact nominal attributes, scikit-learn/TuiML on one-hot columns.",3.2929,4.834,319.9,1.0,1.0,1.0,1.0,1.0,,,,True,False
sklearn,svm,anneal,multiclass,classification,defaults,42,,ok,718,180,38,6,32,84,5.0,openml-schema,100,0,False,0.0162,0.0048,{},1.8.0,Both use one-vs-one for multiclass. Optimizer tolerances differ (SMO -T 1e-3 / -P 1e-12 vs libsvm tol 1e-3).,1.3166,1.2961,181.9,0.9777777777777777,0.7749610389610389,0.7735401459854014,0.7789196310935441,0.7735401459854014,,,,,False
sklearn,svm,anneal,multiclass,classification,matched,42,,ok,718,180,38,6,32,84,5.0,openml-schema,100,0,False,0.0159,0.0044,"{'C': 1.0, 'kernel': 'rbf', 'gamma': 0.03874538745387455}",1.8.0,Both use one-vs-one for multiclass. Optimizer tolerances differ (SMO -T 1e-3 / -P 1e-12 vs libsvm tol 1e-3).,1.2769,1.2608,182.8,0.9777777777777777,0.7749610389610389,0.7735401459854014,0.7789196310935441,0.7735401459854014,,,,,False
tuiml,svm,anneal,multiclass,classification,defaults,42,,ok,718,180,38,6,32,84,5.0,openml-schema,100,0,False,0.0279,0.0074,{},0.1.6,Both use one-vs-one for multiclass. Optimizer tolerances differ (SMO -T 1e-3 / -P 1e-12 vs libsvm tol 1e-3).,0.2202,0.2202,291.9,0.9777777777777777,0.7749610389610389,0.7735401459854014,0.7789196310935441,0.7735401459854014,,,,,False
tuiml,svm,anneal,multiclass,classification,matched,42,,ok,718,180,38,6,32,84,5.0,openml-schema,100,0,False,0.0262,0.007,"{'C': 1.0, 'kernel': 'rbf', 'gamma': 0.03874538745387455}",0.1.6,Both use one-vs-one for multiclass. Optimizer tolerances differ (SMO -T 1e-3 / -P 1e-12 vs libsvm tol 1e-3).,0.1736,0.1734,290.3,0.9777777777777777,0.7749610389610389,0.7735401459854014,0.7789196310935441,0.7735401459854014,,,,,False
weka,svm,anneal,multiclass,classification,defaults,42,,ok,718,180,38,6,32,84,5.0,openml-schema,100,0,False,0.2488,0.0173,,3.9.6,Both use one-vs-one for multiclass. Optimizer tolerances differ (SMO -T 1e-3 / -P 1e-12 vs libsvm tol 1e-3).,2.7995,4.3918,435.3,0.9722222222222222,0.9343427304402914,0.922080291970803,0.9527950310559007,0.922080291970803,,,,True,False
weka,svm,anneal,multiclass,classification,matched,42,,ok,718,180,38,6,32,84,5.0,openml-schema,100,0,False,0.3659,0.0221,-N 2 -C 1.0 -K weka.classifiers.functions.supportVector.RBFKernel -G 0.03874538745,3.9.6,Both use one-vs-one for multiclass. Optimizer tolerances differ (SMO -T 1e-3 / -P 1e-12 vs libsvm tol 1e-3).,2.7964,4.1352,440.0,0.9777777777777777,0.7749610389610389,0.7735401459854014,0.7789196310935441,0.7735401459854014,,,,True,False
sklearn,decision_tree,hiva_agnostic,multiclass,classification,defaults,42,,ok,3076,769,1617,0,1617,3234,3.0,openml-schema,100,0,False,2.8983,0.0091,{'random_state': 42},1.8.0,"C4.5 vs CART: even matched, J48 splits on gain ratio while scikit-learn/TuiML use information gain. Related algorithms, not identical ones.",9.1351,9.1252,457.1,0.9323797139141743,0.3398881011827741,0.33919704922684074,0.34060578797420904,0.33919704922684074,,,,,False
sklearn,decision_tree,hiva_agnostic,multiclass,classification,matched,42,,ok,3076,769,1617,0,1617,3234,3.0,openml-schema,100,0,False,1.6007,0.0108,"{'criterion': 'entropy', 'min_samples_leaf': 1, 'random_state': 42}",1.8.0,"C4.5 vs CART: even matched, J48 splits on gain ratio while scikit-learn/TuiML use information gain. Related algorithms, not identical ones.",8.4935,8.4662,456.4,0.9258777633289987,0.3211547135769057,0.31985624438454624,0.322463768115942,0.31985624438454624,,,,,False
tuiml,decision_tree,hiva_agnostic,multiclass,classification,defaults,42,,ok,3076,769,1617,0,1617,3234,3.0,openml-schema,100,0,False,13.857,0.0222,{},0.1.6,"C4.5 vs CART: even matched, J48 splits on gain ratio while scikit-learn/TuiML use information gain. Related algorithms, not identical ones.",20.5492,20.5378,565.8,0.929778933680104,0.3382816014394962,0.33829857663025487,0.3382882882882883,0.33829857663025487,,,,,False
tuiml,decision_tree,hiva_agnostic,multiclass,classification,matched,42,,ok,3076,769,1617,0,1617,3234,3.0,openml-schema,100,0,False,5.0608,0.0103,"{'criterion': 'entropy', 'min_samples_leaf': 1, 'random_state': 42}",0.1.6,"C4.5 vs CART: even matched, J48 splits on gain ratio while scikit-learn/TuiML use information gain. Related algorithms, not identical ones.",10.2149,10.2143,565.4,0.9219765929778934,0.3202348690153568,0.31850853548966757,0.32198001816530425,0.31850853548966757,,,,,False
weka,decision_tree,hiva_agnostic,multiclass,classification,defaults,42,,ok,3076,769,1617,0,1617,3234,3.0,openml-schema,100,0,False,7.3207,0.0104,,3.9.6,"C4.5 vs CART: even matched, J48 splits on gain ratio while scikit-learn/TuiML use information gain. Related algorithms, not identical ones.",35.7912,38.9029,1142.3,0.9648894668400521,0.3273770130156629,0.3333333333333333,0.32162982228001735,0.3333333333333333,,,,True,False
weka,decision_tree,hiva_agnostic,multiclass,classification,matched,42,,ok,3076,769,1617,0,1617,3234,3.0,openml-schema,100,0,False,6.5363,0.0188,-U -B -M 1,3.9.6,"C4.5 vs CART: even matched, J48 splits on gain ratio while scikit-learn/TuiML use information gain. Related algorithms, not identical ones.",36.4216,39.2728,1140.0,0.9284785435630689,0.3544880469102391,0.35494396368279185,0.35420979986197376,0.35494396368279185,,,,True,False
sklearn,knn,hiva_agnostic,multiclass,classification,defaults,42,,ok,3076,769,1617,0,1617,3234,3.0,openml-schema,100,0,False,0.0144,0.5155,{'n_neighbors': 5},1.8.0,Nominal attributes contribute a distance of 1 per mismatch in Weka but sqrt(2) across the corresponding one-hot columns. Neighbour-search structure is left to each library.,7.2346,7.2133,444.9,0.9648894668400521,0.3273770130156629,0.3333333333333333,0.32162982228001735,0.3333333333333333,,,,,False
sklearn,knn,hiva_agnostic,multiclass,classification,matched,42,,ok,3076,769,1617,0,1617,3234,3.0,openml-schema,100,0,False,0.0126,0.5388,"{'n_neighbors': 5, 'weights': 'uniform'}",1.8.0,Nominal attributes contribute a distance of 1 per mismatch in Weka but sqrt(2) across the corresponding one-hot columns. Neighbour-search structure is left to each library.,7.6713,7.636,455.9,0.9648894668400521,0.3273770130156629,0.3333333333333333,0.32162982228001735,0.3333333333333333,,,,,False
tuiml,knn,hiva_agnostic,multiclass,classification,defaults,42,,ok,3076,769,1617,0,1617,3234,3.0,openml-schema,100,0,False,0.0003,15.7049,{'k': 5},0.1.6,Nominal attributes contribute a distance of 1 per mismatch in Weka but sqrt(2) across the corresponding one-hot columns. Neighbour-search structure is left to each library.,21.1017,21.0958,555.9,0.9648894668400521,0.3273770130156629,0.3333333333333333,0.32162982228001735,0.3333333333333333,,,,,False
tuiml,knn,hiva_agnostic,multiclass,classification,matched,42,,ok,3076,769,1617,0,1617,3234,3.0,openml-schema,100,0,False,0.0003,13.392,"{'k': 5, 'distance_weighting': 'uniform'}",0.1.6,Nominal attributes contribute a distance of 1 per mismatch in Weka but sqrt(2) across the corresponding one-hot columns. Neighbour-search structure is left to each library.,18.7224,18.7131,553.9,0.9648894668400521,0.3273770130156629,0.3333333333333333,0.32162982228001735,0.3333333333333333,,,,,False
weka,knn,hiva_agnostic,multiclass,classification,defaults,42,,ok,3076,769,1617,0,1617,3234,3.0,openml-schema,100,0,False,0.0123,16.9854,-K 5,3.9.6,Nominal attributes contribute a distance of 1 per mismatch in Weka but sqrt(2) across the corresponding one-hot columns. Neighbour-search structure is left to each library.,48.1864,51.2573,1148.1,0.9648894668400521,0.3273770130156629,0.3333333333333333,0.32162982228001735,0.3333333333333333,,,,True,False
weka,knn,hiva_agnostic,multiclass,classification,matched,42,,ok,3076,769,1617,0,1617,3234,3.0,openml-schema,100,0,False,0.0108,15.8134,"-K 5 -A weka.core.neighboursearch.LinearNNSearch -A ""weka.core.EuclideanDistance -R first-last -D""",3.9.6,Nominal attributes contribute a distance of 1 per mismatch in Weka but sqrt(2) across the corresponding one-hot columns. Neighbour-search structure is left to each library.,45.6707,48.8489,1157.6,0.9648894668400521,0.3273770130156629,0.3333333333333333,0.32162982228001735,0.3333333333333333,,,,True,False
sklearn,logistic,hiva_agnostic,multiclass,classification,defaults,42,,ok,3076,769,1617,0,1617,3234,3.0,openml-schema,100,0,False,12.4744,0.008,{'max_iter': 1000},1.8.0,Ridge 0.5 in Weka/TuiML corresponds to scikit-learn's C=1.0.,18.527,18.5059,451.9,0.953185955786736,0.3253439857967155,0.3292902066486972,0.32149122807017544,0.3292902066486972,,,,,False
sklearn,logistic,hiva_agnostic,multiclass,classification,matched,42,,ok,3076,769,1617,0,1617,3234,3.0,openml-schema,100,0,False,18.9109,0.011,"{'C': 1.0, 'max_iter': 1000}",1.8.0,Ridge 0.5 in Weka/TuiML corresponds to scikit-learn's C=1.0.,26.4654,26.4238,456.2,0.953185955786736,0.3253439857967155,0.3292902066486972,0.32149122807017544,0.3292902066486972,,,,,False
tuiml,logistic,hiva_agnostic,multiclass,classification,defaults,42,,ok,3076,769,1617,0,1617,3234,3.0,openml-schema,100,0,False,4.1334,0.0323,{},0.1.6,Ridge 0.5 in Weka/TuiML corresponds to scikit-learn's C=1.0.,9.8606,9.8142,629.8,0.9375812743823146,0.3225950782997763,0.3238993710691824,0.321301247771836,0.3238993710691824,,,,,False
tuiml,logistic,hiva_agnostic,multiclass,classification,matched,42,,ok,3076,769,1617,0,1617,3234,3.0,openml-schema,100,0,False,1.5883,0.0222,"{'ridge': 0.5, 'max_iter': 1000}",0.1.6,Ridge 0.5 in Weka/TuiML corresponds to scikit-learn's C=1.0.,7.1797,7.1642,631.6,0.9648894668400521,0.3273770130156629,0.3333333333333333,0.32162982228001735,0.3333333333333333,,,,,False
weka,logistic,hiva_agnostic,multiclass,classification,defaults,42,,ok,3076,769,1617,0,1617,3234,3.0,openml-schema,100,0,False,62.2701,0.0596,,3.9.6,Ridge 0.5 in Weka/TuiML corresponds to scikit-learn's C=1.0.,90.2479,96.502,1316.4,0.8387516254876463,0.3043170559094126,0.28975741239892183,0.3204172876304024,0.28975741239892183,,,,True,False
weka,logistic,hiva_agnostic,multiclass,classification,matched,42,,ok,3076,769,1617,0,1617,3234,3.0,openml-schema,100,0,False,184.2436,0.0468,-R 0.5 -M 1000,3.9.6,Ridge 0.5 in Weka/TuiML corresponds to scikit-learn's C=1.0.,212.2528,224.1606,1365.6,0.94148244473342,0.3232864478678276,0.3252470799640611,0.32134931202840655,0.3252470799640611,,,,True,False
sklearn,mlp,hiva_agnostic,multiclass,classification,defaults,42,,ok,3076,769,1617,0,1617,3234,3.0,openml-schema,100,0,False,40.0578,0.0267,"{'max_iter': 300, 'random_state': 42}",1.8.0,"Weka updates weights per instance (online backprop); scikit-learn's SGD uses mini-batches. Same architecture and learning rate, different optimizer schedule and different divergence handling — the least matchable row in the table.",46.4353,46.4177,447.5,0.9557867360208062,0.3257978723404255,0.330188679245283,0.3215223097112861,0.330188679245283,,,,,False
sklearn,mlp,hiva_agnostic,multiclass,classification,matched,42,,ok,3076,769,1617,0,1617,3234,3.0,openml-schema,100,0,False,85.9126,0.0218,"{'hidden_layer_sizes': (100,), 'max_iter': 300, 'solver': 'sgd', 'learning_rate': 'adaptive', 'learning_rate_init': 0.05, 'momentum': 0.2, 'activation': 'logistic', 'random_state': 42}",1.8.0,"Weka updates weights per instance (online backprop); scikit-learn's SGD uses mini-batches. Same architecture and learning rate, different optimizer schedule and different divergence handling — the least matchable row in the table.",92.5959,92.4693,455.7,0.9648894668400521,0.3273770130156629,0.3333333333333333,0.32162982228001735,0.3333333333333333,,,,,False
tuiml,mlp,hiva_agnostic,multiclass,classification,defaults,42,,ok,3076,769,1617,0,1617,3234,3.0,openml-schema,100,0,False,73.2085,0.0333,{},0.1.6,"Weka updates weights per instance (online backprop); scikit-learn's SGD uses mini-batches. Same architecture and learning rate, different optimizer schedule and different divergence handling — the least matchable row in the table.",78.432,78.3582,632.7,0.9557867360208062,0.3260146373918829,0.330188679245283,0.3219448094612352,0.330188679245283,,,,,False
tuiml,mlp,hiva_agnostic,multiclass,classification,matched,42,,ok,3076,769,1617,0,1617,3234,3.0,openml-schema,100,0,False,54.3779,0.0451,"{'hidden_layers': [100], 'max_epochs': 300, 'learning_rate': 0.05, 'momentum': 0.2, 'decay': True, 'activation': 'sigmoid', 'random_state': 42}",0.1.6,"Weka updates weights per instance (online backprop); scikit-learn's SGD uses mini-batches. Same architecture and learning rate, different optimizer schedule and different divergence handling — the least matchable row in the table.",60.5084,60.4059,630.8,0.9648894668400521,0.3273770130156629,0.3333333333333333,0.32162982228001735,0.3333333333333333,,,,,False
weka,mlp,hiva_agnostic,multiclass,classification,matched,42,,ok,3076,769,1617,0,1617,3234,3.0,openml-schema,100,0,False,1970.5395,0.7052,-H 100 -N 300 -L 0.05 -M 0.2 -D -I -C -S 42,3.9.6,"Weka updates weights per instance (online backprop); scikit-learn's SGD uses mini-batches. Same architecture and learning rate, different optimizer schedule and different divergence handling — the least matchable row in the table.",2000.316,2006.7606,1145.4,0.9648894668400521,0.3273770130156629,0.3333333333333333,0.32162982228001735,0.3333333333333333,,,,True,False
sklearn,naive_bayes,hiva_agnostic,multiclass,classification,defaults,42,,ok,3076,769,1617,0,1617,3234,3.0,openml-schema,100,0,False,0.2489,0.0602,{'alpha': 1.0},1.8.0,All three use add-one (Laplace) smoothing on discrete attributes.,6.4193,6.3989,419.8,0.7321196358907672,0.30211374976949207,0.32832671300893745,0.3340908402266461,0.32832671300893745,,,,,False
sklearn,naive_bayes,hiva_agnostic,multiclass,classification,matched,42,,ok,3076,769,1617,0,1617,3234,3.0,openml-schema,100,0,False,0.2619,0.062,{'alpha': 1.0},1.8.0,All three use add-one (Laplace) smoothing on discrete attributes.,7.1742,7.1132,418.3,0.7321196358907672,0.30211374976949207,0.32832671300893745,0.3340908402266461,0.32832671300893745,,,,,False
tuiml,naive_bayes,hiva_agnostic,multiclass,classification,defaults,42,,ok,3076,769,1617,0,1617,3234,3.0,openml-schema,100,0,False,0.273,0.0526,{'alpha': 1.0},0.1.6,All three use add-one (Laplace) smoothing on discrete attributes.,5.5815,5.5502,527.2,0.7321196358907672,0.30211374976949207,0.32832671300893745,0.3340908402266461,0.32832671300893745,,,,,False
tuiml,naive_bayes,hiva_agnostic,multiclass,classification,matched,42,,ok,3076,769,1617,0,1617,3234,3.0,openml-schema,100,0,False,0.2528,0.0514,{'alpha': 1.0},0.1.6,All three use add-one (Laplace) smoothing on discrete attributes.,5.1374,5.1205,528.8,0.7321196358907672,0.30211374976949207,0.32832671300893745,0.3340908402266461,0.32832671300893745,,,,,False
weka,naive_bayes,hiva_agnostic,multiclass,classification,defaults,42,,ok,3076,769,1617,0,1617,3234,3.0,openml-schema,100,0,False,0.1144,0.1986,,3.9.6,All three use add-one (Laplace) smoothing on discrete attributes.,30.8654,33.4632,1139.3,0.7321196358907672,0.30211374976949207,0.32832671300893745,0.3340908402266461,0.32832671300893745,,,,True,False
weka,naive_bayes,hiva_agnostic,multiclass,classification,matched,42,,ok,3076,769,1617,0,1617,3234,3.0,openml-schema,100,0,False,0.1161,0.2082,,3.9.6,All three use add-one (Laplace) smoothing on discrete attributes.,30.2276,32.1897,1134.0,0.7321196358907672,0.30211374976949207,0.32832671300893745,0.3340908402266461,0.32832671300893745,,,,True,False
sklearn,random_forest,hiva_agnostic,multiclass,classification,defaults,42,,ok,3076,769,1617,0,1617,3234,3.0,openml-schema,100,0,False,2.6124,0.0577,"{'n_estimators': 100, 'random_state': 42}",1.8.0,"sqrt(p) is evaluated on each library's own representation: Weka splits on intact nominal attributes, scikit-learn/TuiML on one-hot columns.",8.6533,8.6425,452.1,0.9635890767230169,0.3271523178807947,0.33288409703504046,0.3216145833333333,0.33288409703504046,,,,,False
sklearn,random_forest,hiva_agnostic,multiclass,classification,matched,42,,ok,3076,769,1617,0,1617,3234,3.0,openml-schema,100,0,False,2.8025,0.0535,"{'n_estimators': 100, 'max_features': 'sqrt', 'min_samples_leaf': 1, 'bootstrap': True, 'random_state': 42}",1.8.0,"sqrt(p) is evaluated on each library's own representation: Weka splits on intact nominal attributes, scikit-learn/TuiML on one-hot columns.",9.1003,9.0828,457.2,0.9635890767230169,0.3271523178807947,0.33288409703504046,0.3216145833333333,0.33288409703504046,,,,,False
tuiml,random_forest,hiva_agnostic,multiclass,classification,defaults,42,,ok,3076,769,1617,0,1617,3234,3.0,openml-schema,100,0,False,113.8927,0.0813,{'n_estimators': 100},0.1.6,"sqrt(p) is evaluated on each library's own representation: Weka splits on intact nominal attributes, scikit-learn/TuiML on one-hot columns.",119.0232,133.0031,2012.7,0.9648894668400521,0.3273770130156629,0.3333333333333333,0.32162982228001735,0.3333333333333333,,,,,False
tuiml,random_forest,hiva_agnostic,multiclass,classification,matched,42,,ok,3076,769,1617,0,1617,3234,3.0,openml-schema,100,0,False,115.3614,0.1183,"{'n_estimators': 100, 'max_features': 'sqrt', 'min_samples_leaf': 1, 'bootstrap': True, 'random_state': 42}",0.1.6,"sqrt(p) is evaluated on each library's own representation: Weka splits on intact nominal attributes, scikit-learn/TuiML on one-hot columns.",121.5291,137.0349,2021.0,0.9648894668400521,0.3273770130156629,0.3333333333333333,0.32162982228001735,0.3333333333333333,,,,,False
weka,random_forest,hiva_agnostic,multiclass,classification,defaults,42,,ok,3076,769,1617,0,1617,3234,3.0,openml-schema,100,0,False,5.0981,0.2665,-I 100,3.9.6,"sqrt(p) is evaluated on each library's own representation: Weka splits on intact nominal attributes, scikit-learn/TuiML on one-hot columns.",35.4959,38.761,1140.5,0.9648894668400521,0.3273770130156629,0.3333333333333333,0.32162982228001735,0.3333333333333333,,,,True,False
weka,random_forest,hiva_agnostic,multiclass,classification,matched,42,,ok,3076,769,1617,0,1617,3234,3.0,openml-schema,100,0,False,8.0191,0.1424,-I 100 -K 40 -depth 0 -M 1 -P 100 -S 42,3.9.6,"sqrt(p) is evaluated on each library's own representation: Weka splits on intact nominal attributes, scikit-learn/TuiML on one-hot columns.",37.9867,41.534,1161.3,0.9648894668400521,0.3273770130156629,0.3333333333333333,0.32162982228001735,0.3333333333333333,,,,True,False
sklearn,svm,hiva_agnostic,multiclass,classification,defaults,42,,ok,3076,769,1617,0,1617,3234,3.0,openml-schema,100,0,False,16.5291,3.3381,{},1.8.0,Both use one-vs-one for multiclass. Optimizer tolerances differ (SMO -T 1e-3 / -P 1e-12 vs libsvm tol 1e-3).,27.4134,27.3302,458.6,0.9648894668400521,0.3273770130156629,0.3333333333333333,0.32162982228001735,0.3333333333333333,,,,,False
sklearn,svm,hiva_agnostic,multiclass,classification,matched,42,,ok,3076,769,1617,0,1617,3234,3.0,openml-schema,100,0,False,15.1676,3.2828,"{'C': 1.0, 'kernel': 'rbf', 'gamma': 0.0012368583797155227}",1.8.0,Both use one-vs-one for multiclass. Optimizer tolerances differ (SMO -T 1e-3 / -P 1e-12 vs libsvm tol 1e-3).,25.438,25.3978,457.6,0.9648894668400521,0.3273770130156629,0.3333333333333333,0.32162982228001735,0.3333333333333333,,,,,False
tuiml,svm,hiva_agnostic,multiclass,classification,defaults,42,,ok,3076,769,1617,0,1617,3234,3.0,openml-schema,100,0,False,18.0262,5.0374,{},0.1.6,Both use one-vs-one for multiclass. Optimizer tolerances differ (SMO -T 1e-3 / -P 1e-12 vs libsvm tol 1e-3).,27.9697,27.9497,554.3,0.9648894668400521,0.3273770130156629,0.3333333333333333,0.32162982228001735,0.3333333333333333,,,,,False
tuiml,svm,hiva_agnostic,multiclass,classification,matched,42,,ok,3076,769,1617,0,1617,3234,3.0,openml-schema,100,0,False,19.771,5.2281,"{'C': 1.0, 'kernel': 'rbf', 'gamma': 0.0012368583797155227}",0.1.6,Both use one-vs-one for multiclass. Optimizer tolerances differ (SMO -T 1e-3 / -P 1e-12 vs libsvm tol 1e-3).,30.3228,30.2937,555.9,0.9648894668400521,0.3273770130156629,0.3333333333333333,0.32162982228001735,0.3333333333333333,,,,,False
weka,svm,hiva_agnostic,multiclass,classification,defaults,42,,ok,3076,769,1617,0,1617,3234,3.0,openml-schema,100,0,False,17.8011,0.0597,,3.9.6,Both use one-vs-one for multiclass. Optimizer tolerances differ (SMO -T 1e-3 / -P 1e-12 vs libsvm tol 1e-3).,47.8119,53.0182,1146.2,0.9219765929778934,0.31980153360396935,0.31850853548966757,0.3211050724637681,0.31850853548966757,,,,True,False
weka,svm,hiva_agnostic,multiclass,classification,matched,42,,ok,3076,769,1617,0,1617,3234,3.0,openml-schema,100,0,False,38.7052,4.6214,-N 2 -C 1.0 -K weka.classifiers.functions.supportVector.RBFKernel -G 0.00123685838,3.9.6,Both use one-vs-one for multiclass. Optimizer tolerances differ (SMO -T 1e-3 / -P 1e-12 vs libsvm tol 1e-3).,73.5731,77.3543,1228.7,0.9648894668400521,0.3273770130156629,0.3333333333333333,0.32162982228001735,0.3333333333333333,,,,True,False
sklearn,decision_tree,maternal_health_risk,multiclass,classification,defaults,42,,ok,811,203,6,6,0,6,3.0,openml-schema,100,0,False,0.003,0.0002,{'random_state': 42},1.8.0,"C4.5 vs CART: even matched, J48 splits on gain ratio while scikit-learn/TuiML use information gain. Related algorithms, not identical ones.",1.2237,1.2143,182.0,0.8374384236453202,0.8381686203772093,0.8387668838746783,0.8377579737335834,0.8387668838746783,,,,,False
sklearn,decision_tree,maternal_health_risk,multiclass,classification,matched,42,,ok,811,203,6,6,0,6,3.0,openml-schema,100,0,False,0.0048,0.0003,"{'criterion': 'entropy', 'min_samples_leaf': 1, 'random_state': 42}",1.8.0,"C4.5 vs CART: even matched, J48 splits on gain ratio while scikit-learn/TuiML use information gain. Related algorithms, not identical ones.",1.4834,1.4739,179.0,0.8423645320197044,0.8443767365842669,0.8428821102121269,0.8465255083514888,0.8428821102121269,,,,,False
tuiml,decision_tree,maternal_health_risk,multiclass,classification,defaults,42,,ok,811,203,6,6,0,6,3.0,openml-schema,100,0,False,0.005,0.0029,{},0.1.6,"C4.5 vs CART: even matched, J48 splits on gain ratio while scikit-learn/TuiML use information gain. Related algorithms, not identical ones.",0.0878,0.0878,288.4,0.8472906403940886,0.849674350149405,0.8487171326308971,0.8507035733707253,0.8487171326308971,,,,,False
tuiml,decision_tree,maternal_health_risk,multiclass,classification,matched,42,,ok,811,203,6,6,0,6,3.0,openml-schema,100,0,False,0.0053,0.0021,"{'criterion': 'entropy', 'min_samples_leaf': 1, 'random_state': 42}",0.1.6,"C4.5 vs CART: even matched, J48 splits on gain ratio while scikit-learn/TuiML use information gain. Related algorithms, not identical ones.",0.0995,0.0993,286.2,0.8522167487684729,0.8539762361823108,0.8528323589683456,0.8552864657282327,0.8528323589683456,,,,,False
weka,decision_tree,maternal_health_risk,multiclass,classification,defaults,42,,ok,811,203,6,6,0,6,3.0,openml-schema,100,0,False,0.0974,0.0046,,3.9.6,"C4.5 vs CART: even matched, J48 splits on gain ratio while scikit-learn/TuiML use information gain. Related algorithms, not identical ones.",3.0358,4.1209,300.7,0.7536945812807881,0.7515346987045101,0.7571781943257897,0.7484146677695064,0.7571781943257897,,,,True,False
weka,decision_tree,maternal_health_risk,multiclass,classification,matched,42,,ok,811,203,6,6,0,6,3.0,openml-schema,100,0,False,0.0896,0.0043,-U -B -M 1,3.9.6,"C4.5 vs CART: even matched, J48 splits on gain ratio while scikit-learn/TuiML use information gain. Related algorithms, not identical ones.",2.1906,3.2641,296.1,0.8374384236453202,0.837472177073741,0.8376814021921817,0.8376721170395869,0.8376814021921817,,,,True,False
sklearn,knn,maternal_health_risk,multiclass,classification,defaults,42,,ok,811,203,6,6,0,6,3.0,openml-schema,100,0,False,0.0014,0.0028,{'n_neighbors': 5},1.8.0,Nominal attributes contribute a distance of 1 per mismatch in Weka but sqrt(2) across the corresponding one-hot columns. Neighbour-search structure is left to each library.,1.1886,1.179,180.0,0.6945812807881774,0.6914421876992586,0.6898783300110001,0.6956330857970202,0.6898783300110001,,,,,False
sklearn,knn,maternal_health_risk,multiclass,classification,matched,42,,ok,811,203,6,6,0,6,3.0,openml-schema,100,0,False,0.0014,0.0038,"{'n_neighbors': 5, 'weights': 'uniform'}",1.8.0,Nominal attributes contribute a distance of 1 per mismatch in Weka but sqrt(2) across the corresponding one-hot columns. Neighbour-search structure is left to each library.,1.1631,1.1556,181.0,0.6945812807881774,0.6914421876992586,0.6898783300110001,0.6956330857970202,0.6898783300110001,,,,,False
tuiml,knn,maternal_health_risk,multiclass,classification,defaults,42,,ok,811,203,6,6,0,6,3.0,openml-schema,100,0,False,0.0001,0.0021,{'k': 5},0.1.6,Nominal attributes contribute a distance of 1 per mismatch in Weka but sqrt(2) across the corresponding one-hot columns. Neighbour-search structure is left to each library.,0.0963,0.0963,289.0,0.7093596059113301,0.7068511352813095,0.70199842538151,0.7170698924731184,0.70199842538151,,,,,False
tuiml,knn,maternal_health_risk,multiclass,classification,matched,42,,ok,811,203,6,6,0,6,3.0,openml-schema,100,0,False,0.0001,0.0021,"{'k': 5, 'distance_weighting': 'uniform'}",0.1.6,Nominal attributes contribute a distance of 1 per mismatch in Weka but sqrt(2) across the corresponding one-hot columns. Neighbour-search structure is left to each library.,0.1161,0.1161,289.0,0.7093596059113301,0.7068511352813095,0.70199842538151,0.7170698924731184,0.70199842538151,,,,,False
weka,knn,maternal_health_risk,multiclass,classification,defaults,42,,ok,811,203,6,6,0,6,3.0,openml-schema,100,0,False,0.0024,0.0544,-K 5,3.9.6,Nominal attributes contribute a distance of 1 per mismatch in Weka but sqrt(2) across the corresponding one-hot columns. Neighbour-search structure is left to each library.,2.4072,3.3255,298.3,0.6748768472906403,0.6776842352219304,0.6742773227018666,0.6819605788884436,0.6742773227018666,,,,True,False
weka,knn,maternal_health_risk,multiclass,classification,matched,42,,ok,811,203,6,6,0,6,3.0,openml-schema,100,0,False,0.0029,0.0526,"-K 5 -A weka.core.neighboursearch.LinearNNSearch -A ""weka.core.EuclideanDistance -R first-last -D""",3.9.6,Nominal attributes contribute a distance of 1 per mismatch in Weka but sqrt(2) across the corresponding one-hot columns. Neighbour-search structure is left to each library.,2.8169,3.8252,299.3,0.6748768472906403,0.6785721628477659,0.6751372207425276,0.6829245519345951,0.6751372207425276,,,,True,False
sklearn,logistic,maternal_health_risk,multiclass,classification,defaults,42,,ok,811,203,6,6,0,6,3.0,openml-schema,100,0,False,0.0065,0.0003,{'max_iter': 1000},1.8.0,Ridge 0.5 in Weka/TuiML corresponds to scikit-learn's C=1.0.,1.2082,1.1992,182.0,0.6403940886699507,0.6347089947089947,0.6338408965274637,0.6405793965620868,0.6338408965274637,,,,,False
sklearn,logistic,maternal_health_risk,multiclass,classification,matched,42,,ok,811,203,6,6,0,6,3.0,openml-schema,100,0,False,0.0061,0.0003,"{'C': 1.0, 'max_iter': 1000}",1.8.0,Ridge 0.5 in Weka/TuiML corresponds to scikit-learn's C=1.0.,1.172,1.163,182.0,0.6403940886699507,0.6347089947089947,0.6338408965274637,0.6405793965620868,0.6338408965274637,,,,,False
tuiml,logistic,maternal_health_risk,multiclass,classification,defaults,42,,ok,811,203,6,6,0,6,3.0,openml-schema,100,0,False,0.0148,0.0001,{},0.1.6,Ridge 0.5 in Weka/TuiML corresponds to scikit-learn's C=1.0.,0.1336,0.1335,290.0,0.6403940886699507,0.6347089947089947,0.6338408965274637,0.6405793965620868,0.6338408965274637,,,,,False
tuiml,logistic,maternal_health_risk,multiclass,classification,matched,42,,ok,811,203,6,6,0,6,3.0,openml-schema,100,0,False,0.01,0.0001,"{'ridge': 0.5, 'max_iter': 1000}",0.1.6,Ridge 0.5 in Weka/TuiML corresponds to scikit-learn's C=1.0.,0.1231,0.1232,290.0,0.5812807881773399,0.5223116940171765,0.5525570799202639,0.5911840225180219,0.5525570799202639,,,,,False
weka,logistic,maternal_health_risk,multiclass,classification,defaults,42,,ok,811,203,6,6,0,6,3.0,openml-schema,100,0,False,0.0548,0.0035,,3.9.6,Ridge 0.5 in Weka/TuiML corresponds to scikit-learn's C=1.0.,1.9124,2.8162,304.1,0.6403940886699507,0.6347089947089947,0.6338408965274637,0.6405793965620868,0.6338408965274637,,,,True,False
weka,logistic,maternal_health_risk,multiclass,classification,matched,42,,ok,811,203,6,6,0,6,3.0,openml-schema,100,0,False,0.0536,0.0041,-R 0.5 -M 1000,3.9.6,Ridge 0.5 in Weka/TuiML corresponds to scikit-learn's C=1.0.,1.9399,2.7924,302.0,0.6403940886699507,0.6347089947089947,0.6338408965274637,0.6405793965620868,0.6338408965274637,,,,True,False
sklearn,mlp,maternal_health_risk,multiclass,classification,defaults,42,,ok,811,203,6,6,0,6,3.0,openml-schema,100,0,False,0.777,0.0012,"{'max_iter': 300, 'random_state': 42}",1.8.0,"Weka updates weights per instance (online backprop); scikit-learn's SGD uses mini-batches. Same architecture and learning rate, different optimizer schedule and different divergence handling — the least matchable row in the table.",2.0952,2.0868,181.0,0.6847290640394089,0.6807765151515152,0.6818734609779386,0.6811209894307689,0.6818734609779386,,,,,False
sklearn,mlp,maternal_health_risk,multiclass,classification,matched,42,,ok,811,203,6,6,0,6,3.0,openml-schema,100,0,False,0.6928,0.0014,"{'hidden_layer_sizes': (100,), 'max_iter': 300, 'solver': 'sgd', 'learning_rate': 'adaptive', 'learning_rate_init': 0.05, 'momentum': 0.2, 'activation': 'logistic', 'random_state': 42}",1.8.0,"Weka updates weights per instance (online backprop); scikit-learn's SGD uses mini-batches. Same architecture and learning rate, different optimizer schedule and different divergence handling — the least matchable row in the table.",1.9666,1.9431,181.0,0.6699507389162561,0.6484599532919278,0.6570380421126689,0.6636930048145002,0.6570380421126689,,,,,False
tuiml,mlp,maternal_health_risk,multiclass,classification,defaults,42,,ok,811,203,6,6,0,6,3.0,openml-schema,100,0,False,0.4397,0.0002,{},0.1.6,"Weka updates weights per instance (online backprop); scikit-learn's SGD uses mini-batches. Same architecture and learning rate, different optimizer schedule and different divergence handling — the least matchable row in the table.",0.5123,0.5122,291.9,0.6502463054187192,0.6457896349870196,0.6498528680949908,0.646772068511199,0.6498528680949908,,,,,False
tuiml,mlp,maternal_health_risk,multiclass,classification,matched,42,,ok,811,203,6,6,0,6,3.0,openml-schema,100,0,False,0.477,0.0006,"{'hidden_layers': [100], 'max_epochs': 300, 'learning_rate': 0.05, 'momentum': 0.2, 'decay': True, 'activation': 'sigmoid', 'random_state': 42}",0.1.6,"Weka updates weights per instance (online backprop); scikit-learn's SGD uses mini-batches. Same architecture and learning rate, different optimizer schedule and different divergence handling — the least matchable row in the table.",0.5517,0.5517,294.0,0.6157635467980296,0.5814429120930669,0.5921336080540059,0.6334077380952381,0.5921336080540059,,,,,False
weka,mlp,maternal_health_risk,multiclass,classification,defaults,42,,ok,811,203,6,6,0,6,3.0,openml-schema,100,0,False,0.4734,0.004,,3.9.6,"Weka updates weights per instance (online backprop); scikit-learn's SGD uses mini-batches. Same architecture and learning rate, different optimizer schedule and different divergence handling — the least matchable row in the table.",3.0955,4.3776,297.4,0.7339901477832512,0.7221983063970653,0.7265077530417497,0.7584304584304585,0.7265077530417497,,,,True,False
weka,mlp,maternal_health_risk,multiclass,classification,matched,42,,ok,811,203,6,6,0,6,3.0,openml-schema,100,0,False,4.0783,0.0063,-H 100 -N 300 -L 0.05 -M 0.2 -D -I -C -S 42,3.9.6,"Weka updates weights per instance (online backprop); scikit-learn's SGD uses mini-batches. Same architecture and learning rate, different optimizer schedule and different divergence handling — the least matchable row in the table.",6.568,7.6857,300.7,0.6108374384236454,0.5451326658223209,0.5949824390952085,0.5709036370453693,0.5949824390952085,,,,True,False
sklearn,naive_bayes,maternal_health_risk,multiclass,classification,defaults,42,,ok,811,203,6,6,0,6,3.0,openml-schema,100,0,False,0.0064,0.0002,{'alpha': 1.0},1.8.0,All three use add-one (Laplace) smoothing on discrete attributes.,1.3363,1.3248,181.0,0.6995073891625616,0.6963409820639924,0.6937679727066128,0.6999122036874451,0.6937679727066128,,,,,False
sklearn,naive_bayes,maternal_health_risk,multiclass,classification,matched,42,,ok,811,203,6,6,0,6,3.0,openml-schema,100,0,False,0.0049,0.0002,{'alpha': 1.0},1.8.0,All three use add-one (Laplace) smoothing on discrete attributes.,1.1145,1.106,180.0,0.6995073891625616,0.6963409820639924,0.6937679727066128,0.6999122036874451,0.6937679727066128,,,,,False
tuiml,naive_bayes,maternal_health_risk,multiclass,classification,defaults,42,,ok,811,203,6,6,0,6,3.0,openml-schema,100,0,False,0.0007,0.0002,{'alpha': 1.0},0.1.6,All three use add-one (Laplace) smoothing on discrete attributes.,0.0956,0.0956,288.0,0.6995073891625616,0.6963409820639924,0.6937679727066128,0.6999122036874451,0.6937679727066128,,,,,False
tuiml,naive_bayes,maternal_health_risk,multiclass,classification,matched,42,,ok,811,203,6,6,0,6,3.0,openml-schema,100,0,False,0.0007,0.0002,{'alpha': 1.0},0.1.6,All three use add-one (Laplace) smoothing on discrete attributes.,0.0928,0.0927,289.0,0.6995073891625616,0.6963409820639924,0.6937679727066128,0.6999122036874451,0.6937679727066128,,,,,False
weka,naive_bayes,maternal_health_risk,multiclass,classification,defaults,42,,ok,811,203,6,6,0,6,3.0,openml-schema,100,0,False,0.006,0.0046,,3.9.6,All three use add-one (Laplace) smoothing on discrete attributes.,2.0606,3.0526,293.3,0.6995073891625616,0.6963409820639924,0.6937679727066128,0.6999122036874451,0.6937679727066128,,,,True,False
weka,naive_bayes,maternal_health_risk,multiclass,classification,matched,42,,ok,811,203,6,6,0,6,3.0,openml-schema,100,0,False,0.0052,0.0045,,3.9.6,All three use add-one (Laplace) smoothing on discrete attributes.,2.0965,3.078,287.5,0.6995073891625616,0.6963409820639924,0.6937679727066128,0.6999122036874451,0.6937679727066128,,,,True,False
sklearn,random_forest,maternal_health_risk,multiclass,classification,defaults,42,,ok,811,203,6,6,0,6,3.0,openml-schema,100,0,False,0.1773,0.0126,"{'n_estimators': 100, 'random_state': 42}",1.8.0,"sqrt(p) is evaluated on each library's own representation: Weka splits on intact nominal attributes, scikit-learn/TuiML on one-hot columns.",1.3641,1.3473,186.0,0.8423645320197044,0.8471805364932372,0.8463217023747703,0.8491305165833468,0.8463217023747703,,,,,False
sklearn,random_forest,maternal_health_risk,multiclass,classification,matched,42,,ok,811,203,6,6,0,6,3.0,openml-schema,100,0,False,0.1843,0.0127,"{'n_estimators': 100, 'max_features': 'sqrt', 'min_samples_leaf': 1, 'bootstrap': True, 'random_state': 42}",1.8.0,"sqrt(p) is evaluated on each library's own representation: Weka splits on intact nominal attributes, scikit-learn/TuiML on one-hot columns.",1.4466,1.4284,183.0,0.8423645320197044,0.8471805364932372,0.8463217023747703,0.8491305165833468,0.8463217023747703,,,,,False
tuiml,random_forest,maternal_health_risk,multiclass,classification,defaults,42,,ok,811,203,6,6,0,6,3.0,openml-schema,100,0,False,0.4533,0.0104,{'n_estimators': 100},0.1.6,"sqrt(p) is evaluated on each library's own representation: Weka splits on intact nominal attributes, scikit-learn/TuiML on one-hot columns.",0.6162,0.6397,301.8,0.8275862068965517,0.8299516008935219,0.8322562272811028,0.82830264065962,0.8322562272811028,,,,,False
tuiml,random_forest,maternal_health_risk,multiclass,classification,matched,42,,ok,811,203,6,6,0,6,3.0,openml-schema,100,0,False,0.6336,0.0086,"{'n_estimators': 100, 'max_features': 'sqrt', 'min_samples_leaf': 1, 'bootstrap': True, 'random_state': 42}",0.1.6,"sqrt(p) is evaluated on each library's own representation: Weka splits on intact nominal attributes, scikit-learn/TuiML on one-hot columns.",0.7737,0.8007,301.0,0.8275862068965517,0.831501610305958,0.8303108475579454,0.8334135054735706,0.8303108475579454,,,,,False
weka,random_forest,maternal_health_risk,multiclass,classification,defaults,42,,ok,811,203,6,6,0,6,3.0,openml-schema,100,0,False,0.4524,0.0398,-I 100,3.9.6,"sqrt(p) is evaluated on each library's own representation: Weka splits on intact nominal attributes, scikit-learn/TuiML on one-hot columns.",2.6328,4.1487,336.1,0.8571428571428571,0.8605005367686527,0.8595272794277768,0.8622261392573257,0.8595272794277768,,,,True,False
weka,random_forest,maternal_health_risk,multiclass,classification,matched,42,,ok,811,203,6,6,0,6,3.0,openml-schema,100,0,False,0.4498,0.0422,-I 100 -K 2 -depth 0 -M 1 -P 100 -S 42,3.9.6,"sqrt(p) is evaluated on each library's own representation: Weka splits on intact nominal attributes, scikit-learn/TuiML on one-hot columns.",2.7031,4.3242,337.4,0.8374384236453202,0.8428549103654589,0.8422064760373217,0.845031938854632,0.8422064760373217,,,,True,False
sklearn,svm,maternal_health_risk,multiclass,classification,defaults,42,,ok,811,203,6,6,0,6,3.0,openml-schema,100,0,False,0.0195,0.0059,{},1.8.0,Both use one-vs-one for multiclass. Optimizer tolerances differ (SMO -T 1e-3 / -P 1e-12 vs libsvm tol 1e-3).,1.555,1.5434,181.0,0.6896551724137931,0.6796727567369768,0.6836345768352402,0.6882154882154882,0.6836345768352402,,,,,False
sklearn,svm,maternal_health_risk,multiclass,classification,matched,42,,ok,811,203,6,6,0,6,3.0,openml-schema,100,0,False,0.0218,0.0091,"{'C': 1.0, 'kernel': 'rbf', 'gamma': 0.16666666666666666}",1.8.0,Both use one-vs-one for multiclass. Optimizer tolerances differ (SMO -T 1e-3 / -P 1e-12 vs libsvm tol 1e-3).,1.3502,1.3404,181.0,0.6896551724137931,0.6796727567369768,0.6836345768352402,0.6882154882154882,0.6836345768352402,,,,,False
tuiml,svm,maternal_health_risk,multiclass,classification,defaults,42,,ok,811,203,6,6,0,6,3.0,openml-schema,100,0,False,0.0172,0.0025,{},0.1.6,Both use one-vs-one for multiclass. Optimizer tolerances differ (SMO -T 1e-3 / -P 1e-12 vs libsvm tol 1e-3).,0.1177,0.1176,291.0,0.6896551724137931,0.6796727567369768,0.6836345768352402,0.6882154882154882,0.6836345768352402,,,,,False
tuiml,svm,maternal_health_risk,multiclass,classification,matched,42,,ok,811,203,6,6,0,6,3.0,openml-schema,100,0,False,0.016,0.0025,"{'C': 1.0, 'kernel': 'rbf', 'gamma': 0.16666666666666666}",0.1.6,Both use one-vs-one for multiclass. Optimizer tolerances differ (SMO -T 1e-3 / -P 1e-12 vs libsvm tol 1e-3).,0.091,0.091,291.0,0.6896551724137931,0.6796727567369768,0.6836345768352402,0.6882154882154882,0.6836345768352402,,,,,False
weka,svm,maternal_health_risk,multiclass,classification,defaults,42,,ok,811,203,6,6,0,6,3.0,openml-schema,100,0,False,0.1241,0.0045,,3.9.6,Both use one-vs-one for multiclass. Optimizer tolerances differ (SMO -T 1e-3 / -P 1e-12 vs libsvm tol 1e-3).,2.5024,3.4311,313.2,0.6748768472906403,0.6543703966384379,0.6540060639563127,0.6956376956376956,0.6540060639563127,,,,True,False
weka,svm,maternal_health_risk,multiclass,classification,matched,42,,ok,811,203,6,6,0,6,3.0,openml-schema,100,0,False,0.3176,0.0178,-N 2 -C 1.0 -K weka.classifiers.functions.supportVector.RBFKernel -G 0.1666666667,3.9.6,Both use one-vs-one for multiclass. Optimizer tolerances differ (SMO -T 1e-3 / -P 1e-12 vs libsvm tol 1e-3).,2.3827,3.5488,312.4,0.6896551724137931,0.6796727567369768,0.6836345768352402,0.6882154882154882,0.6836345768352402,,,,True,False
sklearn,decision_tree,splice,multiclass,classification,defaults,42,,ok,2552,638,60,0,60,287,3.0,openml-schema,100,0,False,0.0449,0.0008,{'random_state': 42},1.8.0,"C4.5 vs CART: even matched, J48 splits on gain ratio while scikit-learn/TuiML use information gain. Related algorithms, not identical ones.",1.2695,1.2616,192.5,0.9169278996865203,0.906947606165662,0.9071315181142797,0.9068139967890686,0.9071315181142797,,,,,False
sklearn,decision_tree,splice,multiclass,classification,matched,42,,ok,2552,638,60,0,60,287,3.0,openml-schema,100,0,False,0.0476,0.001,"{'criterion': 'entropy', 'min_samples_leaf': 1, 'random_state': 42}",1.8.0,"C4.5 vs CART: even matched, J48 splits on gain ratio while scikit-learn/TuiML use information gain. Related algorithms, not identical ones.",1.5818,1.5699,191.9,0.9169278996865203,0.9064198785396592,0.9047600241842289,0.9082061899150388,0.9047600241842289,,,,,False
tuiml,decision_tree,splice,multiclass,classification,defaults,42,,ok,2552,638,60,0,60,287,3.0,openml-schema,100,0,False,0.1505,0.0053,{},0.1.6,"C4.5 vs CART: even matched, J48 splits on gain ratio while scikit-learn/TuiML use information gain. Related algorithms, not identical ones.",0.3427,0.3418,300.8,0.9137931034482759,0.9032862027076106,0.9027600725663637,0.9038203394576255,0.9027600725663637,,,,,False
tuiml,decision_tree,splice,multiclass,classification,matched,42,,ok,2552,638,60,0,60,287,3.0,openml-schema,100,0,False,0.1399,0.0045,"{'criterion': 'entropy', 'min_samples_leaf': 1, 'random_state': 42}",0.1.6,"C4.5 vs CART: even matched, J48 splits on gain ratio while scikit-learn/TuiML use information gain. Related algorithms, not identical ones.",0.3304,0.33,301.0,0.9106583072100314,0.899183626350809,0.8972594683453045,0.9011807900199248,0.8972594683453045,,,,,False
weka,decision_tree,splice,multiclass,classification,defaults,42,,ok,2552,638,60,0,60,287,3.0,openml-schema,100,0,False,0.1402,0.0096,,3.9.6,"C4.5 vs CART: even matched, J48 splits on gain ratio while scikit-learn/TuiML use information gain. Related algorithms, not identical ones.",3.5921,5.0948,313.2,0.9341692789968652,0.9282293511006788,0.9321692301077409,0.9252163003111513,0.9321692301077409,,,,True,False
weka,decision_tree,splice,multiclass,classification,matched,42,,ok,2552,638,60,0,60,287,3.0,openml-schema,100,0,False,0.1381,0.01,-U -B -M 1,3.9.6,"C4.5 vs CART: even matched, J48 splits on gain ratio while scikit-learn/TuiML use information gain. Related algorithms, not identical ones.",3.389,4.9292,311.4,0.9278996865203761,0.9175407925407925,0.9188248218815128,0.9165912841785985,0.9188248218815128,,,,True,False
sklearn,knn,splice,multiclass,classification,defaults,42,,ok,2552,638,60,0,60,287,3.0,openml-schema,100,0,False,0.002,0.0637,{'n_neighbors': 5},1.8.0,Nominal attributes contribute a distance of 1 per mismatch in Weka but sqrt(2) across the corresponding one-hot columns. Neighbour-search structure is left to each library.,1.2306,1.2221,191.3,0.786833855799373,0.7862103022902432,0.8350360681976108,0.7821010122304086,0.8350360681976108,,,,,False
sklearn,knn,splice,multiclass,classification,matched,42,,ok,2552,638,60,0,60,287,3.0,openml-schema,100,0,False,0.0018,0.066,"{'n_neighbors': 5, 'weights': 'uniform'}",1.8.0,Nominal attributes contribute a distance of 1 per mismatch in Weka but sqrt(2) across the corresponding one-hot columns. Neighbour-search structure is left to each library.,1.1857,1.1782,191.9,0.786833855799373,0.7862103022902432,0.8350360681976108,0.7821010122304086,0.8350360681976108,,,,,False
tuiml,knn,splice,multiclass,classification,defaults,42,,ok,2552,638,60,0,60,287,3.0,openml-schema,100,0,False,0.0002,0.5281,{'k': 5},0.1.6,Nominal attributes contribute a distance of 1 per mismatch in Weka but sqrt(2) across the corresponding one-hot columns. Neighbour-search structure is left to each library.,0.7108,0.7108,300.8,0.7774294670846394,0.777185750302321,0.827836319306019,0.7751089853990464,0.827836319306019,,,,,False
tuiml,knn,splice,multiclass,classification,matched,42,,ok,2552,638,60,0,60,287,3.0,openml-schema,100,0,False,0.0002,0.5374,"{'k': 5, 'distance_weighting': 'uniform'}",0.1.6,Nominal attributes contribute a distance of 1 per mismatch in Weka but sqrt(2) across the corresponding one-hot columns. Neighbour-search structure is left to each library.,0.7712,0.7711,300.8,0.7774294670846394,0.777185750302321,0.827836319306019,0.7751089853990464,0.827836319306019,,,,,False
weka,knn,splice,multiclass,classification,defaults,42,,ok,2552,638,60,0,60,287,3.0,openml-schema,100,0,False,0.0084,1.6097,-K 5,3.9.6,Nominal attributes contribute a distance of 1 per mismatch in Weka but sqrt(2) across the corresponding one-hot columns. Neighbour-search structure is left to each library.,5.0376,6.8473,307.8,0.8009404388714734,0.8020569867291178,0.8499858059125875,0.7948497807389147,0.8499858059125875,,,,True,False
weka,knn,splice,multiclass,classification,matched,42,,ok,2552,638,60,0,60,287,3.0,openml-schema,100,0,False,0.0056,0.9072,"-K 5 -A weka.core.neighboursearch.LinearNNSearch -A ""weka.core.EuclideanDistance -R first-last -D""",3.9.6,Nominal attributes contribute a distance of 1 per mismatch in Weka but sqrt(2) across the corresponding one-hot columns. Neighbour-search structure is left to each library.,4.1651,5.8819,304.7,0.8009404388714734,0.8020569867291178,0.8499858059125875,0.7948497807389147,0.8499858059125875,,,,True,False
sklearn,logistic,splice,multiclass,classification,defaults,42,,ok,2552,638,60,0,60,287,3.0,openml-schema,100,0,False,0.0915,0.0007,{'max_iter': 1000},1.8.0,Ridge 0.5 in Weka/TuiML corresponds to scikit-learn's C=1.0.,1.2165,1.2103,192.3,0.95141065830721,0.9488337665220348,0.953635554133155,0.9445606281355073,0.953635554133155,,,,,False
sklearn,logistic,splice,multiclass,classification,matched,42,,ok,2552,638,60,0,60,287,3.0,openml-schema,100,0,False,0.0946,0.0008,"{'C': 1.0, 'max_iter': 1000}",1.8.0,Ridge 0.5 in Weka/TuiML corresponds to scikit-learn's C=1.0.,1.2956,1.2873,191.6,0.95141065830721,0.9488337665220348,0.953635554133155,0.9445606281355073,0.953635554133155,,,,,False
tuiml,logistic,splice,multiclass,classification,defaults,42,,ok,2552,638,60,0,60,287,3.0,openml-schema,100,0,False,0.0899,0.0009,{},0.1.6,Ridge 0.5 in Weka/TuiML corresponds to scikit-learn's C=1.0.,0.2743,0.2732,306.6,0.9420062695924765,0.9373949000431693,0.9394345000351754,0.93563066643714,0.9394345000351754,,,,,False
tuiml,logistic,splice,multiclass,classification,matched,42,,ok,2552,638,60,0,60,287,3.0,openml-schema,100,0,False,0.0518,0.0009,"{'ridge': 0.5, 'max_iter': 1000}",0.1.6,Ridge 0.5 in Weka/TuiML corresponds to scikit-learn's C=1.0.,0.2291,0.229,307.5,0.9623824451410659,0.9587748080230808,0.956069235347714,0.9616051718700726,0.956069235347714,,,,,False
weka,logistic,splice,multiclass,classification,defaults,42,,ok,2552,638,60,0,60,287,3.0,openml-schema,100,0,False,4.2382,0.024,,3.9.6,Ridge 0.5 in Weka/TuiML corresponds to scikit-learn's C=1.0.,7.3482,10.1346,801.3,0.9122257053291536,0.9054727965197736,0.907469551951514,0.9038520713430965,0.907469551951514,,,,True,False
weka,logistic,splice,multiclass,classification,matched,42,,ok,2552,638,60,0,60,287,3.0,openml-schema,100,0,False,5.3452,0.027,-R 0.5 -M 1000,3.9.6,Ridge 0.5 in Weka/TuiML corresponds to scikit-learn's C=1.0.,8.8242,12.1025,809.1,0.9420062695924765,0.9379913080963198,0.9406060999272302,0.9355709692656372,0.9406060999272302,,,,True,False
sklearn,mlp,splice,multiclass,classification,defaults,42,,ok,2552,638,60,0,60,287,3.0,openml-schema,100,0,False,1.9211,0.0033,"{'max_iter': 300, 'random_state': 42}",1.8.0,"Weka updates weights per instance (online backprop); scikit-learn's SGD uses mini-batches. Same architecture and learning rate, different optimizer schedule and different divergence handling — the least matchable row in the table.",3.1622,3.1546,191.5,0.9545454545454546,0.9513229108811633,0.9544922000049066,0.948435352773588,0.9544922000049066,,,,,False
sklearn,mlp,splice,multiclass,classification,matched,42,,ok,2552,638,60,0,60,287,3.0,openml-schema,100,0,False,6.9363,0.0056,"{'hidden_layer_sizes': (100,), 'max_iter': 300, 'solver': 'sgd', 'learning_rate': 'adaptive', 'learning_rate_init': 0.05, 'momentum': 0.2, 'activation': 'logistic', 'random_state': 42}",1.8.0,"Weka updates weights per instance (online backprop); scikit-learn's SGD uses mini-batches. Same architecture and learning rate, different optimizer schedule and different divergence handling — the least matchable row in the table.",8.376,8.3369,190.3,0.957680250783699,0.9544478662658565,0.9564921516227717,0.9527994630906478,0.9564921516227717,,,,,False
tuiml,mlp,splice,multiclass,classification,defaults,42,,ok,2552,638,60,0,60,287,3.0,openml-schema,100,0,False,6.7215,0.0035,{},0.1.6,"Weka updates weights per instance (online backprop); scikit-learn's SGD uses mini-batches. Same architecture and learning rate, different optimizer schedule and different divergence handling — the least matchable row in the table.",6.9039,6.8996,309.8,0.9529780564263323,0.9499802457429576,0.9569999503356533,0.9437608239905204,0.9569999503356533,,,,,False
tuiml,mlp,splice,multiclass,classification,matched,42,,ok,2552,638,60,0,60,287,3.0,openml-schema,100,0,False,5.8999,0.0047,"{'hidden_layers': [100], 'max_epochs': 300, 'learning_rate': 0.05, 'momentum': 0.2, 'decay': True, 'activation': 'sigmoid', 'random_state': 42}",0.1.6,"Weka updates weights per instance (online backprop); scikit-learn's SGD uses mini-batches. Same architecture and learning rate, different optimizer schedule and different divergence handling — the least matchable row in the table.",6.1073,6.1069,311.5,0.9467084639498433,0.941893952013892,0.9389691425412058,0.9455369700622865,0.9389691425412058,,,,,False
weka,mlp,splice,multiclass,classification,defaults,42,,ok,2552,638,60,0,60,287,3.0,openml-schema,100,0,False,612.7086,0.1143,,3.9.6,"Weka updates weights per instance (online backprop); scikit-learn's SGD uses mini-batches. Same architecture and learning rate, different optimizer schedule and different divergence handling — the least matchable row in the table.",616.2045,619.737,351.0,0.957680250783699,0.955054536075017,0.9577061927337386,0.9525488748522064,0.9577061927337386,,,,True,False
weka,mlp,splice,multiclass,classification,matched,42,,ok,2552,638,60,0,60,287,3.0,openml-schema,100,0,False,263.9742,0.0874,-H 100 -N 300 -L 0.05 -M 0.2 -D -I -C -S 42,3.9.6,"Weka updates weights per instance (online backprop); scikit-learn's SGD uses mini-batches. Same architecture and learning rate, different optimizer schedule and different divergence handling — the least matchable row in the table.",267.0857,269.8638,338.1,0.9639498432601881,0.9606610060120496,0.9617202430424396,0.9596338626376172,0.9617202430424396,,,,True,False
sklearn,naive_bayes,splice,multiclass,classification,defaults,42,,ok,2552,638,60,0,60,287,3.0,openml-schema,100,0,False,0.0147,0.0014,{'alpha': 1.0},1.8.0,All three use add-one (Laplace) smoothing on discrete attributes.,1.4541,1.4346,181.3,0.9592476489028213,0.9552662354648925,0.9551984424029919,0.9553877054477283,0.9551984424029919,,,,,False
sklearn,naive_bayes,splice,multiclass,classification,matched,42,,ok,2552,638,60,0,60,287,3.0,openml-schema,100,0,False,0.0108,0.0012,{'alpha': 1.0},1.8.0,All three use add-one (Laplace) smoothing on discrete attributes.,1.1513,1.1434,180.5,0.9592476489028213,0.9552662354648925,0.9551984424029919,0.9553877054477283,0.9551984424029919,,,,,False
tuiml,naive_bayes,splice,multiclass,classification,defaults,42,,ok,2552,638,60,0,60,287,3.0,openml-schema,100,0,False,0.0065,0.0016,{'alpha': 1.0},0.1.6,All three use add-one (Laplace) smoothing on discrete attributes.,0.1692,0.1692,290.7,0.9592476489028213,0.9552662354648925,0.9551984424029919,0.9553877054477283,0.9551984424029919,,,,,False
tuiml,naive_bayes,splice,multiclass,classification,matched,42,,ok,2552,638,60,0,60,287,3.0,openml-schema,100,0,False,0.0079,0.0018,{'alpha': 1.0},0.1.6,All three use add-one (Laplace) smoothing on discrete attributes.,0.2063,0.2061,289.4,0.9592476489028213,0.9552662354648925,0.9551984424029919,0.9553877054477283,0.9551984424029919,,,,,False
weka,naive_bayes,splice,multiclass,classification,defaults,42,,ok,2552,638,60,0,60,287,3.0,openml-schema,100,0,False,0.0173,0.0235,,3.9.6,All three use add-one (Laplace) smoothing on discrete attributes.,3.7881,5.089,329.4,0.9592476489028213,0.9552662354648925,0.9551984424029919,0.9553877054477283,0.9551984424029919,,,,True,False
weka,naive_bayes,splice,multiclass,classification,matched,42,,ok,2552,638,60,0,60,287,3.0,openml-schema,100,0,False,0.0163,0.0245,,3.9.6,All three use add-one (Laplace) smoothing on discrete attributes.,3.1443,4.5708,313.8,0.9592476489028213,0.9552662354648925,0.9551984424029919,0.9553877054477283,0.9551984424029919,,,,True,False
sklearn,random_forest,splice,multiclass,classification,defaults,42,,ok,2552,638,60,0,60,287,3.0,openml-schema,100,0,False,0.5598,0.0207,"{'n_estimators': 100, 'random_state': 42}",1.8.0,"sqrt(p) is evaluated on each library's own representation: Weka splits on intact nominal attributes, scikit-learn/TuiML on one-hot columns.",1.8616,1.8575,200.8,0.9686520376175548,0.9652999134499917,0.9635839382596091,0.9670930001468924,0.9635839382596091,,,,,False
sklearn,random_forest,splice,multiclass,classification,matched,42,,ok,2552,638,60,0,60,287,3.0,openml-schema,100,0,False,0.6703,0.0215,"{'n_estimators': 100, 'max_features': 'sqrt', 'min_samples_leaf': 1, 'bootstrap': True, 'random_state': 42}",1.8.0,"sqrt(p) is evaluated on each library's own representation: Weka splits on intact nominal attributes, scikit-learn/TuiML on one-hot columns.",2.3676,2.3514,200.8,0.9686520376175548,0.9652999134499917,0.9635839382596091,0.9670930001468924,0.9635839382596091,,,,,False
tuiml,random_forest,splice,multiclass,classification,defaults,42,,ok,2552,638,60,0,60,287,3.0,openml-schema,100,0,False,4.9837,0.0239,{'n_estimators': 100},0.1.6,"sqrt(p) is evaluated on each library's own representation: Weka splits on intact nominal attributes, scikit-learn/TuiML on one-hot columns.",5.2673,6.0042,675.6,0.9733542319749217,0.9707095187697138,0.9700774447531156,0.9714334260117393,0.9700774447531156,,,,,False
tuiml,random_forest,splice,multiclass,classification,matched,42,,ok,2552,638,60,0,60,287,3.0,openml-schema,100,0,False,4.5589,0.0157,"{'n_estimators': 100, 'max_features': 'sqrt', 'min_samples_leaf': 1, 'bootstrap': True, 'random_state': 42}",0.1.6,"sqrt(p) is evaluated on each library's own representation: Weka splits on intact nominal attributes, scikit-learn/TuiML on one-hot columns.",4.8163,5.4387,617.4,0.9686520376175548,0.9657624837952707,0.9636122324055503,0.96800374218139,0.9636122324055503,,,,,False
weka,random_forest,splice,multiclass,classification,defaults,42,,ok,2552,638,60,0,60,287,3.0,openml-schema,100,0,False,0.5394,0.0633,-I 100,3.9.6,"sqrt(p) is evaluated on each library's own representation: Weka splits on intact nominal attributes, scikit-learn/TuiML on one-hot columns.",4.0582,6.1303,514.1,0.95141065830721,0.9478939835757183,0.939675384939291,0.9574213682867919,0.939675384939291,,,,True,False
weka,random_forest,splice,multiclass,classification,matched,42,,ok,2552,638,60,0,60,287,3.0,openml-schema,100,0,False,0.5922,0.0624,-I 100 -K 7 -depth 0 -M 1 -P 100 -S 42,3.9.6,"sqrt(p) is evaluated on each library's own representation: Weka splits on intact nominal attributes, scikit-learn/TuiML on one-hot columns.",3.4715,5.6089,498.8,0.9639498432601881,0.9619866575447268,0.9559329789470183,0.9686396923239028,0.9559329789470183,,,,True,False
sklearn,svm,splice,multiclass,classification,defaults,42,,ok,2552,638,60,0,60,287,3.0,openml-schema,100,0,False,0.4282,0.2278,{},1.8.0,Both use one-vs-one for multiclass. Optimizer tolerances differ (SMO -T 1e-3 / -P 1e-12 vs libsvm tol 1e-3).,1.7946,1.7844,192.3,0.9670846394984326,0.963901850081411,0.9660633944444146,0.961829858721111,0.9660633944444146,,,,,False
sklearn,svm,splice,multiclass,classification,matched,42,,ok,2552,638,60,0,60,287,3.0,openml-schema,100,0,False,0.4213,0.2177,"{'C': 1.0, 'kernel': 'rbf', 'gamma': 0.021071953010279}",1.8.0,Both use one-vs-one for multiclass. Optimizer tolerances differ (SMO -T 1e-3 / -P 1e-12 vs libsvm tol 1e-3).,1.8225,1.8187,191.7,0.9670846394984326,0.963901850081411,0.9660633944444146,0.961829858721111,0.9660633944444146,,,,,False
tuiml,svm,splice,multiclass,classification,defaults,42,,ok,2552,638,60,0,60,287,3.0,openml-schema,100,0,False,1.3407,0.4588,{},0.1.6,Both use one-vs-one for multiclass. Optimizer tolerances differ (SMO -T 1e-3 / -P 1e-12 vs libsvm tol 1e-3).,2.052,2.0453,305.3,0.9670846394984326,0.963901850081411,0.9660633944444146,0.961829858721111,0.9660633944444146,,,,,False
tuiml,svm,splice,multiclass,classification,matched,42,,ok,2552,638,60,0,60,287,3.0,openml-schema,100,0,False,1.374,0.4334,"{'C': 1.0, 'kernel': 'rbf', 'gamma': 0.021071953010279}",0.1.6,Both use one-vs-one for multiclass. Optimizer tolerances differ (SMO -T 1e-3 / -P 1e-12 vs libsvm tol 1e-3).,2.051,2.0416,304.8,0.9670846394984326,0.963901850081411,0.9660633944444146,0.961829858721111,0.9660633944444146,,,,,False
weka,svm,splice,multiclass,classification,defaults,42,,ok,2552,638,60,0,60,287,3.0,openml-schema,100,0,False,2.5355,0.0294,,3.9.6,Both use one-vs-one for multiclass. Optimizer tolerances differ (SMO -T 1e-3 / -P 1e-12 vs libsvm tol 1e-3).,5.6687,8.677,391.8,0.9200626959247649,0.9129849982213208,0.9195626921768737,0.9075201190234665,0.9195626921768737,,,,True,False
weka,svm,splice,multiclass,classification,matched,42,,ok,2552,638,60,0,60,287,3.0,openml-schema,100,0,False,7.6363,1.0779,-N 2 -C 1.0 -K weka.classifiers.functions.supportVector.RBFKernel -G 0.02107195301,3.9.6,Both use one-vs-one for multiclass. Optimizer tolerances differ (SMO -T 1e-3 / -P 1e-12 vs libsvm tol 1e-3).,11.8715,14.5172,382.2,0.9670846394984326,0.963901850081411,0.9660633944444146,0.961829858721111,0.9660633944444146,,,,True,False
sklearn,decision_tree,students_dropout_and_academic_success,multiclass,classification,defaults,42,,ok,3539,885,36,19,17,249,3.0,openml-schema,100,0,False,0.0926,0.004,{'random_state': 42},1.8.0,"C4.5 vs CART: even matched, J48 splits on gain ratio while scikit-learn/TuiML use information gain. Related algorithms, not identical ones.",1.4717,1.4619,200.2,0.6711864406779661,0.6039587568626973,0.6035204654031935,0.6045057107349981,0.6035204654031935,,,,,False
sklearn,decision_tree,students_dropout_and_academic_success,multiclass,classification,matched,42,,ok,3539,885,36,19,17,249,3.0,openml-schema,100,0,False,0.0732,0.001,"{'criterion': 'entropy', 'min_samples_leaf': 1, 'random_state': 42}",1.8.0,"C4.5 vs CART: even matched, J48 splits on gain ratio while scikit-learn/TuiML use information gain. Related algorithms, not identical ones.",1.2497,1.2428,200.9,0.6847457627118644,0.6146859023590546,0.6135765712214415,0.6160048027412097,0.6135765712214415,,,,,False
tuiml,decision_tree,students_dropout_and_academic_success,multiclass,classification,defaults,42,,ok,3539,885,36,19,17,249,3.0,openml-schema,100,0,False,0.2998,0.0136,{},0.1.6,"C4.5 vs CART: even matched, J48 splits on gain ratio while scikit-learn/TuiML use information gain. Related algorithms, not identical ones.",0.4978,0.4963,311.5,0.6813559322033899,0.6213213464126075,0.620962496761687,0.6218415303239372,0.620962496761687,,,,,False
tuiml,decision_tree,students_dropout_and_academic_success,multiclass,classification,matched,42,,ok,3539,885,36,19,17,249,3.0,openml-schema,100,0,False,0.237,0.0105,"{'criterion': 'entropy', 'min_samples_leaf': 1, 'random_state': 42}",0.1.6,"C4.5 vs CART: even matched, J48 splits on gain ratio while scikit-learn/TuiML use information gain. Related algorithms, not identical ones.",0.4286,0.4286,311.6,0.6870056497175141,0.6223457877161961,0.621712703151949,0.6233905359896768,0.621712703151949,,,,,False
weka,decision_tree,students_dropout_and_academic_success,multiclass,classification,defaults,42,,ok,3539,885,36,19,17,249,3.0,openml-schema,100,0,False,0.3321,0.011,,3.9.6,"C4.5 vs CART: even matched, J48 splits on gain ratio while scikit-learn/TuiML use information gain. Related algorithms, not identical ones.",4.0638,5.5662,321.4,0.7446327683615819,0.6623730249502265,0.6561489133631198,0.6779318262402193,0.6561489133631198,,,,True,False
weka,decision_tree,students_dropout_and_academic_success,multiclass,classification,matched,42,,ok,3539,885,36,19,17,249,3.0,openml-schema,100,0,False,0.6266,0.0151,-U -B -M 1,3.9.6,"C4.5 vs CART: even matched, J48 splits on gain ratio while scikit-learn/TuiML use information gain. Related algorithms, not identical ones.",3.7674,5.6458,354.5,0.7028248587570621,0.6490801827984743,0.6485469778172721,0.6496683898946352,0.6485469778172721,,,,True,False
sklearn,knn,students_dropout_and_academic_success,multiclass,classification,defaults,42,,ok,3539,885,36,19,17,249,3.0,openml-schema,100,0,False,0.0032,0.098,{'n_neighbors': 5},1.8.0,Nominal attributes contribute a distance of 1 per mismatch in Weka but sqrt(2) across the corresponding one-hot columns. Neighbour-search structure is left to each library.,1.6666,1.6469,200.4,0.7254237288135593,0.6507449783879989,0.6402227264571139,0.6750996540850643,0.6402227264571139,,,,,False
sklearn,knn,students_dropout_and_academic_success,multiclass,classification,matched,42,,ok,3539,885,36,19,17,249,3.0,openml-schema,100,0,False,0.003,0.1047,"{'n_neighbors': 5, 'weights': 'uniform'}",1.8.0,Nominal attributes contribute a distance of 1 per mismatch in Weka but sqrt(2) across the corresponding one-hot columns. Neighbour-search structure is left to each library.,1.4883,1.4748,201.9,0.7254237288135593,0.6507449783879989,0.6402227264571139,0.6750996540850643,0.6402227264571139,,,,,False
tuiml,knn,students_dropout_and_academic_success,multiclass,classification,defaults,42,,ok,3539,885,36,19,17,249,3.0,openml-schema,100,0,False,0.0002,0.8885,{'k': 5},0.1.6,Nominal attributes contribute a distance of 1 per mismatch in Weka but sqrt(2) across the corresponding one-hot columns. Neighbour-search structure is left to each library.,1.056,1.0548,311.3,0.7254237288135593,0.6507449783879989,0.6402227264571139,0.6750996540850643,0.6402227264571139,,,,,False
tuiml,knn,students_dropout_and_academic_success,multiclass,classification,matched,42,,ok,3539,885,36,19,17,249,3.0,openml-schema,100,0,False,0.0002,1.0676,"{'k': 5, 'distance_weighting': 'uniform'}",0.1.6,Nominal attributes contribute a distance of 1 per mismatch in Weka but sqrt(2) across the corresponding one-hot columns. Neighbour-search structure is left to each library.,1.2671,1.267,311.2,0.7254237288135593,0.6507449783879989,0.6402227264571139,0.6750996540850643,0.6402227264571139,,,,,False
weka,knn,students_dropout_and_academic_success,multiclass,classification,defaults,42,,ok,3539,885,36,19,17,249,3.0,openml-schema,100,0,False,0.008,0.7293,-K 5,3.9.6,Nominal attributes contribute a distance of 1 per mismatch in Weka but sqrt(2) across the corresponding one-hot columns. Neighbour-search structure is left to each library.,3.5862,4.9853,308.4,0.6451977401129944,0.5516898805630215,0.5496793953242969,0.5648586382190168,0.5496793953242969,,,,True,False
weka,knn,students_dropout_and_academic_success,multiclass,classification,matched,42,,ok,3539,885,36,19,17,249,3.0,openml-schema,100,0,False,0.007,0.3869,"-K 5 -A weka.core.neighboursearch.LinearNNSearch -A ""weka.core.EuclideanDistance -R first-last -D""",3.9.6,Nominal attributes contribute a distance of 1 per mismatch in Weka but sqrt(2) across the corresponding one-hot columns. Neighbour-search structure is left to each library.,3.3738,4.7049,308.4,0.7197740112994351,0.631513553541951,0.6223571925686947,0.6630178585957205,0.6223571925686947,,,,True,False
sklearn,logistic,students_dropout_and_academic_success,multiclass,classification,defaults,42,,ok,3539,885,36,19,17,249,3.0,openml-schema,100,0,False,0.8216,0.0023,{'max_iter': 1000},1.8.0,Ridge 0.5 in Weka/TuiML corresponds to scikit-learn's C=1.0.,2.1587,2.1489,202.2,0.7898305084745763,0.7157624930801046,0.704185670670484,0.7516561010369059,0.704185670670484,,,,,False
sklearn,logistic,students_dropout_and_academic_success,multiclass,classification,matched,42,,ok,3539,885,36,19,17,249,3.0,openml-schema,100,0,False,0.5812,0.0016,"{'C': 1.0, 'max_iter': 1000}",1.8.0,Ridge 0.5 in Weka/TuiML corresponds to scikit-learn's C=1.0.,1.8806,1.8701,202.0,0.7898305084745763,0.7157624930801046,0.704185670670484,0.7516561010369059,0.704185670670484,,,,,False
tuiml,logistic,students_dropout_and_academic_success,multiclass,classification,defaults,42,,ok,3539,885,36,19,17,249,3.0,openml-schema,100,0,False,0.218,0.0024,{},0.1.6,Ridge 0.5 in Weka/TuiML corresponds to scikit-learn's C=1.0.,0.3916,0.3914,318.7,0.7740112994350282,0.6984689083526292,0.6893483852926412,0.7231596503335634,0.6893483852926412,,,,,False
tuiml,logistic,students_dropout_and_academic_success,multiclass,classification,matched,42,,ok,3539,885,36,19,17,249,3.0,openml-schema,100,0,False,0.1148,0.0027,"{'ridge': 0.5, 'max_iter': 1000}",0.1.6,Ridge 0.5 in Weka/TuiML corresponds to scikit-learn's C=1.0.,0.3511,0.3487,316.8,0.7254237288135593,0.5536030285574912,0.582925429484808,0.7574074645933337,0.582925429484808,,,,,False
weka,logistic,students_dropout_and_academic_success,multiclass,classification,defaults,42,,ok,3539,885,36,19,17,249,3.0,openml-schema,100,0,False,30.5526,0.0243,,3.9.6,Ridge 0.5 in Weka/TuiML corresponds to scikit-learn's C=1.0.,33.8663,37.6198,830.8,0.7638418079096045,0.6895699812940382,0.6808828105470334,0.711829539306299,0.6808828105470334,,,,True,False
weka,logistic,students_dropout_and_academic_success,multiclass,classification,matched,42,,ok,3539,885,36,19,17,249,3.0,openml-schema,100,0,False,6.4499,0.0274,-R 0.5 -M 1000,3.9.6,Ridge 0.5 in Weka/TuiML corresponds to scikit-learn's C=1.0.,9.2415,11.8825,806.4,0.7728813559322034,0.6921484801610985,0.6836446456039709,0.7190906675018746,0.6836446456039709,,,,True,False
sklearn,mlp,students_dropout_and_academic_success,multiclass,classification,defaults,42,,ok,3539,885,36,19,17,249,3.0,openml-schema,100,0,False,7.656,0.004,"{'max_iter': 300, 'random_state': 42}",1.8.0,"Weka updates weights per instance (online backprop); scikit-learn's SGD uses mini-batches. Same architecture and learning rate, different optimizer schedule and different divergence handling — the least matchable row in the table.",8.8989,8.8921,201.4,0.7491525423728813,0.679232177351175,0.6730079481795103,0.6911060647021717,0.6730079481795103,,,,,False
sklearn,mlp,students_dropout_and_academic_success,multiclass,classification,matched,42,,ok,3539,885,36,19,17,249,3.0,openml-schema,100,0,False,7.0643,0.0055,"{'hidden_layer_sizes': (100,), 'max_iter': 300, 'solver': 'sgd', 'learning_rate': 'adaptive', 'learning_rate_init': 0.05, 'momentum': 0.2, 'activation': 'logistic', 'random_state': 42}",1.8.0,"Weka updates weights per instance (online backprop); scikit-learn's SGD uses mini-batches. Same architecture and learning rate, different optimizer schedule and different divergence handling — the least matchable row in the table.",8.4034,8.3724,201.0,0.7762711864406779,0.7020497612576012,0.6921989691643128,0.7279053856330912,0.6921989691643128,,,,,False
tuiml,mlp,students_dropout_and_academic_success,multiclass,classification,defaults,42,,ok,3539,885,36,19,17,249,3.0,openml-schema,100,0,False,9.673,0.0055,{},0.1.6,"Weka updates weights per instance (online backprop); scikit-learn's SGD uses mini-batches. Same architecture and learning rate, different optimizer schedule and different divergence handling — the least matchable row in the table.",9.8914,9.8873,322.7,0.7423728813559322,0.673973744978313,0.6680635001944658,0.6846169928556293,0.6680635001944658,,,,,False
tuiml,mlp,students_dropout_and_academic_success,multiclass,classification,matched,42,,ok,3539,885,36,19,17,249,3.0,openml-schema,100,0,False,6.7934,0.0066,"{'hidden_layers': [100], 'max_epochs': 300, 'learning_rate': 0.05, 'momentum': 0.2, 'decay': True, 'activation': 'sigmoid', 'random_state': 42}",0.1.6,"Weka updates weights per instance (online backprop); scikit-learn's SGD uses mini-batches. Same architecture and learning rate, different optimizer schedule and different divergence handling — the least matchable row in the table.",7.0026,7.0007,326.7,0.711864406779661,0.5273779108337443,0.5680869416390198,0.7305404172663001,0.5680869416390198,,,,,False
weka,mlp,students_dropout_and_academic_success,multiclass,classification,defaults,42,,ok,3539,885,36,19,17,249,3.0,openml-schema,100,0,False,942.6071,0.1625,,3.9.6,"Weka updates weights per instance (online backprop); scikit-learn's SGD uses mini-batches. Same architecture and learning rate, different optimizer schedule and different divergence handling — the least matchable row in the table.",945.7916,950.0518,315.1,0.7084745762711865,0.5239141689523369,0.5586083544533467,0.5728686233403214,0.5586083544533467,,,,True,False
weka,mlp,students_dropout_and_academic_success,multiclass,classification,matched,42,,ok,3539,885,36,19,17,249,3.0,openml-schema,100,0,False,423.3247,0.0981,-H 100 -N 300 -L 0.05 -M 0.2 -D -I -C -S 42,3.9.6,"Weka updates weights per instance (online backprop); scikit-learn's SGD uses mini-batches. Same architecture and learning rate, different optimizer schedule and different divergence handling — the least matchable row in the table.",426.694,429.4787,307.0,0.7751412429378531,0.6660402728408186,0.6639286805573091,0.7244960157656761,0.6639286805573091,,,,True,False
sklearn,naive_bayes,students_dropout_and_academic_success,multiclass,classification,defaults,42,,ok,3539,885,36,19,17,249,3.0,openml-schema,100,0,False,0.0088,0.001,{'alpha': 1.0},1.8.0,All three use add-one (Laplace) smoothing on discrete attributes.,1.216,1.2111,187.4,0.6983050847457627,0.6505606130053947,0.6531630184457247,0.6538003106184922,0.6531630184457247,,,,,False
sklearn,naive_bayes,students_dropout_and_academic_success,multiclass,classification,matched,42,,ok,3539,885,36,19,17,249,3.0,openml-schema,100,0,False,0.0083,0.0009,{'alpha': 1.0},1.8.0,All three use add-one (Laplace) smoothing on discrete attributes.,1.1262,1.1237,187.9,0.6983050847457627,0.6505606130053947,0.6531630184457247,0.6538003106184922,0.6531630184457247,,,,,False
tuiml,naive_bayes,students_dropout_and_academic_success,multiclass,classification,defaults,42,,ok,3539,885,36,19,17,249,3.0,openml-schema,100,0,False,0.0059,0.0014,{'alpha': 1.0},0.1.6,All three use add-one (Laplace) smoothing on discrete attributes.,0.2466,0.2418,292.4,0.6983050847457627,0.6505606130053947,0.6531630184457247,0.6538003106184922,0.6531630184457247,,,,,False
tuiml,naive_bayes,students_dropout_and_academic_success,multiclass,classification,matched,42,,ok,3539,885,36,19,17,249,3.0,openml-schema,100,0,False,0.0069,0.0015,{'alpha': 1.0},0.1.6,All three use add-one (Laplace) smoothing on discrete attributes.,0.2892,0.2891,295.5,0.6983050847457627,0.6505606130053947,0.6531630184457247,0.6538003106184922,0.6531630184457247,,,,,False
weka,naive_bayes,students_dropout_and_academic_success,multiclass,classification,defaults,42,,ok,3539,885,36,19,17,249,3.0,openml-schema,100,0,False,0.016,0.0226,,3.9.6,All three use add-one (Laplace) smoothing on discrete attributes.,3.3037,4.6323,307.1,0.6983050847457627,0.6505606130053947,0.6531630184457247,0.6538003106184922,0.6531630184457247,,,,True,False
weka,naive_bayes,students_dropout_and_academic_success,multiclass,classification,matched,42,,ok,3539,885,36,19,17,249,3.0,openml-schema,100,0,False,0.015,0.0229,,3.9.6,All three use add-one (Laplace) smoothing on discrete attributes.,3.0226,4.2692,317.5,0.6983050847457627,0.6505606130053947,0.6531630184457247,0.6538003106184922,0.6531630184457247,,,,True,False
sklearn,random_forest,students_dropout_and_academic_success,multiclass,classification,defaults,42,,ok,3539,885,36,19,17,249,3.0,openml-schema,100,0,False,0.8193,0.0339,"{'n_estimators': 100, 'random_state': 42}",1.8.0,"sqrt(p) is evaluated on each library's own representation: Weka splits on intact nominal attributes, scikit-learn/TuiML on one-hot columns.",2.1369,2.1248,212.4,0.7627118644067796,0.6684275176145396,0.6612530223697785,0.7119926652999494,0.6612530223697785,,,,,False
sklearn,random_forest,students_dropout_and_academic_success,multiclass,classification,matched,42,,ok,3539,885,36,19,17,249,3.0,openml-schema,100,0,False,0.89,0.0337,"{'n_estimators': 100, 'max_features': 'sqrt', 'min_samples_leaf': 1, 'bootstrap': True, 'random_state': 42}",1.8.0,"sqrt(p) is evaluated on each library's own representation: Weka splits on intact nominal attributes, scikit-learn/TuiML on one-hot columns.",2.4145,2.4035,212.5,0.7627118644067796,0.6684275176145396,0.6612530223697785,0.7119926652999494,0.6612530223697785,,,,,False
tuiml,random_forest,students_dropout_and_academic_success,multiclass,classification,defaults,42,,ok,3539,885,36,19,17,249,3.0,openml-schema,100,0,False,8.6332,0.0425,{'n_estimators': 100},0.1.6,"sqrt(p) is evaluated on each library's own representation: Weka splits on intact nominal attributes, scikit-learn/TuiML on one-hot columns.",8.9576,10.0369,952.3,0.7649717514124293,0.6685002780010313,0.6605799075355593,0.7188089124657093,0.6605799075355593,,,,,False
tuiml,random_forest,students_dropout_and_academic_success,multiclass,classification,matched,42,,ok,3539,885,36,19,17,249,3.0,openml-schema,100,0,False,7.6594,0.0272,"{'n_estimators': 100, 'max_features': 'sqrt', 'min_samples_leaf': 1, 'bootstrap': True, 'random_state': 42}",0.1.6,"sqrt(p) is evaluated on each library's own representation: Weka splits on intact nominal attributes, scikit-learn/TuiML on one-hot columns.",7.9911,8.7671,863.2,0.7638418079096045,0.6649776586596582,0.6576443492624262,0.714197860409295,0.6576443492624262,,,,,False
weka,random_forest,students_dropout_and_academic_success,multiclass,classification,defaults,42,,ok,3539,885,36,19,17,249,3.0,openml-schema,100,0,False,1.7657,0.0918,-I 100,3.9.6,"sqrt(p) is evaluated on each library's own representation: Weka splits on intact nominal attributes, scikit-learn/TuiML on one-hot columns.",4.9111,7.1546,830.7,0.7423728813559322,0.636481516920357,0.631569366300729,0.6904920458749538,0.631569366300729,,,,True,False
weka,random_forest,students_dropout_and_academic_success,multiclass,classification,matched,42,,ok,3539,885,36,19,17,249,3.0,openml-schema,100,0,False,1.6075,0.0965,-I 100 -K 6 -depth 0 -M 1 -P 100 -S 42,3.9.6,"sqrt(p) is evaluated on each library's own representation: Weka splits on intact nominal attributes, scikit-learn/TuiML on one-hot columns.",4.6841,7.0601,829.0,0.7570621468926554,0.6411167765896034,0.639277018820093,0.7183190750281027,0.639277018820093,,,,True,False
sklearn,svm,students_dropout_and_academic_success,multiclass,classification,defaults,42,,ok,3539,885,36,19,17,249,3.0,openml-schema,100,0,False,0.8101,0.3546,{},1.8.0,Both use one-vs-one for multiclass. Optimizer tolerances differ (SMO -T 1e-3 / -P 1e-12 vs libsvm tol 1e-3).,2.5224,2.5086,202.0,0.7728813559322034,0.6798796203362949,0.6712280952092741,0.7191997278522514,0.6712280952092741,,,,,False
sklearn,svm,students_dropout_and_academic_success,multiclass,classification,matched,42,,ok,3539,885,36,19,17,249,3.0,openml-schema,100,0,False,0.8356,0.3519,"{'C': 1.0, 'kernel': 'rbf', 'gamma': 0.028703170028818444}",1.8.0,Both use one-vs-one for multiclass. Optimizer tolerances differ (SMO -T 1e-3 / -P 1e-12 vs libsvm tol 1e-3).,2.569,2.5588,202.4,0.7728813559322034,0.6798796203362949,0.6712280952092741,0.7191997278522514,0.6712280952092741,,,,,False
tuiml,svm,students_dropout_and_academic_success,multiclass,classification,defaults,42,,ok,3539,885,36,19,17,249,3.0,openml-schema,100,0,False,2.5784,0.875,{},0.1.6,Both use one-vs-one for multiclass. Optimizer tolerances differ (SMO -T 1e-3 / -P 1e-12 vs libsvm tol 1e-3).,3.6996,3.695,327.4,0.7728813559322034,0.6798796203362949,0.6712280952092741,0.7191997278522514,0.6712280952092741,,,,,False
tuiml,svm,students_dropout_and_academic_success,multiclass,classification,matched,42,,ok,3539,885,36,19,17,249,3.0,openml-schema,100,0,False,2.5359,0.8335,"{'C': 1.0, 'kernel': 'rbf', 'gamma': 0.028703170028818444}",0.1.6,Both use one-vs-one for multiclass. Optimizer tolerances differ (SMO -T 1e-3 / -P 1e-12 vs libsvm tol 1e-3).,3.5457,3.5449,328.7,0.7728813559322034,0.6798796203362949,0.6712280952092741,0.7191997278522514,0.6712280952092741,,,,,False
weka,svm,students_dropout_and_academic_success,multiclass,classification,defaults,42,,ok,3539,885,36,19,17,249,3.0,openml-schema,100,0,False,11.3856,0.0334,,3.9.6,Both use one-vs-one for multiclass. Optimizer tolerances differ (SMO -T 1e-3 / -P 1e-12 vs libsvm tol 1e-3).,14.307,16.8031,369.6,0.7762711864406779,0.6954158342981646,0.6846484057212355,0.7293294481036634,0.6846484057212355,,,,True,False
weka,svm,students_dropout_and_academic_success,multiclass,classification,matched,42,,ok,3539,885,36,19,17,249,3.0,openml-schema,100,0,False,22.1502,2.7561,-N 2 -C 1.0 -K weka.classifiers.functions.supportVector.RBFKernel -G 0.02870317003,3.9.6,Both use one-vs-one for multiclass. Optimizer tolerances differ (SMO -T 1e-3 / -P 1e-12 vs libsvm tol 1e-3).,28.5147,31.1213,355.0,0.7740112994350282,0.6789070358243622,0.6706399547765166,0.7229742236107876,0.6706399547765166,,,,True,False
sklearn,decision_tree,website_phishing,multiclass,classification,defaults,42,,ok,1082,271,9,0,9,25,3.0,openml-schema,100,0,False,0.0038,0.0002,{'random_state': 42},1.8.0,"C4.5 vs CART: even matched, J48 splits on gain ratio while scikit-learn/TuiML use information gain. Related algorithms, not identical ones.",1.0475,1.0425,181.9,0.8634686346863468,0.8289819289237893,0.8347041847041847,0.823905723905724,0.8347041847041847,,,,,False
sklearn,decision_tree,website_phishing,multiclass,classification,matched,42,,ok,1082,271,9,0,9,25,3.0,openml-schema,100,0,False,0.004,0.0002,"{'criterion': 'entropy', 'min_samples_leaf': 1, 'random_state': 42}",1.8.0,"C4.5 vs CART: even matched, J48 splits on gain ratio while scikit-learn/TuiML use information gain. Related algorithms, not identical ones.",1.2804,1.2692,180.6,0.8708487084870848,0.8356526014278997,0.8272727272727273,0.845815095548201,0.8272727272727273,,,,,False
tuiml,decision_tree,website_phishing,multiclass,classification,defaults,42,,ok,1082,271,9,0,9,25,3.0,openml-schema,100,0,False,0.0079,0.002,{},0.1.6,"C4.5 vs CART: even matched, J48 splits on gain ratio while scikit-learn/TuiML use information gain. Related algorithms, not identical ones.",0.046,0.0459,283.9,0.8634686346863468,0.8289819289237893,0.8347041847041847,0.823905723905724,0.8347041847041847,,,,,False
tuiml,decision_tree,website_phishing,multiclass,classification,matched,42,,ok,1082,271,9,0,9,25,3.0,openml-schema,100,0,False,0.0082,0.002,"{'criterion': 'entropy', 'min_samples_leaf': 1, 'random_state': 42}",0.1.6,"C4.5 vs CART: even matched, J48 splits on gain ratio while scikit-learn/TuiML use information gain. Related algorithms, not identical ones.",0.0555,0.0554,280.0,0.8634686346863468,0.8203502415458938,0.8212121212121213,0.8197945845004669,0.8212121212121213,,,,,False
weka,decision_tree,website_phishing,multiclass,classification,defaults,42,,ok,1082,271,9,0,9,25,3.0,openml-schema,100,0,False,0.0352,0.0038,,3.9.6,"C4.5 vs CART: even matched, J48 splits on gain ratio while scikit-learn/TuiML use information gain. Related algorithms, not identical ones.",1.6535,2.55,295.9,0.8929889298892989,0.8783984533984533,0.8961760461760462,0.8637218045112781,0.8961760461760462,,,,True,False
weka,decision_tree,website_phishing,multiclass,classification,matched,42,,ok,1082,271,9,0,9,25,3.0,openml-schema,100,0,False,0.0383,0.0052,-U -B -M 1,3.9.6,"C4.5 vs CART: even matched, J48 splits on gain ratio while scikit-learn/TuiML use information gain. Related algorithms, not identical ones.",2.0703,3.0613,291.5,0.8708487084870848,0.8300666914789288,0.825974025974026,0.8345838142875465,0.825974025974026,,,,True,False
sklearn,knn,website_phishing,multiclass,classification,defaults,42,,ok,1082,271,9,0,9,25,3.0,openml-schema,100,0,False,0.0011,0.0238,{'n_neighbors': 5},1.8.0,Nominal attributes contribute a distance of 1 per mismatch in Weka but sqrt(2) across the corresponding one-hot columns. Neighbour-search structure is left to each library.,1.1458,1.128,178.8,0.8597785977859779,0.7032076438930637,0.6865079365079364,0.7631954102542338,0.6865079365079364,,,,,False
sklearn,knn,website_phishing,multiclass,classification,matched,42,,ok,1082,271,9,0,9,25,3.0,openml-schema,100,0,False,0.0011,0.0236,"{'n_neighbors': 5, 'weights': 'uniform'}",1.8.0,Nominal attributes contribute a distance of 1 per mismatch in Weka but sqrt(2) across the corresponding one-hot columns. Neighbour-search structure is left to each library.,1.1437,1.1284,179.9,0.8597785977859779,0.7032076438930637,0.6865079365079364,0.7631954102542338,0.6865079365079364,,,,,False
tuiml,knn,website_phishing,multiclass,classification,defaults,42,,ok,1082,271,9,0,9,25,3.0,openml-schema,100,0,False,0.0001,0.0086,{'k': 5},0.1.6,Nominal attributes contribute a distance of 1 per mismatch in Weka but sqrt(2) across the corresponding one-hot columns. Neighbour-search structure is left to each library.,0.0453,0.0452,282.3,0.8597785977859779,0.7032076438930637,0.6865079365079364,0.7631954102542338,0.6865079365079364,,,,,False
tuiml,knn,website_phishing,multiclass,classification,matched,42,,ok,1082,271,9,0,9,25,3.0,openml-schema,100,0,False,0.0001,0.0085,"{'k': 5, 'distance_weighting': 'uniform'}",0.1.6,Nominal attributes contribute a distance of 1 per mismatch in Weka but sqrt(2) across the corresponding one-hot columns. Neighbour-search structure is left to each library.,0.0419,0.042,283.0,0.8597785977859779,0.7032076438930637,0.6865079365079364,0.7631954102542338,0.6865079365079364,,,,,False
weka,knn,website_phishing,multiclass,classification,defaults,42,,ok,1082,271,9,0,9,25,3.0,openml-schema,100,0,False,0.0028,0.0722,-K 5,3.9.6,Nominal attributes contribute a distance of 1 per mismatch in Weka but sqrt(2) across the corresponding one-hot columns. Neighbour-search structure is left to each library.,1.7391,2.6861,291.5,0.8634686346863468,0.7201345755693582,0.7036796536796537,0.7647546897546897,0.7036796536796537,,,,True,False
weka,knn,website_phishing,multiclass,classification,matched,42,,ok,1082,271,9,0,9,25,3.0,openml-schema,100,0,False,0.0049,0.0843,"-K 5 -A weka.core.neighboursearch.LinearNNSearch -A ""weka.core.EuclideanDistance -R first-last -D""",3.9.6,Nominal attributes contribute a distance of 1 per mismatch in Weka but sqrt(2) across the corresponding one-hot columns. Neighbour-search structure is left to each library.,1.9647,2.841,291.7,0.8634686346863468,0.7201345755693582,0.7036796536796537,0.7647546897546897,0.7036796536796537,,,,True,False
sklearn,logistic,website_phishing,multiclass,classification,defaults,42,,ok,1082,271,9,0,9,25,3.0,openml-schema,100,0,False,0.0173,0.0003,{'max_iter': 1000},1.8.0,Ridge 0.5 in Weka/TuiML corresponds to scikit-learn's C=1.0.,1.0494,1.0414,178.9,0.8671586715867159,0.6911503655269972,0.6790764790764792,0.750505757858699,0.6790764790764792,,,,,False
sklearn,logistic,website_phishing,multiclass,classification,matched,42,,ok,1082,271,9,0,9,25,3.0,openml-schema,100,0,False,0.0166,0.0002,"{'C': 1.0, 'max_iter': 1000}",1.8.0,Ridge 0.5 in Weka/TuiML corresponds to scikit-learn's C=1.0.,0.9941,0.9891,178.9,0.8671586715867159,0.6911503655269972,0.6790764790764792,0.750505757858699,0.6790764790764792,,,,,False
tuiml,logistic,website_phishing,multiclass,classification,defaults,42,,ok,1082,271,9,0,9,25,3.0,openml-schema,100,0,False,0.0235,0.0001,{},0.1.6,Ridge 0.5 in Weka/TuiML corresponds to scikit-learn's C=1.0.,0.0592,0.0592,282.6,0.8597785977859779,0.6855188505958866,0.6736652236652235,0.7449656617390291,0.6736652236652235,,,,,False
tuiml,logistic,website_phishing,multiclass,classification,matched,42,,ok,1082,271,9,0,9,25,3.0,openml-schema,100,0,False,0.0106,0.0001,"{'ridge': 0.5, 'max_iter': 1000}",0.1.6,Ridge 0.5 in Weka/TuiML corresponds to scikit-learn's C=1.0.,0.0476,0.0477,284.0,0.8671586715867159,0.600119420809076,0.6257575757575757,0.5765472910927456,0.6257575757575757,,,,,False
weka,logistic,website_phishing,multiclass,classification,defaults,42,,ok,1082,271,9,0,9,25,3.0,openml-schema,100,0,False,0.1957,0.0059,,3.9.6,Ridge 0.5 in Weka/TuiML corresponds to scikit-learn's C=1.0.,2.0765,3.2768,295.2,0.8597785977859779,0.6855188505958866,0.6736652236652235,0.7449656617390291,0.6736652236652235,,,,True,False
weka,logistic,website_phishing,multiclass,classification,matched,42,,ok,1082,271,9,0,9,25,3.0,openml-schema,100,0,False,0.1495,0.0055,-R 0.5 -M 1000,3.9.6,Ridge 0.5 in Weka/TuiML corresponds to scikit-learn's C=1.0.,2.0223,3.0988,285.8,0.8597785977859779,0.6855188505958866,0.6736652236652235,0.7449656617390291,0.6736652236652235,,,,True,False
sklearn,mlp,website_phishing,multiclass,classification,defaults,42,,ok,1082,271,9,0,9,25,3.0,openml-schema,100,0,False,1.0342,0.001,"{'max_iter': 300, 'random_state': 42}",1.8.0,"Weka updates weights per instance (online backprop); scikit-learn's SGD uses mini-batches. Same architecture and learning rate, different optimizer schedule and different divergence handling — the least matchable row in the table.",2.1421,2.1286,173.8,0.8856088560885609,0.8559168708529322,0.8766233766233765,0.8393993993993994,0.8766233766233765,,,,,False
sklearn,mlp,website_phishing,multiclass,classification,matched,42,,ok,1082,271,9,0,9,25,3.0,openml-schema,100,0,False,1.1519,0.0026,"{'hidden_layer_sizes': (100,), 'max_iter': 300, 'solver': 'sgd', 'learning_rate': 'adaptive', 'learning_rate_init': 0.05, 'momentum': 0.2, 'activation': 'logistic', 'random_state': 42}",1.8.0,"Weka updates weights per instance (online backprop); scikit-learn's SGD uses mini-batches. Same architecture and learning rate, different optimizer schedule and different divergence handling — the least matchable row in the table.",2.3627,2.3536,171.7,0.8560885608856088,0.5918861280563408,0.6179653679653679,0.5684200913242009,0.6179653679653679,,,,,False
tuiml,mlp,website_phishing,multiclass,classification,defaults,42,,ok,1082,271,9,0,9,25,3.0,openml-schema,100,0,False,0.6269,0.0004,{},0.1.6,"Weka updates weights per instance (online backprop); scikit-learn's SGD uses mini-batches. Same architecture and learning rate, different optimizer schedule and different divergence handling — the least matchable row in the table.",0.6597,0.6595,285.4,0.8708487084870848,0.808805297128182,0.8131313131313131,0.8047573264964569,0.8131313131313131,,,,,False
tuiml,mlp,website_phishing,multiclass,classification,matched,42,,ok,1082,271,9,0,9,25,3.0,openml-schema,100,0,False,0.713,0.0007,"{'hidden_layers': [100], 'max_epochs': 300, 'learning_rate': 0.05, 'momentum': 0.2, 'decay': True, 'activation': 'sigmoid', 'random_state': 42}",0.1.6,"Weka updates weights per instance (online backprop); scikit-learn's SGD uses mini-batches. Same architecture and learning rate, different optimizer schedule and different divergence handling — the least matchable row in the table.",0.7485,0.7484,285.0,0.8560885608856088,0.5920485644623575,0.6173160173160173,0.5688154269972452,0.6173160173160173,,,,,False
weka,mlp,website_phishing,multiclass,classification,defaults,42,,ok,1082,271,9,0,9,25,3.0,openml-schema,100,0,False,2.649,0.0064,,3.9.6,"Weka updates weights per instance (online backprop); scikit-learn's SGD uses mini-batches. Same architecture and learning rate, different optimizer schedule and different divergence handling — the least matchable row in the table.",4.532,5.7727,292.8,0.8708487084870848,0.8377612065598662,0.8523088023088023,0.8255052519611755,0.8523088023088023,,,,True,False
weka,mlp,website_phishing,multiclass,classification,matched,42,,ok,1082,271,9,0,9,25,3.0,openml-schema,100,0,False,12.4141,0.0121,-H 100 -N 300 -L 0.05 -M 0.2 -D -I -C -S 42,3.9.6,"Weka updates weights per instance (online backprop); scikit-learn's SGD uses mini-batches. Same architecture and learning rate, different optimizer schedule and different divergence handling — the least matchable row in the table.",14.2323,15.5658,284.2,0.8634686346863468,0.597218499657524,0.6233766233766234,0.5735132762782532,0.6233766233766234,,,,True,False
sklearn,naive_bayes,website_phishing,multiclass,classification,defaults,42,,ok,1082,271,9,0,9,25,3.0,openml-schema,100,0,False,0.0034,0.0003,{'alpha': 1.0},1.8.0,All three use add-one (Laplace) smoothing on discrete attributes.,1.1252,1.1145,174.9,0.8450184501845018,0.7038005958869268,0.6898268398268398,0.7385714856070588,0.6898268398268398,,,,,False
sklearn,naive_bayes,website_phishing,multiclass,classification,matched,42,,ok,1082,271,9,0,9,25,3.0,openml-schema,100,0,False,0.0042,0.0003,{'alpha': 1.0},1.8.0,All three use add-one (Laplace) smoothing on discrete attributes.,1.2143,1.1978,174.0,0.8450184501845018,0.7038005958869268,0.6898268398268398,0.7385714856070588,0.6898268398268398,,,,,False
tuiml,naive_bayes,website_phishing,multiclass,classification,defaults,42,,ok,1082,271,9,0,9,25,3.0,openml-schema,100,0,False,0.0011,0.0002,{'alpha': 1.0},0.1.6,All three use add-one (Laplace) smoothing on discrete attributes.,0.0412,0.0409,281.2,0.8450184501845018,0.7038005958869268,0.6898268398268398,0.7385714856070588,0.6898268398268398,,,,,False
tuiml,naive_bayes,website_phishing,multiclass,classification,matched,42,,ok,1082,271,9,0,9,25,3.0,openml-schema,100,0,False,0.001,0.0002,{'alpha': 1.0},0.1.6,All three use add-one (Laplace) smoothing on discrete attributes.,0.0378,0.0379,283.0,0.8450184501845018,0.7038005958869268,0.6898268398268398,0.7385714856070588,0.6898268398268398,,,,,False
weka,naive_bayes,website_phishing,multiclass,classification,defaults,42,,ok,1082,271,9,0,9,25,3.0,openml-schema,100,0,False,0.007,0.0067,,3.9.6,All three use add-one (Laplace) smoothing on discrete attributes.,2.0301,3.0985,283.4,0.8450184501845018,0.7038005958869268,0.6898268398268398,0.7385714856070588,0.6898268398268398,,,,True,False
weka,naive_bayes,website_phishing,multiclass,classification,matched,42,,ok,1082,271,9,0,9,25,3.0,openml-schema,100,0,False,0.0062,0.0065,,3.9.6,All three use add-one (Laplace) smoothing on discrete attributes.,1.8859,2.8405,295.1,0.8450184501845018,0.7038005958869268,0.6898268398268398,0.7385714856070588,0.6898268398268398,,,,True,False
sklearn,random_forest,website_phishing,multiclass,classification,defaults,42,,ok,1082,271,9,0,9,25,3.0,openml-schema,100,0,False,0.2301,0.0143,"{'n_estimators': 100, 'random_state': 42}",1.8.0,"sqrt(p) is evaluated on each library's own representation: Weka splits on intact nominal attributes, scikit-learn/TuiML on one-hot columns.",1.568,1.5492,186.9,0.8708487084870848,0.821026875250702,0.8131313131313131,0.8304442477186301,0.8131313131313131,,,,,False
sklearn,random_forest,website_phishing,multiclass,classification,matched,42,,ok,1082,271,9,0,9,25,3.0,openml-schema,100,0,False,0.2419,0.0138,"{'n_estimators': 100, 'max_features': 'sqrt', 'min_samples_leaf': 1, 'bootstrap': True, 'random_state': 42}",1.8.0,"sqrt(p) is evaluated on each library's own representation: Weka splits on intact nominal attributes, scikit-learn/TuiML on one-hot columns.",1.5975,1.5764,186.9,0.8708487084870848,0.821026875250702,0.8131313131313131,0.8304442477186301,0.8131313131313131,,,,,False
tuiml,random_forest,website_phishing,multiclass,classification,defaults,42,,ok,1082,271,9,0,9,25,3.0,openml-schema,100,0,False,0.6439,0.004,{'n_estimators': 100},0.1.6,"sqrt(p) is evaluated on each library's own representation: Weka splits on intact nominal attributes, scikit-learn/TuiML on one-hot columns.",0.704,0.7511,299.9,0.8745387453874539,0.8328658222116001,0.829004329004329,0.8372710974516583,0.829004329004329,,,,,False
tuiml,random_forest,website_phishing,multiclass,classification,matched,42,,ok,1082,271,9,0,9,25,3.0,openml-schema,100,0,False,0.6377,0.0083,"{'n_estimators': 100, 'max_features': 'sqrt', 'min_samples_leaf': 1, 'bootstrap': True, 'random_state': 42}",0.1.6,"sqrt(p) is evaluated on each library's own representation: Weka splits on intact nominal attributes, scikit-learn/TuiML on one-hot columns.",0.7054,0.7524,301.6,0.8745387453874539,0.8239898382136649,0.8161616161616161,0.8333427984432679,0.8161616161616161,,,,,False
weka,random_forest,website_phishing,multiclass,classification,defaults,42,,ok,1082,271,9,0,9,25,3.0,openml-schema,100,0,False,0.2711,0.0336,-I 100,3.9.6,"sqrt(p) is evaluated on each library's own representation: Weka splits on intact nominal attributes, scikit-learn/TuiML on one-hot columns.",2.3014,3.6142,318.2,0.8634686346863468,0.8114341777367895,0.8083694083694083,0.8153682418050234,0.8083694083694083,,,,True,False
weka,random_forest,website_phishing,multiclass,classification,matched,42,,ok,1082,271,9,0,9,25,3.0,openml-schema,100,0,False,0.2617,0.0457,-I 100 -K 3 -depth 0 -M 1 -P 100 -S 42,3.9.6,"sqrt(p) is evaluated on each library's own representation: Weka splits on intact nominal attributes, scikit-learn/TuiML on one-hot columns.",2.4468,3.895,321.3,0.8634686346863468,0.8017848745243897,0.794877344877345,0.8103047934237216,0.794877344877345,,,,True,False
sklearn,svm,website_phishing,multiclass,classification,defaults,42,,ok,1082,271,9,0,9,25,3.0,openml-schema,100,0,False,0.0298,0.0087,{},1.8.0,Both use one-vs-one for multiclass. Optimizer tolerances differ (SMO -T 1e-3 / -P 1e-12 vs libsvm tol 1e-3).,1.1861,1.1705,173.7,0.8745387453874539,0.8141878533337609,0.8020202020202021,0.8290554992682653,0.8020202020202021,,,,,False
sklearn,svm,website_phishing,multiclass,classification,matched,42,,ok,1082,271,9,0,9,25,3.0,openml-schema,100,0,False,0.0317,0.0087,"{'C': 1.0, 'kernel': 'rbf', 'gamma': 0.17361111111111108}",1.8.0,Both use one-vs-one for multiclass. Optimizer tolerances differ (SMO -T 1e-3 / -P 1e-12 vs libsvm tol 1e-3).,1.6016,1.5904,178.5,0.8745387453874539,0.8141878533337609,0.8020202020202021,0.8290554992682653,0.8020202020202021,,,,,False
tuiml,svm,website_phishing,multiclass,classification,defaults,42,,ok,1082,271,9,0,9,25,3.0,openml-schema,100,0,False,0.0265,0.0056,{},0.1.6,Both use one-vs-one for multiclass. Optimizer tolerances differ (SMO -T 1e-3 / -P 1e-12 vs libsvm tol 1e-3).,0.0684,0.0684,284.9,0.8745387453874539,0.8141878533337609,0.8020202020202021,0.8290554992682653,0.8020202020202021,,,,,False
tuiml,svm,website_phishing,multiclass,classification,matched,42,,ok,1082,271,9,0,9,25,3.0,openml-schema,100,0,False,0.0257,0.0054,"{'C': 1.0, 'kernel': 'rbf', 'gamma': 0.17361111111111108}",0.1.6,Both use one-vs-one for multiclass. Optimizer tolerances differ (SMO -T 1e-3 / -P 1e-12 vs libsvm tol 1e-3).,0.0715,0.0715,286.0,0.8745387453874539,0.8141878533337609,0.8020202020202021,0.8290554992682653,0.8020202020202021,,,,,False
weka,svm,website_phishing,multiclass,classification,defaults,42,,ok,1082,271,9,0,9,25,3.0,openml-schema,100,0,False,0.299,0.0085,,3.9.6,Both use one-vs-one for multiclass. Optimizer tolerances differ (SMO -T 1e-3 / -P 1e-12 vs libsvm tol 1e-3).,2.1743,3.5073,322.6,0.8782287822878229,0.7290101711154343,0.7003607503607503,0.9154744941578797,0.7003607503607503,,,,True,False
weka,svm,website_phishing,multiclass,classification,matched,42,,ok,1082,271,9,0,9,25,3.0,openml-schema,100,0,False,0.3266,0.0244,-N 2 -C 1.0 -K weka.classifiers.functions.supportVector.RBFKernel -G 0.1736111111,3.9.6,Both use one-vs-one for multiclass. Optimizer tolerances differ (SMO -T 1e-3 / -P 1e-12 vs libsvm tol 1e-3).,2.2549,3.6493,316.9,0.8708487084870848,0.8069201784190271,0.798989898989899,0.8159559335371206,0.798989898989899,,,,True,False
sklearn,decision_tree_reg,Another-Dataset-on-used-Fiat-500,regression,regression,defaults,42,,ok,1230,308,7,6,1,9,,openml-schema,100,0,False,0.0078,0.0002,{'random_state': 42},1.8.0,All three then reduce variance on binary splits; close match.,1.0805,1.0701,180.0,,,,,,1038.8421157993362,719.0714285714286,0.7381529723424548,,False
sklearn,decision_tree_reg,Another-Dataset-on-used-Fiat-500,regression,regression,matched,42,,ok,1230,308,7,6,1,9,,openml-schema,100,0,True,0.0067,0.0002,"{'min_samples_leaf': 1, 'random_state': 42}",1.8.0,All three then reduce variance on binary splits; close match.,1.0671,1.0615,181.0,,,,,,1055.3452180309432,732.8993506493506,0.7297674586822072,,False
tuiml,decision_tree_reg,Another-Dataset-on-used-Fiat-500,regression,regression,defaults,42,,ok,1230,308,7,6,1,9,,openml-schema,100,0,False,0.0189,0.0045,{},0.1.6,All three then reduce variance on binary splits; close match.,0.0952,0.0952,290.0,,,,,,1050.667320412041,724.6428571428571,0.7321578016445767,,False
tuiml,decision_tree_reg,Another-Dataset-on-used-Fiat-500,regression,regression,matched,42,,ok,1230,308,7,6,1,9,,openml-schema,100,0,True,0.0191,0.0045,"{'min_samples_leaf': 1, 'random_state': 42}",0.1.6,All three then reduce variance on binary splits; close match.,0.0966,0.0966,287.9,,,,,,1052.1879538655346,726.9448051948052,0.7313819432259528,,False
weka,decision_tree_reg,Another-Dataset-on-used-Fiat-500,regression,regression,defaults,42,,ok,1230,308,7,6,1,9,,openml-schema,100,0,False,0.0573,0.0021,,3.9.6,All three then reduce variance on binary splits; close match.,1.8139,2.5395,300.3,,,,,,836.7651040413366,642.529510384084,0.8301147502833067,True,False
weka,decision_tree_reg,Another-Dataset-on-used-Fiat-500,regression,regression,matched,42,,ok,1230,308,7,6,1,9,,openml-schema,100,0,True,0.0794,0.0028,-P -M 1 -V 1.0E-8 -L -1 -S 42,3.9.6,All three then reduce variance on binary splits; close match.,1.7943,2.4097,298.3,,,,,,1026.993831228621,695.1685992578845,0.744091788191608,True,False
sklearn,knn_reg,Another-Dataset-on-used-Fiat-500,regression,regression,defaults,42,,ok,1230,308,7,6,1,9,,openml-schema,100,0,False,0.0014,0.0057,{'n_neighbors': 5},1.8.0,See knn: nominal distance semantics differ between encodings.,1.0867,1.0848,180.0,,,,,,862.7521870350525,642.4045454545454,0.8193987757425464,,False
sklearn,knn_reg,Another-Dataset-on-used-Fiat-500,regression,regression,matched,42,,ok,1230,308,7,6,1,9,,openml-schema,100,0,True,0.0013,0.0042,"{'n_neighbors': 5, 'weights': 'uniform'}",1.8.0,See knn: nominal distance semantics differ between encodings.,1.1647,1.1142,181.0,,,,,,862.7521870350525,642.4045454545454,0.8193987757425464,,False
tuiml,knn_reg,Another-Dataset-on-used-Fiat-500,regression,regression,defaults,42,,ok,1230,308,7,6,1,9,,openml-schema,100,0,False,0.0,0.0056,{'k': 5},0.1.6,See knn: nominal distance semantics differ between encodings.,0.081,0.081,289.0,,,,,,862.7521870350525,642.4045454545454,0.8193987757425464,,False
tuiml,knn_reg,Another-Dataset-on-used-Fiat-500,regression,regression,matched,42,,ok,1230,308,7,6,1,9,,openml-schema,100,0,True,0.0,0.0055,"{'k': 5, 'distance_weighting': 'uniform'}",0.1.6,See knn: nominal distance semantics differ between encodings.,0.0795,0.0795,287.8,,,,,,862.7521870350525,642.4045454545454,0.8193987757425464,,False
weka,knn_reg,Another-Dataset-on-used-Fiat-500,regression,regression,defaults,42,,ok,1230,308,7,6,1,9,,openml-schema,100,0,False,0.0027,0.0713,-K 5,3.9.6,See knn: nominal distance semantics differ between encodings.,1.872,2.5273,294.3,,,,,,843.9351971152846,619.1747835497835,0.8271908428233413,True,False
weka,knn_reg,Another-Dataset-on-used-Fiat-500,regression,regression,matched,42,,ok,1230,308,7,6,1,9,,openml-schema,100,0,True,0.0027,0.094,"-K 5 -A weka.core.neighboursearch.LinearNNSearch -A ""weka.core.EuclideanDistance -R first-last -D""",3.9.6,See knn: nominal distance semantics differ between encodings.,1.827,2.4647,296.3,,,,,,857.2464789745629,642.6311688311688,0.8216964573169137,True,False
sklearn,linear_regression,Another-Dataset-on-used-Fiat-500,regression,regression,defaults,42,,ok,1230,308,7,6,1,9,,openml-schema,100,0,False,0.001,0.0001,{},1.8.0,Weka/TuiML keep a 1e-8 ridge term for conditioning; scikit-learn solves plain OLS by least squares.,1.0839,1.0505,181.0,,,,,,782.9157781272697,616.0321809921229,0.8512768267551265,,False
sklearn,linear_regression,Another-Dataset-on-used-Fiat-500,regression,regression,matched,42,,ok,1230,308,7,6,1,9,,openml-schema,100,0,True,0.0012,0.0001,{},1.8.0,Weka/TuiML keep a 1e-8 ridge term for conditioning; scikit-learn solves plain OLS by least squares.,1.0428,1.0354,181.0,,,,,,782.9157781272696,616.0321809921229,0.8512768267551265,,False
tuiml,linear_regression,Another-Dataset-on-used-Fiat-500,regression,regression,defaults,42,,ok,1230,308,7,6,1,9,,openml-schema,100,0,False,0.0019,0.0001,{},0.1.6,Weka/TuiML keep a 1e-8 ridge term for conditioning; scikit-learn solves plain OLS by least squares.,0.0857,0.0857,290.0,,,,,,782.9157781283405,616.032180992949,0.8512768267547197,,False
tuiml,linear_regression,Another-Dataset-on-used-Fiat-500,regression,regression,matched,42,,ok,1230,308,7,6,1,9,,openml-schema,100,0,True,0.002,0.0001,"{'ridge': 1e-08, 'attribute_selection': 'none', 'eliminate_colinear': False}",0.1.6,Weka/TuiML keep a 1e-8 ridge term for conditioning; scikit-learn solves plain OLS by least squares.,0.1194,0.1194,290.0,,,,,,782.9157781283407,616.032180992949,0.8512768267547197,,False
weka,linear_regression,Another-Dataset-on-used-Fiat-500,regression,regression,defaults,42,,ok,1230,308,7,6,1,9,,openml-schema,100,0,False,0.1125,0.0027,,3.9.6,Weka/TuiML keep a 1e-8 ridge term for conditioning; scikit-learn solves plain OLS by least squares.,2.5025,3.1702,289.8,,,,,,783.7954859222374,616.9665230116378,0.8509424192942733,True,False
weka,linear_regression,Another-Dataset-on-used-Fiat-500,regression,regression,matched,42,,ok,1230,308,7,6,1,9,,openml-schema,100,0,True,0.0822,0.0032,-S 1 -C -R 1.0E-8,3.9.6,Weka/TuiML keep a 1e-8 ridge term for conditioning; scikit-learn solves plain OLS by least squares.,1.8128,2.4985,300.3,,,,,,782.9157781283153,616.0321809929695,0.8512768267547293,True,False
sklearn,mlp_reg,Another-Dataset-on-used-Fiat-500,regression,regression,defaults,42,,ok,1230,308,7,6,1,9,,openml-schema,100,0,False,0.9187,0.0005,"{'max_iter': 300, 'random_state': 42}",1.8.0,"Target is left unscaled for all three, so none of them get Weka's default class normalization. See mlp for the optimizer difference.",2.0486,2.0327,178.0,,,,,,6814.046599872355,6701.3273823928785,-10.265714754726543,,False
sklearn,mlp_reg,Another-Dataset-on-used-Fiat-500,regression,regression,matched,42,,ok,1230,308,7,6,1,9,,openml-schema,100,0,True,0.4913,0.0008,"{'hidden_layer_sizes': (100,), 'max_iter': 300, 'solver': 'sgd', 'learning_rate': 'adaptive', 'learning_rate_init': 0.05, 'momentum': 0.2, 'activation': 'logistic', 'random_state': 42}",1.8.0,"Target is left unscaled for all three, so none of them get Weka's default class normalization. See mlp for the optimizer difference.",1.5633,1.5608,181.0,,,,,,785.2890660648168,614.0062865323367,0.8503737975936845,,False
tuiml,mlp_reg,Another-Dataset-on-used-Fiat-500,regression,regression,defaults,42,,ok,1230,308,7,6,1,9,,openml-schema,100,0,False,0.5396,0.0003,{},0.1.6,"Target is left unscaled for all three, so none of them get Weka's default class normalization. See mlp for the optimizer difference.",0.6112,0.6107,294.0,,,,,,769.8060478274684,591.6561370856266,0.8562157919674007,,False
tuiml,mlp_reg,Another-Dataset-on-used-Fiat-500,regression,regression,matched,42,,ok,1230,308,7,6,1,9,,openml-schema,100,0,True,0.6506,0.0007,"{'hidden_layers': [100], 'max_epochs': 300, 'learning_rate': 0.05, 'momentum': 0.2, 'decay': True, 'activation': 'sigmoid', 'random_state': 42}",0.1.6,"Target is left unscaled for all three, so none of them get Weka's default class normalization. See mlp for the optimizer difference.",0.7275,0.7275,293.0,,,,,,784.792019496685,612.1259751653774,0.8505631486418541,,False
weka,mlp_reg,Another-Dataset-on-used-Fiat-500,regression,regression,defaults,42,,ok,1230,308,7,6,1,9,,openml-schema,100,0,False,0.6883,0.0055,,3.9.6,"Target is left unscaled for all three, so none of them get Weka's default class normalization. See mlp for the optimizer difference.",2.3139,3.1994,295.2,,,,,,828.9517411844225,625.2216812515073,0.8332725728471451,True,False
weka,mlp_reg,Another-Dataset-on-used-Fiat-500,regression,regression,matched,42,,ok,1230,308,7,6,1,9,,openml-schema,100,0,True,9.1715,0.0085,-H 100 -N 300 -L 0.05 -M 0.2 -D -I -C -S 42,3.9.6,"Target is left unscaled for all three, so none of them get Weka's default class normalization. See mlp for the optimizer difference.",10.9454,11.7341,293.1,,,,,,783.7653520650978,618.8757844038962,0.8509538804307037,True,False
sklearn,random_forest_reg,Another-Dataset-on-used-Fiat-500,regression,regression,defaults,42,,ok,1230,308,7,6,1,9,,openml-schema,100,0,False,0.4813,0.017,"{'n_estimators': 100, 'random_state': 42}",1.8.0,scikit-learn's RandomForestRegressor defaults to all attributes per split; that default alone explains much of the untuned runtime gap.,1.5839,1.5772,192.0,,,,,,772.1516771468589,551.8208441558442,0.855338224730793,,False
sklearn,random_forest_reg,Another-Dataset-on-used-Fiat-500,regression,regression,matched,42,,ok,1230,308,7,6,1,9,,openml-schema,100,0,True,0.2804,0.0177,"{'n_estimators': 100, 'max_features': 'sqrt', 'min_samples_leaf': 1, 'bootstrap': True, 'random_state': 42}",1.8.0,scikit-learn's RandomForestRegressor defaults to all attributes per split; that default alone explains much of the untuned runtime gap.,1.3727,1.3674,192.0,,,,,,753.4307963669534,539.5440476190478,0.8622678622932323,,False
tuiml,random_forest_reg,Another-Dataset-on-used-Fiat-500,regression,regression,defaults,42,,ok,1230,308,7,6,1,9,,openml-schema,100,0,False,1.4033,0.0095,{'n_estimators': 100},0.1.6,scikit-learn's RandomForestRegressor defaults to all attributes per split; that default alone explains much of the untuned runtime gap.,1.557,1.5509,317.0,,,,,,775.0649774235676,573.4375172896059,0.8542445581692766,,False
tuiml,random_forest_reg,Another-Dataset-on-used-Fiat-500,regression,regression,matched,42,,ok,1230,308,7,6,1,9,,openml-schema,100,0,True,1.4585,0.0069,"{'n_estimators': 100, 'max_features': 'sqrt', 'min_samples_leaf': 1, 'bootstrap': True, 'random_state': 42}",0.1.6,scikit-learn's RandomForestRegressor defaults to all attributes per split; that default alone explains much of the untuned runtime gap.,1.5819,1.5478,318.6,,,,,,765.9767153729949,561.2461669555541,0.8576427178438986,,False
weka,random_forest_reg,Another-Dataset-on-used-Fiat-500,regression,regression,defaults,42,,ok,1230,308,7,6,1,9,,openml-schema,100,0,False,0.7302,0.0557,-I 100,3.9.6,scikit-learn's RandomForestRegressor defaults to all attributes per split; that default alone explains much of the untuned runtime gap.,2.5337,3.8299,450.5,,,,,,748.3842137018167,540.4955332577423,0.8641067803802778,True,False
weka,random_forest_reg,Another-Dataset-on-used-Fiat-500,regression,regression,matched,42,,ok,1230,308,7,6,1,9,,openml-schema,100,0,True,0.613,0.0545,-I 100 -K 2 -depth 0 -M 1 -V 1.0E-8 -P 100 -S 42,3.9.6,scikit-learn's RandomForestRegressor defaults to all attributes per split; that default alone explains much of the untuned runtime gap.,2.7206,3.9037,436.0,,,,,,770.1962602696826,559.3987406780112,0.856069987430768,True,False
sklearn,svm_reg,Another-Dataset-on-used-Fiat-500,regression,regression,defaults,42,,ok,1230,308,7,6,1,9,,openml-schema,100,0,False,0.0674,0.0219,{},1.8.0,Optimizer tolerances still differ between SMOreg and libsvm.,1.1867,1.1843,185.0,,,,,,1984.553127590059,1567.9608447028736,0.044404685533368626,,False
sklearn,svm_reg,Another-Dataset-on-used-Fiat-500,regression,regression,matched,42,,ok,1230,308,7,6,1,9,,openml-schema,100,0,True,0.0633,0.0143,"{'C': 1.0, 'epsilon': 0.1, 'kernel': 'rbf', 'gamma': 0.14516129032258068}",1.8.0,Optimizer tolerances still differ between SMOreg and libsvm.,1.141,1.1354,185.0,,,,,,782.1718963306748,593.1816069151248,0.8515593089992688,,False
tuiml,svm_reg,Another-Dataset-on-used-Fiat-500,regression,regression,defaults,42,,ok,1230,308,7,6,1,9,,openml-schema,100,0,False,0.0526,0.0064,{},0.1.6,Optimizer tolerances still differ between SMOreg and libsvm.,0.1492,0.1492,301.0,,,,,,1984.5531276718991,1567.96084470313,0.04440468545455367,,False
tuiml,svm_reg,Another-Dataset-on-used-Fiat-500,regression,regression,matched,42,,ok,1230,308,7,6,1,9,,openml-schema,100,0,True,0.0628,0.0052,"{'C': 1.0, 'epsilon': 0.1, 'kernel': 'rbf', 'gamma': 0.14516129032258068}",0.1.6,Optimizer tolerances still differ between SMOreg and libsvm.,0.1392,0.1392,295.0,,,,,,782.204311064207,593.2073135628013,0.8515470053990779,,False
weka,svm_reg,Another-Dataset-on-used-Fiat-500,regression,regression,defaults,42,,ok,1230,308,7,6,1,9,,openml-schema,100,0,False,0.7964,0.0066,,3.9.6,Optimizer tolerances still differ between SMOreg and libsvm.,2.9886,3.8272,298.8,,,,,,783.0713403145835,611.7892263571714,0.8512177195017905,True,False
weka,svm_reg,Another-Dataset-on-used-Fiat-500,regression,regression,matched,42,,ok,1230,308,7,6,1,9,,openml-schema,100,0,True,0.5859,0.0409,-N 2 -C 1.0 -I weka.classifiers.functions.supportVector.RegSMOImproved -L 0.1 -K weka.classifiers.functions.supportVector.RBFKernel -G 0.1451612903,3.9.6,Optimizer tolerances still differ between SMOreg and libsvm.,2.418,3.3842,296.6,,,,,,782.1960826797613,593.2762846084179,0.8515501286799637,True,False
sklearn,decision_tree_reg,Food_Delivery_Time,regression,regression,defaults,42,,ok,36360,9091,9,6,3,115,,openml-schema,100,1,False,0.7515,0.0075,{'random_state': 42},1.8.0,All three then reduce variance on binary splits; close match.,2.0319,2.0212,269.5,,,,,,10.639512540758208,8.211317053496131,-0.31031887700343574,,False
sklearn,decision_tree_reg,Food_Delivery_Time,regression,regression,matched,42,,ok,36360,9091,9,6,3,115,,openml-schema,100,1,True,0.7233,0.0075,"{'min_samples_leaf': 1, 'random_state': 42}",1.8.0,All three then reduce variance on binary splits; close match.,1.9427,1.9399,267.6,,,,,,10.514816735612294,8.143722729439371,-0.279784811010779,,False
tuiml,decision_tree_reg,Food_Delivery_Time,regression,regression,defaults,42,,ok,36360,9091,9,6,3,115,,openml-schema,100,1,False,3.3165,0.2764,{},0.1.6,All three then reduce variance on binary splits; close match.,3.8763,3.8751,407.4,,,,,,10.523645001907893,8.150432662340043,-0.2819347341961924,,False
tuiml,decision_tree_reg,Food_Delivery_Time,regression,regression,matched,42,,ok,36360,9091,9,6,3,115,,openml-schema,100,1,True,3.0257,0.2609,"{'min_samples_leaf': 1, 'random_state': 42}",0.1.6,All three then reduce variance on binary splits; close match.,3.5795,3.5789,408.0,,,,,,10.528868382471924,8.136334469988633,-0.2832076191618067,,False
weka,decision_tree_reg,Food_Delivery_Time,regression,regression,defaults,42,,ok,36360,9091,9,6,3,115,,openml-schema,100,1,False,1.3341,0.0406,,3.9.6,All three then reduce variance on binary splits; close match.,6.6757,8.7067,798.9,,,,,,7.916073725571857,6.1992918782691815,0.27464067812776516,True,False
weka,decision_tree_reg,Food_Delivery_Time,regression,regression,matched,42,,ok,36360,9091,9,6,3,115,,openml-schema,100,1,True,1.9087,0.061,-P -M 1 -V 1.0E-8 -L -1 -S 42,3.9.6,All three then reduce variance on binary splits; close match.,7.56,9.3595,833.2,,,,,,10.526404443450733,8.120692892913072,-0.28260710346372786,True,False
sklearn,knn_reg,Food_Delivery_Time,regression,regression,defaults,42,,ok,36360,9091,9,6,3,115,,openml-schema,100,1,False,0.0035,3.8243,{'n_neighbors': 5},1.8.0,See knn: nominal distance semantics differ between encodings.,5.1038,5.0549,270.5,,,,,,8.549207022326275,6.706434935650643,0.15397109006333543,,False
sklearn,knn_reg,Food_Delivery_Time,regression,regression,matched,42,,ok,36360,9091,9,6,3,115,,openml-schema,100,1,True,0.0037,3.746,"{'n_neighbors': 5, 'weights': 'uniform'}",1.8.0,See knn: nominal distance semantics differ between encodings.,5.0218,5.0059,270.1,,,,,,8.549207022326275,6.706434935650643,0.15397109006333543,,False
tuiml,knn_reg,Food_Delivery_Time,regression,regression,defaults,42,,ok,36360,9091,9,6,3,115,,openml-schema,100,1,False,0.0001,52.114,{'k': 5},0.1.6,See knn: nominal distance semantics differ between encodings.,52.3548,52.3212,377.9,,,,,,8.552572252549442,6.707534924650754,0.1533049130952524,,False
tuiml,knn_reg,Food_Delivery_Time,regression,regression,matched,42,,ok,36360,9091,9,6,3,115,,openml-schema,100,1,True,0.0,52.3197,"{'k': 5, 'distance_weighting': 'uniform'}",0.1.6,See knn: nominal distance semantics differ between encodings.,52.558,52.4801,378.0,,,,,,8.552572252549442,6.707534924650754,0.1533049130952524,,False
weka,knn_reg,Food_Delivery_Time,regression,regression,defaults,42,,ok,36360,9091,9,6,3,115,,openml-schema,100,1,False,0.0472,17.2491,-K 5,3.9.6,See knn: nominal distance semantics differ between encodings.,22.9072,24.4133,371.9,,,,,,8.712174053771792,6.895508640151694,0.12140925806586578,True,False
weka,knn_reg,Food_Delivery_Time,regression,regression,matched,42,,ok,36360,9091,9,6,3,115,,openml-schema,100,1,True,0.0788,11.1337,"-K 5 -A weka.core.neighboursearch.LinearNNSearch -A ""weka.core.EuclideanDistance -R first-last -D""",3.9.6,See knn: nominal distance semantics differ between encodings.,16.9722,18.6531,374.9,,,,,,8.54512390751251,6.7073028793521585,0.15477902657595932,True,False
sklearn,linear_regression,Food_Delivery_Time,regression,regression,defaults,42,,ok,36360,9091,9,6,3,115,,openml-schema,100,1,False,0.303,0.0012,{},1.8.0,Weka/TuiML keep a 1e-8 ridge term for conditioning; scikit-learn solves plain OLS by least squares.,1.5325,1.523,300.3,,,,,,8.297277772284103,6.578171459851071,0.2030982235449048,,False
sklearn,linear_regression,Food_Delivery_Time,regression,regression,matched,42,,ok,36360,9091,9,6,3,115,,openml-schema,100,1,True,0.313,0.003,{},1.8.0,Weka/TuiML keep a 1e-8 ridge term for conditioning; scikit-learn solves plain OLS by least squares.,1.6002,1.5945,302.9,,,,,,8.297277772284103,6.578171459851071,0.2030982235449048,,False
tuiml,linear_regression,Food_Delivery_Time,regression,regression,defaults,42,,ok,36360,9091,9,6,3,115,,openml-schema,100,1,False,0.559,0.006,{},0.1.6,Weka/TuiML keep a 1e-8 ridge term for conditioning; scikit-learn solves plain OLS by least squares.,0.8074,0.8073,507.5,,,,,,8.297277772284094,6.57817145985108,0.2030982235449066,,False
tuiml,linear_regression,Food_Delivery_Time,regression,regression,matched,42,,ok,36360,9091,9,6,3,115,,openml-schema,100,1,True,0.5379,0.0064,"{'ridge': 1e-08, 'attribute_selection': 'none', 'eliminate_colinear': False}",0.1.6,Weka/TuiML keep a 1e-8 ridge term for conditioning; scikit-learn solves plain OLS by least squares.,0.8006,0.8006,508.1,,,,,,8.297277772284094,6.57817145985108,0.2030982235449066,,False
weka,linear_regression,Food_Delivery_Time,regression,regression,defaults,42,,ok,36360,9091,9,6,3,115,,openml-schema,100,1,False,31.9401,0.0462,,3.9.6,Weka/TuiML keep a 1e-8 ridge term for conditioning; scikit-learn solves plain OLS by least squares.,38.1871,40.6739,880.0,,,,,,8.296696416098936,6.57799972216089,0.203209890903581,True,False
weka,linear_regression,Food_Delivery_Time,regression,regression,matched,42,,ok,36360,9091,9,6,3,115,,openml-schema,100,1,True,1.377,0.05,-S 1 -C -R 1.0E-8,3.9.6,Weka/TuiML keep a 1e-8 ridge term for conditioning; scikit-learn solves plain OLS by least squares.,7.094,8.5842,442.3,,,,,,8.297277772283532,6.57817145985072,0.20309822354501417,True,False
sklearn,mlp_reg,Food_Delivery_Time,regression,regression,defaults,42,,ok,36360,9091,9,6,3,115,,openml-schema,100,1,False,47.8642,0.0123,"{'max_iter': 300, 'random_state': 42}",1.8.0,"Target is left unscaled for all three, so none of them get Weka's default class normalization. See mlp for the optimizer difference.",49.1545,49.1353,270.5,,,,,,8.032566922282243,6.3188342229997,0.2531347707139875,,False
sklearn,mlp_reg,Food_Delivery_Time,regression,regression,matched,42,,ok,36360,9091,9,6,3,115,,openml-schema,100,1,True,40.0411,0.0207,"{'hidden_layer_sizes': (100,), 'max_iter': 300, 'solver': 'sgd', 'learning_rate': 'adaptive', 'learning_rate_init': 0.05, 'momentum': 0.2, 'activation': 'logistic', 'random_state': 42}",1.8.0,"Target is left unscaled for all three, so none of them get Weka's default class normalization. See mlp for the optimizer difference.",41.3534,41.2333,269.2,,,,,,8.056540844013247,6.320652095153661,0.24866994428932643,,False
tuiml,mlp_reg,Food_Delivery_Time,regression,regression,defaults,42,,ok,36360,9091,9,6,3,115,,openml-schema,100,1,False,59.6828,0.0253,{},0.1.6,"Target is left unscaled for all three, so none of them get Weka's default class normalization. See mlp for the optimizer difference.",59.9532,59.9379,497.2,,,,,,8.163533005834465,6.4433062727619195,0.22858186906554612,,False
tuiml,mlp_reg,Food_Delivery_Time,regression,regression,matched,42,,ok,36360,9091,9,6,3,115,,openml-schema,100,1,True,46.5598,0.0297,"{'hidden_layers': [100], 'max_epochs': 300, 'learning_rate': 0.05, 'momentum': 0.2, 'decay': True, 'activation': 'sigmoid', 'random_state': 42}",0.1.6,"Target is left unscaled for all three, so none of them get Weka's default class normalization. See mlp for the optimizer difference.",46.8554,46.7223,544.4,,,,,,8.348168996291013,6.6312838801956575,0.19329267512169213,,False
weka,mlp_reg,Food_Delivery_Time,regression,regression,defaults,42,,ok,36360,9091,9,6,3,115,,openml-schema,100,1,False,1736.8359,0.3834,,3.9.6,"Target is left unscaled for all three, so none of them get Weka's default class normalization. See mlp for the optimizer difference.",1743.0889,1747.9085,451.5,,,,,,9.031490931211858,6.924101942922985,0.0558251315377456,True,False
weka,mlp_reg,Food_Delivery_Time,regression,regression,matched,42,,ok,36360,9091,9,6,3,115,,openml-schema,100,1,True,2426.3646,0.6045,-H 100 -N 300 -L 0.05 -M 0.2 -D -I -C -S 42,3.9.6,"Target is left unscaled for all three, so none of them get Weka's default class normalization. See mlp for the optimizer difference.",2432.6997,2438.5718,404.4,,,,,,7.938141835748806,6.218888057138118,0.27059078616021215,True,False
sklearn,random_forest_reg,Food_Delivery_Time,regression,regression,defaults,42,,ok,36360,9091,9,6,3,115,,openml-schema,100,1,False,47.4695,0.5053,"{'n_estimators': 100, 'random_state': 42}",1.8.0,scikit-learn's RandomForestRegressor defaults to all attributes per split; that default alone explains much of the untuned runtime gap.,49.2916,49.1744,525.8,,,,,,7.836574993363016,6.138838446099666,0.28913664965819375,,False
sklearn,random_forest_reg,Food_Delivery_Time,regression,regression,matched,42,,ok,36360,9091,9,6,3,115,,openml-schema,100,1,True,10.9019,0.5269,"{'n_estimators': 100, 'max_features': 'sqrt', 'min_samples_leaf': 1, 'bootstrap': True, 'random_state': 42}",1.8.0,scikit-learn's RandomForestRegressor defaults to all attributes per split; that default alone explains much of the untuned runtime gap.,12.7625,12.7344,554.4,,,,,,7.844968307585098,6.139447908536788,0.2876131027861868,,False
tuiml,random_forest_reg,Food_Delivery_Time,regression,regression,defaults,42,,ok,36360,9091,9,6,3,115,,openml-schema,100,1,False,67.8729,0.2295,{'n_estimators': 100},0.1.6,scikit-learn's RandomForestRegressor defaults to all attributes per split; that default alone explains much of the untuned runtime gap.,68.5644,74.0868,2401.2,,,,,,7.68571986170695,6.038900349725115,0.3162416584912371,,False
tuiml,random_forest_reg,Food_Delivery_Time,regression,regression,matched,42,,ok,36360,9091,9,6,3,115,,openml-schema,100,1,True,69.2833,0.6579,"{'n_estimators': 100, 'max_features': 'sqrt', 'min_samples_leaf': 1, 'bootstrap': True, 'random_state': 42}",0.1.6,scikit-learn's RandomForestRegressor defaults to all attributes per split; that default alone explains much of the untuned runtime gap.,70.4351,75.6861,2458.8,,,,,,7.691743722205405,6.040395034843706,0.31516941566537526,,False
weka,random_forest_reg,Food_Delivery_Time,regression,regression,defaults,42,,ok,36360,9091,9,6,3,115,,openml-schema,100,1,False,25.8949,1.2258,-I 100,3.9.6,scikit-learn's RandomForestRegressor defaults to all attributes per split; that default alone explains much of the untuned runtime gap.,32.9454,37.1367,1317.4,,,,,,7.890618800844844,6.184484204254237,0.2792981083674482,True,False
weka,random_forest_reg,Food_Delivery_Time,regression,regression,matched,42,,ok,36360,9091,9,6,3,115,,openml-schema,100,1,True,21.4566,1.6288,-I 100 -K 3 -depth 0 -M 1 -V 1.0E-8 -P 100 -S 42,3.9.6,scikit-learn's RandomForestRegressor defaults to all attributes per split; that default alone explains much of the untuned runtime gap.,28.7257,32.5772,1344.5,,,,,,7.867390202667414,6.16021811223152,0.28353510268668813,True,False
sklearn,svm_reg,Food_Delivery_Time,regression,regression,defaults,42,,ok,36360,9091,9,6,3,115,,openml-schema,100,1,False,216.0366,53.2901,{},1.8.0,Optimizer tolerances still differ between SMOreg and libsvm.,270.5903,270.3844,432.5,,,,,,8.054740231417735,6.240058315459592,0.2490057467654644,,False
sklearn,svm_reg,Food_Delivery_Time,regression,regression,matched,42,,ok,36360,9091,9,6,3,115,,openml-schema,100,1,True,207.767,60.7644,"{'C': 1.0, 'epsilon': 0.1, 'kernel': 'rbf', 'gamma': 0.11208576998050683}",1.8.0,Optimizer tolerances still differ between SMOreg and libsvm.,269.7687,269.6776,433.9,,,,,,8.045042574845487,6.234348901042906,0.2508130055878287,,False
tuiml,svm_reg,Food_Delivery_Time,regression,regression,defaults,42,,ok,36360,9091,9,6,3,115,,openml-schema,100,1,False,757.0219,64.1806,{},0.1.6,Optimizer tolerances still differ between SMOreg and libsvm.,821.4849,820.8626,531.5,,,,,,8.05473136642429,6.240057967674419,0.24900739984309972,,False
tuiml,svm_reg,Food_Delivery_Time,regression,regression,matched,42,,ok,36360,9091,9,6,3,115,,openml-schema,100,1,True,751.7478,64.1342,"{'C': 1.0, 'epsilon': 0.1, 'kernel': 'rbf', 'gamma': 0.11208576998050683}",0.1.6,Optimizer tolerances still differ between SMOreg and libsvm.,816.1725,815.6542,533.9,,,,,,8.044973312577685,6.2343480250610845,0.25082590549889494,,False
sklearn,decision_tree_reg,QSAR-TID-11,regression,regression,defaults,42,,ok,4593,1149,1024,1024,0,1024,,openml-schema,100,0,False,0.8596,0.0027,{'random_state': 42},1.8.0,All three then reduce variance on binary splits; close match.,3.4352,3.4282,544.7,,,,,,1.0234578488005062,0.6710831882796634,0.5476406322943436,,False
sklearn,decision_tree_reg,QSAR-TID-11,regression,regression,matched,42,,ok,4593,1149,1024,1024,0,1024,,openml-schema,100,0,True,0.8957,0.0055,"{'min_samples_leaf': 1, 'random_state': 42}",1.8.0,All three then reduce variance on binary splits; close match.,3.5883,3.5523,539.1,,,,,,0.9970358692344503,0.6623828691615897,0.5706957064470765,,False
tuiml,decision_tree_reg,QSAR-TID-11,regression,regression,defaults,42,,ok,4593,1149,1024,1024,0,1024,,openml-schema,100,0,False,6.8857,0.0366,{},0.1.6,All three then reduce variance on binary splits; close match.,8.9871,8.9748,662.4,,,,,,1.0609215647213635,0.6898107049608355,0.5139172369902704,,False
tuiml,decision_tree_reg,QSAR-TID-11,regression,regression,matched,42,,ok,4593,1149,1024,1024,0,1024,,openml-schema,100,0,True,6.8659,0.0356,"{'min_samples_leaf': 1, 'random_state': 42}",0.1.6,All three then reduce variance on binary splits; close match.,8.7804,8.778,669.3,,,,,,1.0047629708246066,0.662145851465042,0.564015640932088,,False
weka,decision_tree_reg,QSAR-TID-11,regression,regression,defaults,42,,ok,4593,1149,1024,1024,0,1024,,openml-schema,100,0,False,5.0862,0.0089,,3.9.6,All three then reduce variance on binary splits; close match.,28.0791,29.6686,1072.7,,,,,,1.065305022676818,0.7582072624895176,0.5098921983278586,True,False
weka,decision_tree_reg,QSAR-TID-11,regression,regression,matched,42,,ok,4593,1149,1024,1024,0,1024,,openml-schema,100,0,True,11.749,0.0134,-P -M 1 -V 1.0E-8 -L -1 -S 42,3.9.6,All three then reduce variance on binary splits; close match.,34.8075,37.4323,1117.7,,,,,,0.9937212434786193,0.6540209239918772,0.5735453887363418,True,False
sklearn,knn_reg,QSAR-TID-11,regression,regression,defaults,42,,ok,4593,1149,1024,1024,0,1024,,openml-schema,100,0,False,0.0284,0.392,{'n_neighbors': 5},1.8.0,See knn: nominal distance semantics differ between encodings.,2.888,2.8797,543.3,,,,,,0.857681718633828,0.6124134029590949,0.6823155386580817,,False
sklearn,knn_reg,QSAR-TID-11,regression,regression,matched,42,,ok,4593,1149,1024,1024,0,1024,,openml-schema,100,0,True,0.0356,0.394,"{'n_neighbors': 5, 'weights': 'uniform'}",1.8.0,See knn: nominal distance semantics differ between encodings.,2.9566,2.9451,550.5,,,,,,0.8576817186338281,0.6124134029590949,0.6823155386580816,,False
tuiml,knn_reg,QSAR-TID-11,regression,regression,defaults,42,,ok,4593,1149,1024,1024,0,1024,,openml-schema,100,0,False,0.0232,7.5095,{'k': 5},0.1.6,See knn: nominal distance semantics differ between encodings.,9.1898,9.1618,664.8,,,,,,0.8578260149490755,0.6126838990426458,0.68220863524087,,False
tuiml,knn_reg,QSAR-TID-11,regression,regression,matched,42,,ok,4593,1149,1024,1024,0,1024,,openml-schema,100,0,True,0.0422,7.4062,"{'k': 5, 'distance_weighting': 'uniform'}",0.1.6,See knn: nominal distance semantics differ between encodings.,9.4054,9.4033,664.2,,,,,,0.8578260149490755,0.6126838990426458,0.68220863524087,,False
weka,knn_reg,QSAR-TID-11,regression,regression,defaults,42,,ok,4593,1149,1024,1024,0,1024,,openml-schema,100,0,False,0.0168,17.7768,-K 5,3.9.6,See knn: nominal distance semantics differ between encodings.,40.5583,41.6604,641.1,,,,,,0.8042492280453489,0.5684582986397607,0.7206652464647035,True,False
weka,knn_reg,QSAR-TID-11,regression,regression,matched,42,,ok,4593,1149,1024,1024,0,1024,,openml-schema,100,0,True,0.0262,14.8183,"-K 5 -A weka.core.neighboursearch.LinearNNSearch -A ""weka.core.EuclideanDistance -R first-last -D""",3.9.6,See knn: nominal distance semantics differ between encodings.,37.58,38.5502,639.1,,,,,,0.8662924742546229,0.6184297598325665,0.6759046875472376,True,False
sklearn,linear_regression,QSAR-TID-11,regression,regression,defaults,42,,ok,4593,1149,1024,1024,0,1024,,openml-schema,100,0,False,0.8063,0.0016,{},1.8.0,Weka/TuiML keep a 1e-8 ridge term for conditioning; scikit-learn solves plain OLS by least squares.,3.4485,3.4392,543.0,,,,,,0.9284374798648947,0.7170621457810553,0.6277377528171708,,False
sklearn,linear_regression,QSAR-TID-11,regression,regression,matched,42,,ok,4593,1149,1024,1024,0,1024,,openml-schema,100,0,True,0.7776,0.0015,{},1.8.0,Weka/TuiML keep a 1e-8 ridge term for conditioning; scikit-learn solves plain OLS by least squares.,3.3927,3.3867,541.0,,,,,,0.9284374798648946,0.7170621457810553,0.627737752817171,,False
tuiml,linear_regression,QSAR-TID-11,regression,regression,defaults,42,,ok,4593,1149,1024,1024,0,1024,,openml-schema,100,0,False,1.5812,0.0105,{},0.1.6,Weka/TuiML keep a 1e-8 ridge term for conditioning; scikit-learn solves plain OLS by least squares.,3.3898,3.3891,662.1,,,,,,0.9284374798612914,0.7170621457787076,0.6277377528200604,,False
tuiml,linear_regression,QSAR-TID-11,regression,regression,matched,42,,ok,4593,1149,1024,1024,0,1024,,openml-schema,100,0,True,1.22,0.0097,"{'ridge': 1e-08, 'attribute_selection': 'none', 'eliminate_colinear': False}",0.1.6,Weka/TuiML keep a 1e-8 ridge term for conditioning; scikit-learn solves plain OLS by least squares.,2.9369,2.897,663.8,,,,,,0.9284374798612914,0.7170621457787075,0.6277377528200604,,False
weka,linear_regression,QSAR-TID-11,regression,regression,defaults,42,,ok,4593,1149,1024,1024,0,1024,,openml-schema,100,0,False,1659.6173,0.02,,3.9.6,Weka/TuiML keep a 1e-8 ridge term for conditioning; scikit-learn solves plain OLS by least squares.,1682.5984,1690.615,1052.8,,,,,,0.9251706307695283,0.7192888018416415,0.6303528670315692,True,False
weka,linear_regression,QSAR-TID-11,regression,regression,matched,42,,ok,4593,1149,1024,1024,0,1024,,openml-schema,100,0,True,6.6657,0.014,-S 1 -C -R 1.0E-8,3.9.6,Weka/TuiML keep a 1e-8 ridge term for conditioning; scikit-learn solves plain OLS by least squares.,29.0478,30.4244,648.2,,,,,,0.9284374798612655,0.7170621457786784,0.6277377528200813,True,False
sklearn,mlp_reg,QSAR-TID-11,regression,regression,defaults,42,,ok,4593,1149,1024,1024,0,1024,,openml-schema,100,0,False,6.4992,0.0099,"{'max_iter': 300, 'random_state': 42}",1.8.0,"Target is left unscaled for all three, so none of them get Weka's default class normalization. See mlp for the optimizer difference.",9.318,9.2812,542.9,,,,,,0.9794867932451865,0.7330839505817535,0.5856752892957688,,False
sklearn,mlp_reg,QSAR-TID-11,regression,regression,matched,42,,ok,4593,1149,1024,1024,0,1024,,openml-schema,100,0,True,44.9323,0.0136,"{'hidden_layer_sizes': (100,), 'max_iter': 300, 'solver': 'sgd', 'learning_rate': 'adaptive', 'learning_rate_init': 0.05, 'momentum': 0.2, 'activation': 'logistic', 'random_state': 42}",1.8.0,"Target is left unscaled for all three, so none of them get Weka's default class normalization. See mlp for the optimizer difference.",47.7458,47.6315,546.0,,,,,,0.8792306454656027,0.6447627509883546,0.6661515990283684,,False
tuiml,mlp_reg,QSAR-TID-11,regression,regression,defaults,42,,ok,4593,1149,1024,1024,0,1024,,openml-schema,100,0,False,4.2703,0.0142,{},0.1.6,"Target is left unscaled for all three, so none of them get Weka's default class normalization. See mlp for the optimizer difference.",6.0787,6.0721,665.2,,,,,,0.8679824083914176,0.6652470742725594,0.6746389857999338,,False
tuiml,mlp_reg,QSAR-TID-11,regression,regression,matched,42,,ok,4593,1149,1024,1024,0,1024,,openml-schema,100,0,True,21.8662,0.017,"{'hidden_layers': [100], 'max_epochs': 300, 'learning_rate': 0.05, 'momentum': 0.2, 'decay': True, 'activation': 'sigmoid', 'random_state': 42}",0.1.6,"Target is left unscaled for all three, so none of them get Weka's default class normalization. See mlp for the optimizer difference.",23.8347,23.7715,663.0,,,,,,0.8977693772921655,0.6977942036289313,0.6519246714069284,,False
weka,mlp_reg,QSAR-TID-11,regression,regression,matched,42,,ok,4593,1149,1024,1024,0,1024,,openml-schema,100,0,True,2112.1143,0.6525,-H 100 -N 300 -L 0.05 -M 0.2 -D -I -C -S 42,3.9.6,"Target is left unscaled for all three, so none of them get Weka's default class normalization. See mlp for the optimizer difference.",2136.7177,2141.0855,642.6,,,,,,6.467375454610605e+63,1.546349030537413e+63,-1.8063413121696396e+127,True,True
sklearn,random_forest_reg,QSAR-TID-11,regression,regression,defaults,42,,ok,4593,1149,1024,1024,0,1024,,openml-schema,100,0,False,64.4282,0.0576,"{'n_estimators': 100, 'random_state': 42}",1.8.0,scikit-learn's RandomForestRegressor defaults to all attributes per split; that default alone explains much of the untuned runtime gap.,67.1971,67.1717,546.0,,,,,,0.7302881635739455,0.5276847376672982,0.7696797146449657,,False
sklearn,random_forest_reg,QSAR-TID-11,regression,regression,matched,42,,ok,4593,1149,1024,1024,0,1024,,openml-schema,100,0,True,5.721,0.0676,"{'n_estimators': 100, 'max_features': 'sqrt', 'min_samples_leaf': 1, 'bootstrap': True, 'random_state': 42}",1.8.0,scikit-learn's RandomForestRegressor defaults to all attributes per split; that default alone explains much of the untuned runtime gap.,8.5244,8.4651,539.4,,,,,,0.7325094296778272,0.539530873715082,0.768276485833856,,False
tuiml,random_forest_reg,QSAR-TID-11,regression,regression,defaults,42,,ok,4593,1149,1024,1024,0,1024,,openml-schema,100,0,False,43.2974,0.9043,{'n_estimators': 100},0.1.6,scikit-learn's RandomForestRegressor defaults to all attributes per split; that default alone explains much of the untuned runtime gap.,46.4012,55.0071,2340.4,,,,,,0.7306670936022118,0.5446998894215596,0.7694406366503392,,False
tuiml,random_forest_reg,QSAR-TID-11,regression,regression,matched,42,,ok,4593,1149,1024,1024,0,1024,,openml-schema,100,0,True,43.1304,0.6377,"{'n_estimators': 100, 'max_features': 'sqrt', 'min_samples_leaf': 1, 'bootstrap': True, 'random_state': 42}",0.1.6,scikit-learn's RandomForestRegressor defaults to all attributes per split; that default alone explains much of the untuned runtime gap.,45.7675,54.1391,2400.8,,,,,,0.7368650255032453,0.5478216542640578,0.7655125769305817,,False
weka,random_forest_reg,QSAR-TID-11,regression,regression,defaults,42,,ok,4593,1149,1024,1024,0,1024,,openml-schema,100,0,False,18.7037,0.249,-I 100,3.9.6,scikit-learn's RandomForestRegressor defaults to all attributes per split; that default alone explains much of the untuned runtime gap.,41.5255,46.0099,1074.7,,,,,,0.7489560747864471,0.5568365256286342,0.7577541409760451,True,False
weka,random_forest_reg,QSAR-TID-11,regression,regression,matched,42,,ok,4593,1149,1024,1024,0,1024,,openml-schema,100,0,True,28.5457,0.2099,-I 100 -K 32 -depth 0 -M 1 -V 1.0E-8 -P 100 -S 42,3.9.6,scikit-learn's RandomForestRegressor defaults to all attributes per split; that default alone explains much of the untuned runtime gap.,51.7239,57.0549,1054.8,,,,,,0.7379012180761828,0.5417704457065997,0.7648526325579663,True,False
sklearn,svm_reg,QSAR-TID-11,regression,regression,defaults,42,,ok,4593,1149,1024,1024,0,1024,,openml-schema,100,0,False,13.6682,4.5469,{},1.8.0,Optimizer tolerances still differ between SMOreg and libsvm.,20.7058,20.6816,541.2,,,,,,0.7679068577543867,0.5725204780228992,0.7453399859895706,,False
sklearn,svm_reg,QSAR-TID-11,regression,regression,matched,42,,ok,4593,1149,1024,1024,0,1024,,openml-schema,100,0,True,14.5384,5.0663,"{'C': 1.0, 'epsilon': 0.1, 'kernel': 'rbf', 'gamma': 0.0009765625}",1.8.0,Optimizer tolerances still differ between SMOreg and libsvm.,22.1831,22.1593,537.9,,,,,,0.7434784837271304,0.5548605051976665,0.7612845788169971,,False
tuiml,svm_reg,QSAR-TID-11,regression,regression,defaults,42,,ok,4593,1149,1024,1024,0,1024,,openml-schema,100,0,False,26.7683,6.8984,{},0.1.6,Optimizer tolerances still differ between SMOreg and libsvm.,35.4747,35.4177,663.5,,,,,,0.7679075553800339,0.5725191225411975,0.7453395232838766,,False
tuiml,svm_reg,QSAR-TID-11,regression,regression,matched,42,,ok,4593,1149,1024,1024,0,1024,,openml-schema,100,0,True,24.1835,6.4411,"{'C': 1.0, 'epsilon': 0.1, 'kernel': 'rbf', 'gamma': 0.0009765625}",0.1.6,Optimizer tolerances still differ between SMOreg and libsvm.,32.3418,32.3346,665.2,,,,,,0.7434745999769597,0.5548557091951892,0.7612870727926979,,False
weka,svm_reg,QSAR-TID-11,regression,regression,matched,42,,ok,4593,1149,1024,1024,0,1024,,openml-schema,100,0,True,219.4119,14.0997,-N 2 -C 1.0 -I weka.classifiers.functions.supportVector.RegSMOImproved -L 0.1 -K weka.classifiers.functions.supportVector.RBFKernel -G 0.0009765625,3.9.6,Optimizer tolerances still differ between SMOreg and libsvm.,256.6159,258.371,643.5,,,,,,0.7434940379377922,0.5548587330792965,0.7612745904478097,True,False
sklearn,decision_tree_reg,QSAR_fish_toxicity,regression,regression,defaults,42,,ok,725,182,6,6,0,6,,openml-schema,100,0,False,0.0048,0.0003,{'random_state': 42},1.8.0,All three then reduce variance on binary splits; close match.,1.2401,1.2304,181.0,,,,,,1.2655703347765717,0.8731110805860806,0.3605625552917999,,False
sklearn,decision_tree_reg,QSAR_fish_toxicity,regression,regression,matched,42,,ok,725,182,6,6,0,6,,openml-schema,100,0,True,0.005,0.0004,"{'min_samples_leaf': 1, 'random_state': 42}",1.8.0,All three then reduce variance on binary splits; close match.,1.2543,1.2502,180.0,,,,,,1.2563735523464805,0.8645066849816849,0.3698222533122195,,False
tuiml,decision_tree_reg,QSAR_fish_toxicity,regression,regression,defaults,42,,ok,725,182,6,6,0,6,,openml-schema,100,0,False,0.0132,0.0027,{},0.1.6,All three then reduce variance on binary splits; close match.,0.1018,0.1006,287.2,,,,,,1.2155604704923928,0.8536747252747254,0.4100996838231673,,False
tuiml,decision_tree_reg,QSAR_fish_toxicity,regression,regression,matched,42,,ok,725,182,6,6,0,6,,openml-schema,100,0,True,0.013,0.0027,"{'min_samples_leaf': 1, 'random_state': 42}",0.1.6,All three then reduce variance on binary splits; close match.,0.096,0.096,288.0,,,,,,1.24534076121847,0.8620533882783883,0.3808414161610367,,False
weka,decision_tree_reg,QSAR_fish_toxicity,regression,regression,defaults,42,,ok,725,182,6,6,0,6,,openml-schema,100,0,False,0.036,0.0018,,3.9.6,All three then reduce variance on binary splits; close match.,1.9051,2.5258,290.7,,,,,,1.0588914853861005,0.7728873792610943,0.552360497839701,True,False
weka,decision_tree_reg,QSAR_fish_toxicity,regression,regression,matched,42,,ok,725,182,6,6,0,6,,openml-schema,100,0,True,0.0619,0.0022,-P -M 1 -V 1.0E-8 -L -1 -S 42,3.9.6,All three then reduce variance on binary splits; close match.,1.8883,2.4643,296.2,,,,,,1.2366831406252674,0.8356907509157508,0.38942028446348664,True,False
sklearn,knn_reg,QSAR_fish_toxicity,regression,regression,defaults,42,,ok,725,182,6,6,0,6,,openml-schema,100,0,False,0.0009,0.0018,{'n_neighbors': 5},1.8.0,See knn: nominal distance semantics differ between encodings.,1.1229,1.1193,180.0,,,,,,0.9011780845093826,0.6652340659340659,0.6757748236030079,,False
sklearn,knn_reg,QSAR_fish_toxicity,regression,regression,matched,42,,ok,725,182,6,6,0,6,,openml-schema,100,0,True,0.0009,0.0017,"{'n_neighbors': 5, 'weights': 'uniform'}",1.8.0,See knn: nominal distance semantics differ between encodings.,1.0948,1.0911,180.0,,,,,,0.9011780845093826,0.6652340659340659,0.6757748236030079,,False
tuiml,knn_reg,QSAR_fish_toxicity,regression,regression,defaults,42,,ok,725,182,6,6,0,6,,openml-schema,100,0,False,0.0001,0.0019,{'k': 5},0.1.6,See knn: nominal distance semantics differ between encodings.,0.1276,0.1275,283.5,,,,,,0.9017689859138226,0.6666824175824175,0.675349496075746,,False
tuiml,knn_reg,QSAR_fish_toxicity,regression,regression,matched,42,,ok,725,182,6,6,0,6,,openml-schema,100,0,True,0.0,0.0017,"{'k': 5, 'distance_weighting': 'uniform'}",0.1.6,See knn: nominal distance semantics differ between encodings.,0.0775,0.0775,287.6,,,,,,0.9017689859138226,0.6666824175824175,0.675349496075746,,False
weka,knn_reg,QSAR_fish_toxicity,regression,regression,defaults,42,,ok,725,182,6,6,0,6,,openml-schema,100,0,False,0.009,0.0576,-K 5,3.9.6,See knn: nominal distance semantics differ between encodings.,1.9346,2.6111,293.8,,,,,,0.9153007892332486,0.684965508895866,0.6655330841791882,True,False
weka,knn_reg,QSAR_fish_toxicity,regression,regression,matched,42,,ok,725,182,6,6,0,6,,openml-schema,100,0,True,0.011,0.0497,"-K 5 -A weka.core.neighboursearch.LinearNNSearch -A ""weka.core.EuclideanDistance -R first-last -D""",3.9.6,See knn: nominal distance semantics differ between encodings.,1.9524,2.5406,285.7,,,,,,0.9017887484218808,0.6681342948717949,0.6753352663149019,True,False
sklearn,linear_regression,QSAR_fish_toxicity,regression,regression,defaults,42,,ok,725,182,6,6,0,6,,openml-schema,100,0,False,0.001,0.0001,{},1.8.0,Weka/TuiML keep a 1e-8 ridge term for conditioning; scikit-learn solves plain OLS by least squares.,1.124,1.1174,179.0,,,,,,0.9552254663994554,0.7073203259230104,0.6357183656652929,,False
sklearn,linear_regression,QSAR_fish_toxicity,regression,regression,matched,42,,ok,725,182,6,6,0,6,,openml-schema,100,0,True,0.0009,0.0001,{},1.8.0,Weka/TuiML keep a 1e-8 ridge term for conditioning; scikit-learn solves plain OLS by least squares.,1.0793,1.0715,180.0,,,,,,0.9552254663994552,0.7073203259230103,0.6357183656652929,,False
tuiml,linear_regression,QSAR_fish_toxicity,regression,regression,defaults,42,,ok,725,182,6,6,0,6,,openml-schema,100,0,False,0.0018,0.0001,{},0.1.6,Weka/TuiML keep a 1e-8 ridge term for conditioning; scikit-learn solves plain OLS by least squares.,0.0937,0.0937,288.3,,,,,,0.955225466400652,0.7073203259237864,0.6357183656643802,,False
tuiml,linear_regression,QSAR_fish_toxicity,regression,regression,matched,42,,ok,725,182,6,6,0,6,,openml-schema,100,0,True,0.0008,0.0,"{'ridge': 1e-08, 'attribute_selection': 'none', 'eliminate_colinear': False}",0.1.6,Weka/TuiML keep a 1e-8 ridge term for conditioning; scikit-learn solves plain OLS by least squares.,0.0667,0.0667,290.0,,,,,,0.955225466400652,0.7073203259237862,0.6357183656643802,,False
weka,linear_regression,QSAR_fish_toxicity,regression,regression,defaults,42,,ok,725,182,6,6,0,6,,openml-schema,100,0,False,0.1091,0.002,,3.9.6,Weka/TuiML keep a 1e-8 ridge term for conditioning; scikit-learn solves plain OLS by least squares.,2.0863,2.6956,297.5,,,,,,0.9586405305514214,0.7083862855211406,0.6331089943454127,True,False
weka,linear_regression,QSAR_fish_toxicity,regression,regression,matched,42,,ok,725,182,6,6,0,6,,openml-schema,100,0,True,0.0852,0.003,-S 1 -C -R 1.0E-8,3.9.6,Weka/TuiML keep a 1e-8 ridge term for conditioning; scikit-learn solves plain OLS by least squares.,1.8113,2.4968,293.6,,,,,,0.9552254664006535,0.7073203259237875,0.635718365664379,True,False
sklearn,mlp_reg,QSAR_fish_toxicity,regression,regression,defaults,42,,ok,725,182,6,6,0,6,,openml-schema,100,0,False,0.6101,0.0005,"{'max_iter': 300, 'random_state': 42}",1.8.0,"Target is left unscaled for all three, so none of them get Weka's default class normalization. See mlp for the optimizer difference.",1.8416,1.8379,180.0,,,,,,0.8942146818553581,0.6689170581857852,0.6807660408299951,,False
sklearn,mlp_reg,QSAR_fish_toxicity,regression,regression,matched,42,,ok,725,182,6,6,0,6,,openml-schema,100,0,True,0.3504,0.0008,"{'hidden_layer_sizes': (100,), 'max_iter': 300, 'solver': 'sgd', 'learning_rate': 'adaptive', 'learning_rate_init': 0.05, 'momentum': 0.2, 'activation': 'logistic', 'random_state': 42}",1.8.0,"Target is left unscaled for all three, so none of them get Weka's default class normalization. See mlp for the optimizer difference.",1.6325,1.6199,178.0,,,,,,0.9487217302165083,0.7031231273154035,0.6406619654848762,,False
tuiml,mlp_reg,QSAR_fish_toxicity,regression,regression,defaults,42,,ok,725,182,6,6,0,6,,openml-schema,100,0,False,0.3565,0.0001,{},0.1.6,"Target is left unscaled for all three, so none of them get Weka's default class normalization. See mlp for the optimizer difference.",0.4325,0.4321,288.7,,,,,,0.9117854700077815,0.6733251760880373,0.6680972689271534,,False
tuiml,mlp_reg,QSAR_fish_toxicity,regression,regression,matched,42,,ok,725,182,6,6,0,6,,openml-schema,100,0,True,0.4146,0.0003,"{'hidden_layers': [100], 'max_epochs': 300, 'learning_rate': 0.05, 'momentum': 0.2, 'decay': True, 'activation': 'sigmoid', 'random_state': 42}",0.1.6,"Target is left unscaled for all three, so none of them get Weka's default class normalization. See mlp for the optimizer difference.",0.4968,0.4947,291.0,,,,,,0.9467654633801643,0.7003982600860126,0.6421423496770912,,False
weka,mlp_reg,QSAR_fish_toxicity,regression,regression,defaults,42,,ok,725,182,6,6,0,6,,openml-schema,100,0,False,0.3395,0.0021,,3.9.6,"Target is left unscaled for all three, so none of them get Weka's default class normalization. See mlp for the optimizer difference.",2.1909,3.1248,295.3,,,,,,1.1647872706548883,0.8535519103647414,0.45835002997232566,True,False
weka,mlp_reg,QSAR_fish_toxicity,regression,regression,matched,42,,ok,725,182,6,6,0,6,,openml-schema,100,0,True,3.2245,0.0049,-H 100 -N 300 -L 0.05 -M 0.2 -D -I -C -S 42,3.9.6,"Target is left unscaled for all three, so none of them get Weka's default class normalization. See mlp for the optimizer difference.",4.9831,5.8208,293.4,,,,,,0.9378210430816749,0.6910512017693224,0.6488720196643448,True,False
sklearn,random_forest_reg,QSAR_fish_toxicity,regression,regression,defaults,42,,ok,725,182,6,6,0,6,,openml-schema,100,0,False,0.3377,0.0154,"{'n_estimators': 100, 'random_state': 42}",1.8.0,scikit-learn's RandomForestRegressor defaults to all attributes per split; that default alone explains much of the untuned runtime gap.,1.4855,1.4636,185.0,,,,,,0.9632255741421138,0.6624711463675211,0.6295910246981798,,False
sklearn,random_forest_reg,QSAR_fish_toxicity,regression,regression,matched,42,,ok,725,182,6,6,0,6,,openml-schema,100,0,True,0.3606,0.0495,"{'n_estimators': 100, 'max_features': 'sqrt', 'min_samples_leaf': 1, 'bootstrap': True, 'random_state': 42}",1.8.0,scikit-learn's RandomForestRegressor defaults to all attributes per split; that default alone explains much of the untuned runtime gap.,1.5739,1.4563,186.0,,,,,,0.9303772702310161,0.6607287383132742,0.6544239189535535,,False
tuiml,random_forest_reg,QSAR_fish_toxicity,regression,regression,defaults,42,,ok,725,182,6,6,0,6,,openml-schema,100,0,False,1.1655,0.0054,{'n_estimators': 100},0.1.6,scikit-learn's RandomForestRegressor defaults to all attributes per split; that default alone explains much of the untuned runtime gap.,1.2733,1.1984,310.7,,,,,,0.9146733662186822,0.6555762824771733,0.6659914697022999,,False
tuiml,random_forest_reg,QSAR_fish_toxicity,regression,regression,matched,42,,ok,725,182,6,6,0,6,,openml-schema,100,0,True,1.0155,0.0054,"{'n_estimators': 100, 'max_features': 'sqrt', 'min_samples_leaf': 1, 'bootstrap': True, 'random_state': 42}",0.1.6,scikit-learn's RandomForestRegressor defaults to all attributes per split; that default alone explains much of the untuned runtime gap.,1.1322,1.0657,311.6,,,,,,0.9249683865503244,0.6593642923949233,0.6584303527034872,,False
weka,random_forest_reg,QSAR_fish_toxicity,regression,regression,defaults,42,,ok,725,182,6,6,0,6,,openml-schema,100,0,False,0.5103,0.0442,-I 100,3.9.6,scikit-learn's RandomForestRegressor defaults to all attributes per split; that default alone explains much of the untuned runtime gap.,2.3283,3.6776,381.3,,,,,,0.9451731903693292,0.6641888600665207,0.6433450296410734,True,False
weka,random_forest_reg,QSAR_fish_toxicity,regression,regression,matched,42,,ok,725,182,6,6,0,6,,openml-schema,100,0,True,0.5128,0.0428,-I 100 -K 2 -depth 0 -M 1 -V 1.0E-8 -P 100 -S 42,3.9.6,scikit-learn's RandomForestRegressor defaults to all attributes per split; that default alone explains much of the untuned runtime gap.,2.1259,3.4059,382.2,,,,,,0.943126120193231,0.6656527608539202,0.6448882539561835,True,False
sklearn,svm_reg,QSAR_fish_toxicity,regression,regression,defaults,42,,ok,725,182,6,6,0,6,,openml-schema,100,0,False,0.0262,0.0062,{},1.8.0,Optimizer tolerances still differ between SMOreg and libsvm.,1.3227,1.3042,181.0,,,,,,0.9095254221492471,0.6411000185773847,0.6697406081177132,,False
sklearn,svm_reg,QSAR_fish_toxicity,regression,regression,matched,42,,ok,725,182,6,6,0,6,,openml-schema,100,0,True,0.0275,0.0057,"{'C': 1.0, 'epsilon': 0.1, 'kernel': 'rbf', 'gamma': 0.16666666666666666}",1.8.0,Optimizer tolerances still differ between SMOreg and libsvm.,1.3397,1.3153,178.0,,,,,,0.8995038072811061,0.6376870974166299,0.6769784448886056,,False
tuiml,svm_reg,QSAR_fish_toxicity,regression,regression,defaults,42,,ok,725,182,6,6,0,6,,openml-schema,100,0,False,0.023,0.0019,{},0.1.6,Optimizer tolerances still differ between SMOreg and libsvm.,0.1077,0.1072,292.0,,,,,,0.9095254436588597,0.6411000329052,0.6697405924969257,,False
tuiml,svm_reg,QSAR_fish_toxicity,regression,regression,matched,42,,ok,725,182,6,6,0,6,,openml-schema,100,0,True,0.0236,0.0018,"{'C': 1.0, 'epsilon': 0.1, 'kernel': 'rbf', 'gamma': 0.16666666666666666}",0.1.6,Optimizer tolerances still differ between SMOreg and libsvm.,0.0971,0.0971,290.2,,,,,,0.8995038179855224,0.6376871063974576,0.6769784372004619,,False
weka,svm_reg,QSAR_fish_toxicity,regression,regression,defaults,42,,ok,725,182,6,6,0,6,,openml-schema,100,0,False,0.178,0.0027,,3.9.6,Optimizer tolerances still differ between SMOreg and libsvm.,2.323,2.9525,289.6,,,,,,0.9649154167084258,0.6966168316167554,0.6282902247082176,True,False
weka,svm_reg,QSAR_fish_toxicity,regression,regression,matched,42,,ok,725,182,6,6,0,6,,openml-schema,100,0,True,0.3065,0.0175,-N 2 -C 1.0 -I weka.classifiers.functions.supportVector.RegSMOImproved -L 0.1 -K weka.classifiers.functions.supportVector.RBFKernel -G 0.1666666667,3.9.6,Optimizer tolerances still differ between SMOreg and libsvm.,2.2379,3.1182,291.4,,,,,,0.8996102116931894,0.6378895156824385,0.6769020184159394,True,False
sklearn,decision_tree_reg,airfoil_self_noise,regression,regression,defaults,42,,ok,1202,301,5,4,1,31,,openml-schema,100,0,False,0.0057,0.0002,{'random_state': 42},1.8.0,All three then reduce variance on binary splits; close match.,1.1257,1.1141,182.0,,,,,,2.3783765366665794,1.7551960132890365,0.8847747105351162,,False
sklearn,decision_tree_reg,airfoil_self_noise,regression,regression,matched,42,,ok,1202,301,5,4,1,31,,openml-schema,100,0,True,0.0062,0.0005,"{'min_samples_leaf': 1, 'random_state': 42}",1.8.0,All three then reduce variance on binary splits; close match.,1.3402,1.3332,182.0,,,,,,2.4339996389738676,1.7763687707641196,0.8793221391539566,,False
tuiml,decision_tree_reg,airfoil_self_noise,regression,regression,defaults,42,,ok,1202,301,5,4,1,31,,openml-schema,100,0,False,0.0269,0.0041,{},0.1.6,All three then reduce variance on binary splits; close match.,0.1217,0.1217,290.0,,,,,,2.4258836099525767,1.7979933554817273,0.8801255838936821,,False
tuiml,decision_tree_reg,airfoil_self_noise,regression,regression,matched,42,,ok,1202,301,5,4,1,31,,openml-schema,100,0,True,0.0261,0.0041,"{'min_samples_leaf': 1, 'random_state': 42}",0.1.6,All three then reduce variance on binary splits; close match.,0.1063,0.1059,288.7,,,,,,2.45998509908244,1.8008006644518277,0.8767316629577406,,False
weka,decision_tree_reg,airfoil_self_noise,regression,regression,defaults,42,,ok,1202,301,5,4,1,31,,openml-schema,100,0,False,0.0376,0.0017,,3.9.6,All three then reduce variance on binary splits; close match.,1.9475,2.9135,292.3,,,,,,3.695225948394922,2.774161881519717,0.7218567133762733,True,False
weka,decision_tree_reg,airfoil_self_noise,regression,regression,matched,42,,ok,1202,301,5,4,1,31,,openml-schema,100,0,True,0.0548,0.0024,-P -M 1 -V 1.0E-8 -L -1 -S 42,3.9.6,All three then reduce variance on binary splits; close match.,1.9712,2.7039,292.4,,,,,,2.5306556974697703,1.8487043189368764,0.869547409174785,True,False
sklearn,knn_reg,airfoil_self_noise,regression,regression,defaults,42,,ok,1202,301,5,4,1,31,,openml-schema,100,0,False,0.0004,0.0215,{'n_neighbors': 5},1.8.0,See knn: nominal distance semantics differ between encodings.,1.1456,1.13,179.0,,,,,,3.5262180295457743,2.6827607973421927,0.7467176613441315,,False
sklearn,knn_reg,airfoil_self_noise,regression,regression,matched,42,,ok,1202,301,5,4,1,31,,openml-schema,100,0,True,0.0005,0.0235,"{'n_neighbors': 5, 'weights': 'uniform'}",1.8.0,See knn: nominal distance semantics differ between encodings.,1.2934,1.2821,181.0,,,,,,3.526218029545774,2.6827607973421923,0.7467176613441315,,False
tuiml,knn_reg,airfoil_self_noise,regression,regression,defaults,42,,ok,1202,301,5,4,1,31,,openml-schema,100,0,False,0.0,0.0135,{'k': 5},0.1.6,See knn: nominal distance semantics differ between encodings.,0.0811,0.0811,288.2,,,,,,3.510308198961218,2.6554186046511625,0.7489980582873332,,False
tuiml,knn_reg,airfoil_self_noise,regression,regression,matched,42,,ok,1202,301,5,4,1,31,,openml-schema,100,0,True,0.0,0.0139,"{'k': 5, 'distance_weighting': 'uniform'}",0.1.6,See knn: nominal distance semantics differ between encodings.,0.0921,0.0922,289.0,,,,,,3.5103081989612175,2.655418604651162,0.7489980582873333,,False
weka,knn_reg,airfoil_self_noise,regression,regression,defaults,42,,ok,1202,301,5,4,1,31,,openml-schema,100,0,False,0.0031,0.0645,-K 5,3.9.6,See knn: nominal distance semantics differ between encodings.,1.8296,2.6287,291.9,,,,,,4.078954433939269,3.0518702104097444,0.661090071449685,True,False
weka,knn_reg,airfoil_self_noise,regression,regression,matched,42,,ok,1202,301,5,4,1,31,,openml-schema,100,0,True,0.0036,0.095,"-K 5 -A weka.core.neighboursearch.LinearNNSearch -A ""weka.core.EuclideanDistance -R first-last -D""",3.9.6,See knn: nominal distance semantics differ between encodings.,1.9217,2.7697,296.2,,,,,,3.432134257259226,2.5955138427464006,0.7600531126755103,True,False
sklearn,linear_regression,airfoil_self_noise,regression,regression,defaults,42,,ok,1202,301,5,4,1,31,,openml-schema,100,0,False,0.0021,0.0001,{},1.8.0,Weka/TuiML keep a 1e-8 ridge term for conditioning; scikit-learn solves plain OLS by least squares.,1.1833,1.1757,183.0,,,,,,4.4901612146320655,3.445227345587476,0.589313475830662,,False
sklearn,linear_regression,airfoil_self_noise,regression,regression,matched,42,,ok,1202,301,5,4,1,31,,openml-schema,100,0,True,0.0021,0.0002,{},1.8.0,Weka/TuiML keep a 1e-8 ridge term for conditioning; scikit-learn solves plain OLS by least squares.,1.2012,1.1928,180.0,,,,,,4.4901612146320655,3.4452273455874765,0.589313475830662,,False
tuiml,linear_regression,airfoil_self_noise,regression,regression,defaults,42,,ok,1202,301,5,4,1,31,,openml-schema,100,0,False,0.0037,0.0001,{},0.1.6,Weka/TuiML keep a 1e-8 ridge term for conditioning; scikit-learn solves plain OLS by least squares.,0.0947,0.0924,287.0,,,,,,4.4901612146909216,3.4452273455781084,0.5893134758198957,,False
tuiml,linear_regression,airfoil_self_noise,regression,regression,matched,42,,ok,1202,301,5,4,1,31,,openml-schema,100,0,True,0.003,0.0001,"{'ridge': 1e-08, 'attribute_selection': 'none', 'eliminate_colinear': False}",0.1.6,Weka/TuiML keep a 1e-8 ridge term for conditioning; scikit-learn solves plain OLS by least squares.,0.0855,0.0856,292.0,,,,,,4.4901612146909216,3.4452273455781084,0.5893134758198955,,False
weka,linear_regression,airfoil_self_noise,regression,regression,defaults,42,,ok,1202,301,5,4,1,31,,openml-schema,100,0,False,0.1838,0.003,,3.9.6,Weka/TuiML keep a 1e-8 ridge term for conditioning; scikit-learn solves plain OLS by least squares.,2.0639,2.9487,293.4,,,,,,4.49944351375237,3.441815368933002,0.587613734871347,True,False
weka,linear_regression,airfoil_self_noise,regression,regression,matched,42,,ok,1202,301,5,4,1,31,,openml-schema,100,0,True,0.1493,0.0031,-S 1 -C -R 1.0E-8,3.9.6,Weka/TuiML keep a 1e-8 ridge term for conditioning; scikit-learn solves plain OLS by least squares.,1.9535,2.677,287.8,,,,,,4.490161214720888,3.4452273455200983,0.589313475814414,True,False
sklearn,mlp_reg,airfoil_self_noise,regression,regression,defaults,42,,ok,1202,301,5,4,1,31,,openml-schema,100,0,False,1.0286,0.0006,"{'max_iter': 300, 'random_state': 42}",1.8.0,"Target is left unscaled for all three, so none of them get Weka's default class normalization. See mlp for the optimizer difference.",2.1099,2.0974,181.0,,,,,,5.05145804137443,3.9602130721817983,0.480219378317703,,False
sklearn,mlp_reg,airfoil_self_noise,regression,regression,matched,42,,ok,1202,301,5,4,1,31,,openml-schema,100,0,True,0.7038,0.0009,"{'hidden_layer_sizes': (100,), 'max_iter': 300, 'solver': 'sgd', 'learning_rate': 'adaptive', 'learning_rate_init': 0.05, 'momentum': 0.2, 'activation': 'logistic', 'random_state': 42}",1.8.0,"Target is left unscaled for all three, so none of them get Weka's default class normalization. See mlp for the optimizer difference.",1.8085,1.7954,182.0,,,,,,4.759225392666157,3.625014570183116,0.5386196114755726,,False
tuiml,mlp_reg,airfoil_self_noise,regression,regression,defaults,42,,ok,1202,301,5,4,1,31,,openml-schema,100,0,False,0.7163,0.0003,{},0.1.6,"Target is left unscaled for all three, so none of them get Weka's default class normalization. See mlp for the optimizer difference.",0.7884,0.7884,293.7,,,,,,2.6578815335309773,1.8824800288617747,0.8561009841336252,,False
tuiml,mlp_reg,airfoil_self_noise,regression,regression,matched,42,,ok,1202,301,5,4,1,31,,openml-schema,100,0,True,0.7829,0.0009,"{'hidden_layers': [100], 'max_epochs': 300, 'learning_rate': 0.05, 'momentum': 0.2, 'decay': True, 'activation': 'sigmoid', 'random_state': 42}",0.1.6,"Target is left unscaled for all three, so none of them get Weka's default class normalization. See mlp for the optimizer difference.",0.8585,0.8585,297.0,,,,,,4.759980821125323,3.6756721617269226,0.5384731306897403,,False
weka,mlp_reg,airfoil_self_noise,regression,regression,defaults,42,,ok,1202,301,5,4,1,31,,openml-schema,100,0,False,4.8599,0.0081,,3.9.6,"Target is left unscaled for all three, so none of them get Weka's default class normalization. See mlp for the optimizer difference.",6.7952,7.8802,298.4,,,,,,4.343686020842904,3.470787699767799,0.6156707534019596,True,False
weka,mlp_reg,airfoil_self_noise,regression,regression,matched,42,,ok,1202,301,5,4,1,31,,openml-schema,100,0,True,19.4167,0.0108,-H 100 -N 300 -L 0.05 -M 0.2 -D -I -C -S 42,3.9.6,"Target is left unscaled for all three, so none of them get Weka's default class normalization. See mlp for the optimizer difference.",21.2346,22.3761,290.3,,,,,,3.699748166201623,2.778489934983332,0.7211755132526345,True,False
sklearn,random_forest_reg,airfoil_self_noise,regression,regression,defaults,42,,ok,1202,301,5,4,1,31,,openml-schema,100,0,False,0.4674,0.0193,"{'n_estimators': 100, 'random_state': 42}",1.8.0,scikit-learn's RandomForestRegressor defaults to all attributes per split; that default alone explains much of the untuned runtime gap.,1.7524,1.7112,192.0,,,,,,1.9401168421696815,1.352027707641198,0.9233270177384117,,False
sklearn,random_forest_reg,airfoil_self_noise,regression,regression,matched,42,,ok,1202,301,5,4,1,31,,openml-schema,100,0,True,0.2783,0.0208,"{'n_estimators': 100, 'max_features': 'sqrt', 'min_samples_leaf': 1, 'bootstrap': True, 'random_state': 42}",1.8.0,scikit-learn's RandomForestRegressor defaults to all attributes per split; that default alone explains much of the untuned runtime gap.,1.5631,1.5535,194.0,,,,,,2.0709280046559093,1.4867789700996679,0.9126392032460939,,False
tuiml,random_forest_reg,airfoil_self_noise,regression,regression,defaults,42,,ok,1202,301,5,4,1,31,,openml-schema,100,0,False,0.5737,0.0045,{'n_estimators': 100},0.1.6,scikit-learn's RandomForestRegressor defaults to all attributes per split; that default alone explains much of the untuned runtime gap.,0.6696,0.6821,305.0,,,,,,3.7975122987589502,2.964827035123574,0.7062452063667903,,False
tuiml,random_forest_reg,airfoil_self_noise,regression,regression,matched,42,,ok,1202,301,5,4,1,31,,openml-schema,100,0,True,0.5943,0.0071,"{'n_estimators': 100, 'max_features': 'sqrt', 'min_samples_leaf': 1, 'bootstrap': True, 'random_state': 42}",0.1.6,scikit-learn's RandomForestRegressor defaults to all attributes per split; that default alone explains much of the untuned runtime gap.,0.7083,0.7308,304.0,,,,,,3.811846831999605,2.9822140719291306,0.7040233385322179,,False
weka,random_forest_reg,airfoil_self_noise,regression,regression,defaults,42,,ok,1202,301,5,4,1,31,,openml-schema,100,0,False,0.642,0.0458,-I 100,3.9.6,scikit-learn's RandomForestRegressor defaults to all attributes per split; that default alone explains much of the untuned runtime gap.,2.5301,3.9169,490.3,,,,,,2.193596972591407,1.5083079832640107,0.9019832585454333,True,False
weka,random_forest_reg,airfoil_self_noise,regression,regression,matched,42,,ok,1202,301,5,4,1,31,,openml-schema,100,0,True,0.6151,0.0512,-I 100 -K 2 -depth 0 -M 1 -V 1.0E-8 -P 100 -S 42,3.9.6,scikit-learn's RandomForestRegressor defaults to all attributes per split; that default alone explains much of the untuned runtime gap.,2.5574,4.088,484.7,,,,,,2.194097398953249,1.539122387615155,0.9019385322289245,True,False
sklearn,svm_reg,airfoil_self_noise,regression,regression,defaults,42,,ok,1202,301,5,4,1,31,,openml-schema,100,0,False,0.0907,0.0277,{},1.8.0,Optimizer tolerances still differ between SMOreg and libsvm.,1.2168,1.2041,186.0,,,,,,3.8086295375453347,2.7167569511303604,0.7045227511553002,,False
sklearn,svm_reg,airfoil_self_noise,regression,regression,matched,42,,ok,1202,301,5,4,1,31,,openml-schema,100,0,True,0.082,0.0226,"{'C': 1.0, 'epsilon': 0.1, 'kernel': 'rbf', 'gamma': 0.2012987012987013}",1.8.0,Optimizer tolerances still differ between SMOreg and libsvm.,1.1533,1.1497,185.0,,,,,,3.2503911114219113,2.294064725202966,0.7847922893135123,,False
tuiml,svm_reg,airfoil_self_noise,regression,regression,defaults,42,,ok,1202,301,5,4,1,31,,openml-schema,100,0,False,0.0886,0.0136,{},0.1.6,Optimizer tolerances still differ between SMOreg and libsvm.,0.1836,0.1836,299.7,,,,,,3.8086501772703723,2.7167578123350093,0.7045195486460325,,False
tuiml,svm_reg,airfoil_self_noise,regression,regression,matched,42,,ok,1202,301,5,4,1,31,,openml-schema,100,0,True,0.0865,0.011,"{'C': 1.0, 'epsilon': 0.1, 'kernel': 'rbf', 'gamma': 0.2012987012987013}",0.1.6,Optimizer tolerances still differ between SMOreg and libsvm.,0.1659,0.1659,298.0,,,,,,3.2502936384097847,2.293969184458869,0.7848051964551732,,False
weka,svm_reg,airfoil_self_noise,regression,regression,defaults,42,,ok,1202,301,5,4,1,31,,openml-schema,100,0,False,1.0135,0.0048,,3.9.6,Optimizer tolerances still differ between SMOreg and libsvm.,2.7446,3.9191,293.4,,,,,,4.7162229754248814,3.4569765318241603,0.5469196330728712,True,False
weka,svm_reg,airfoil_self_noise,regression,regression,matched,42,,ok,1202,301,5,4,1,31,,openml-schema,100,0,True,0.7425,0.0435,-N 2 -C 1.0 -I weka.classifiers.functions.supportVector.RegSMOImproved -L 0.1 -K weka.classifiers.functions.supportVector.RBFKernel -G 0.2012987013,3.9.6,Optimizer tolerances still differ between SMOreg and libsvm.,2.8103,3.9986,287.5,,,,,,3.2503572645844367,2.2940929213445007,0.784796771274133,True,False
sklearn,decision_tree_reg,concrete_compressive_strength,regression,regression,defaults,42,,ok,824,206,8,8,0,8,,openml-schema,100,0,False,0.006,0.0002,{'random_state': 42},1.8.0,All three then reduce variance on binary splits; close match.,1.0839,1.0798,181.0,,,,,,5.661700661607872,3.804059832884578,0.8840495560147944,,False
sklearn,decision_tree_reg,concrete_compressive_strength,regression,regression,matched,42,,ok,824,206,8,8,0,8,,openml-schema,100,0,True,0.0058,0.0002,"{'min_samples_leaf': 1, 'random_state': 42}",1.8.0,All three then reduce variance on binary splits; close match.,1.1001,1.0905,181.0,,,,,,5.6816730823809936,3.8759695021078793,0.8832300511118218,,False
tuiml,decision_tree_reg,concrete_compressive_strength,regression,regression,defaults,42,,ok,824,206,8,8,0,8,,openml-schema,100,0,False,0.0154,0.0027,{},0.1.6,All three then reduce variance on binary splits; close match.,0.0881,0.0881,290.0,,,,,,5.912845342832651,4.065404706593316,0.8735346218446295,,False
tuiml,decision_tree_reg,concrete_compressive_strength,regression,regression,matched,42,,ok,824,206,8,8,0,8,,openml-schema,100,0,True,0.0151,0.0027,"{'min_samples_leaf': 1, 'random_state': 42}",0.1.6,All three then reduce variance on binary splits; close match.,0.0873,0.0873,287.0,,,,,,5.648784617941847,3.8125711798166164,0.8845779883092018,,False
weka,decision_tree_reg,concrete_compressive_strength,regression,regression,defaults,42,,ok,824,206,8,8,0,8,,openml-schema,100,0,False,0.0425,0.0017,,3.9.6,All three then reduce variance on binary splits; close match.,1.8546,2.5559,291.4,,,,,,7.071662402309767,5.284045524674506,0.8191070477862966,True,False
weka,decision_tree_reg,concrete_compressive_strength,regression,regression,matched,42,,ok,824,206,8,8,0,8,,openml-schema,100,0,True,0.058,0.0026,-P -M 1 -V 1.0E-8 -L -1 -S 42,3.9.6,All three then reduce variance on binary splits; close match.,1.8034,2.4965,282.9,,,,,,5.554788135409198,3.700191612272929,0.8883873020947226,True,False
sklearn,knn_reg,concrete_compressive_strength,regression,regression,defaults,42,,ok,824,206,8,8,0,8,,openml-schema,100,0,False,0.0011,0.0024,{'n_neighbors': 5},1.8.0,See knn: nominal distance semantics differ between encodings.,1.1,1.0916,181.0,,,,,,8.29834210956383,6.655340845616564,0.7509071406226961,,False
sklearn,knn_reg,concrete_compressive_strength,regression,regression,matched,42,,ok,824,206,8,8,0,8,,openml-schema,100,0,True,0.0012,0.0025,"{'n_neighbors': 5, 'weights': 'uniform'}",1.8.0,See knn: nominal distance semantics differ between encodings.,1.1306,1.1232,179.0,,,,,,8.29834210956383,6.655340845616562,0.7509071406226961,,False
tuiml,knn_reg,concrete_compressive_strength,regression,regression,defaults,42,,ok,824,206,8,8,0,8,,openml-schema,100,0,False,0.0,0.0024,{'k': 5},0.1.6,See knn: nominal distance semantics differ between encodings.,0.0883,0.0883,289.0,,,,,,8.29834210956383,6.655340845616564,0.7509071406226961,,False
tuiml,knn_reg,concrete_compressive_strength,regression,regression,matched,42,,ok,824,206,8,8,0,8,,openml-schema,100,0,True,0.0,0.0024,"{'k': 5, 'distance_weighting': 'uniform'}",0.1.6,See knn: nominal distance semantics differ between encodings.,0.07,0.0701,285.6,,,,,,8.29834210956383,6.655340845616562,0.7509071406226961,,False
weka,knn_reg,concrete_compressive_strength,regression,regression,defaults,42,,ok,824,206,8,8,0,8,,openml-schema,100,0,False,0.0093,0.0616,-K 5,3.9.6,See knn: nominal distance semantics differ between encodings.,1.8262,2.4768,292.7,,,,,,8.529407264816097,6.878519572932297,0.7368421611915592,True,False
weka,knn_reg,concrete_compressive_strength,regression,regression,matched,42,,ok,824,206,8,8,0,8,,openml-schema,100,0,True,0.0105,0.0548,"-K 5 -A weka.core.neighboursearch.LinearNNSearch -A ""weka.core.EuclideanDistance -R first-last -D""",3.9.6,See knn: nominal distance semantics differ between encodings.,1.7858,2.4549,288.2,,,,,,8.325274823329194,6.681132921929093,0.7492876283412742,True,False
sklearn,linear_regression,concrete_compressive_strength,regression,regression,defaults,42,,ok,824,206,8,8,0,8,,openml-schema,100,0,False,0.001,0.0001,{},1.8.0,Weka/TuiML keep a 1e-8 ridge term for conditioning; scikit-learn solves plain OLS by least squares.,1.0853,1.0812,181.0,,,,,,10.442085051401495,8.265921167807328,0.6055853297931472,,False
sklearn,linear_regression,concrete_compressive_strength,regression,regression,matched,42,,ok,824,206,8,8,0,8,,openml-schema,100,0,True,0.0011,0.0001,{},1.8.0,Weka/TuiML keep a 1e-8 ridge term for conditioning; scikit-learn solves plain OLS by least squares.,1.097,1.0905,181.0,,,,,,10.442085051401495,8.265921167807326,0.6055853297931472,,False
tuiml,linear_regression,concrete_compressive_strength,regression,regression,defaults,42,,ok,824,206,8,8,0,8,,openml-schema,100,0,False,0.0014,0.0,{},0.1.6,Weka/TuiML keep a 1e-8 ridge term for conditioning; scikit-learn solves plain OLS by least squares.,0.0704,0.0704,287.2,,,,,,10.442085051500715,8.265921167895714,0.6055853297856517,,False
tuiml,linear_regression,concrete_compressive_strength,regression,regression,matched,42,,ok,824,206,8,8,0,8,,openml-schema,100,0,True,0.0009,0.0,"{'ridge': 1e-08, 'attribute_selection': 'none', 'eliminate_colinear': False}",0.1.6,Weka/TuiML keep a 1e-8 ridge term for conditioning; scikit-learn solves plain OLS by least squares.,0.0739,0.0739,290.0,,,,,,10.442085051500712,8.265921167895712,0.6055853297856519,,False
weka,linear_regression,concrete_compressive_strength,regression,regression,defaults,42,,ok,824,206,8,8,0,8,,openml-schema,100,0,False,0.1089,0.0023,,3.9.6,Weka/TuiML keep a 1e-8 ridge term for conditioning; scikit-learn solves plain OLS by least squares.,1.6568,2.2933,288.1,,,,,,10.485873357017685,8.300421343478227,0.6022704818483906,True,False
weka,linear_regression,concrete_compressive_strength,regression,regression,matched,42,,ok,824,206,8,8,0,8,,openml-schema,100,0,True,0.0949,0.0024,-S 1 -C -R 1.0E-8,3.9.6,Weka/TuiML keep a 1e-8 ridge term for conditioning; scikit-learn solves plain OLS by least squares.,1.8701,2.47,294.4,,,,,,10.442085051500838,8.26592116789583,0.6055853297856424,True,False
sklearn,mlp_reg,concrete_compressive_strength,regression,regression,defaults,42,,ok,824,206,8,8,0,8,,openml-schema,100,0,False,0.6756,0.0005,"{'max_iter': 300, 'random_state': 42}",1.8.0,"Target is left unscaled for all three, so none of them get Weka's default class normalization. See mlp for the optimizer difference.",1.9043,1.8863,180.0,,,,,,9.287969636420053,7.452989371700495,0.6879528779296875,,False
sklearn,mlp_reg,concrete_compressive_strength,regression,regression,matched,42,,ok,824,206,8,8,0,8,,openml-schema,100,0,True,0.4465,0.0007,"{'hidden_layer_sizes': (100,), 'max_iter': 300, 'solver': 'sgd', 'learning_rate': 'adaptive', 'learning_rate_init': 0.05, 'momentum': 0.2, 'activation': 'logistic', 'random_state': 42}",1.8.0,"Target is left unscaled for all three, so none of them get Weka's default class normalization. See mlp for the optimizer difference.",1.5569,1.5518,180.0,,,,,,10.633163645408008,8.330920508301668,0.591018556782765,,False
tuiml,mlp_reg,concrete_compressive_strength,regression,regression,defaults,42,,ok,824,206,8,8,0,8,,openml-schema,100,0,False,0.3669,0.0001,{},0.1.6,"Target is left unscaled for all three, so none of them get Weka's default class normalization. See mlp for the optimizer difference.",0.4351,0.4351,289.6,,,,,,4.69156240978406,3.730549782979064,0.9203815710974566,,False
tuiml,mlp_reg,concrete_compressive_strength,regression,regression,matched,42,,ok,824,206,8,8,0,8,,openml-schema,100,0,True,0.4761,0.0005,"{'hidden_layers': [100], 'max_epochs': 300, 'learning_rate': 0.05, 'momentum': 0.2, 'decay': True, 'activation': 'sigmoid', 'random_state': 42}",0.1.6,"Target is left unscaled for all three, so none of them get Weka's default class normalization. See mlp for the optimizer difference.",0.5508,0.5507,291.3,,,,,,10.523483104180526,8.27374660201433,0.5994122874012502,,False
weka,mlp_reg,concrete_compressive_strength,regression,regression,defaults,42,,ok,824,206,8,8,0,8,,openml-schema,100,0,False,0.4437,0.0022,,3.9.6,"Target is left unscaled for all three, so none of them get Weka's default class normalization. See mlp for the optimizer difference.",2.1142,3.0482,287.6,,,,,,7.72762135171016,5.978835280772984,0.783991781473137,True,False
weka,mlp_reg,concrete_compressive_strength,regression,regression,matched,42,,ok,824,206,8,8,0,8,,openml-schema,100,0,True,4.5059,0.0071,-H 100 -N 300 -L 0.05 -M 0.2 -D -I -C -S 42,3.9.6,"Target is left unscaled for all three, so none of them get Weka's default class normalization. See mlp for the optimizer difference.",6.3243,7.2381,288.0,,,,,,6.832070053978735,5.226211814526385,0.8311569342264196,True,False
sklearn,random_forest_reg,concrete_compressive_strength,regression,regression,defaults,42,,ok,824,206,8,8,0,8,,openml-schema,100,0,False,0.468,0.0161,"{'n_estimators': 100, 'random_state': 42}",1.8.0,scikit-learn's RandomForestRegressor defaults to all attributes per split; that default alone explains much of the untuned runtime gap.,1.7991,1.7897,190.0,,,,,,4.339789443229195,3.2294918630446845,0.9318735238339699,,False
sklearn,random_forest_reg,concrete_compressive_strength,regression,regression,matched,42,,ok,824,206,8,8,0,8,,openml-schema,100,0,True,0.2351,0.0151,"{'n_estimators': 100, 'max_features': 'sqrt', 'min_samples_leaf': 1, 'bootstrap': True, 'random_state': 42}",1.8.0,scikit-learn's RandomForestRegressor defaults to all attributes per split; that default alone explains much of the untuned runtime gap.,1.3572,1.3454,189.0,,,,,,4.401763106594055,3.4191671632582263,0.929913892617474,,False
tuiml,random_forest_reg,concrete_compressive_strength,regression,regression,defaults,42,,ok,824,206,8,8,0,8,,openml-schema,100,0,False,1.0947,0.0057,{'n_estimators': 100},0.1.6,scikit-learn's RandomForestRegressor defaults to all attributes per split; that default alone explains much of the untuned runtime gap.,1.2039,1.2235,310.0,,,,,,4.669671691862517,3.6281370256649916,0.9211228330656802,,False
tuiml,random_forest_reg,concrete_compressive_strength,regression,regression,matched,42,,ok,824,206,8,8,0,8,,openml-schema,100,0,True,1.0877,0.0053,"{'n_estimators': 100, 'max_features': 'sqrt', 'min_samples_leaf': 1, 'bootstrap': True, 'random_state': 42}",0.1.6,scikit-learn's RandomForestRegressor defaults to all attributes per split; that default alone explains much of the untuned runtime gap.,1.2313,1.2479,310.0,,,,,,4.631392966118837,3.616726630841451,0.9224106933287172,,False
weka,random_forest_reg,concrete_compressive_strength,regression,regression,defaults,42,,ok,824,206,8,8,0,8,,openml-schema,100,0,False,0.624,0.0324,-I 100,3.9.6,scikit-learn's RandomForestRegressor defaults to all attributes per split; that default alone explains much of the untuned runtime gap.,2.5325,3.9113,403.2,,,,,,4.136329704933292,3.1442165276683345,0.9381116498272335,True,False
weka,random_forest_reg,concrete_compressive_strength,regression,regression,matched,42,,ok,824,206,8,8,0,8,,openml-schema,100,0,True,0.5669,0.0314,-I 100 -K 2 -depth 0 -M 1 -V 1.0E-8 -P 100 -S 42,3.9.6,scikit-learn's RandomForestRegressor defaults to all attributes per split; that default alone explains much of the untuned runtime gap.,2.3204,3.6537,390.8,,,,,,4.383686228754286,3.4716647116510035,0.9304883608389662,True,False
sklearn,svm_reg,concrete_compressive_strength,regression,regression,defaults,42,,ok,824,206,8,8,0,8,,openml-schema,100,0,False,0.0307,0.0094,{},1.8.0,Optimizer tolerances still differ between SMOreg and libsvm.,1.2619,1.2565,182.0,,,,,,9.224843567417384,7.322483222610499,0.6921801458356203,,False
sklearn,svm_reg,concrete_compressive_strength,regression,regression,matched,42,,ok,824,206,8,8,0,8,,openml-schema,100,0,True,0.0325,0.0072,"{'C': 1.0, 'epsilon': 0.1, 'kernel': 'rbf', 'gamma': 0.125}",1.8.0,Optimizer tolerances still differ between SMOreg and libsvm.,1.1538,1.1504,183.0,,,,,,6.004172169100196,4.527944390624904,0.86959781097856,,False
tuiml,svm_reg,concrete_compressive_strength,regression,regression,defaults,42,,ok,824,206,8,8,0,8,,openml-schema,100,0,False,0.0232,0.0029,{},0.1.6,Optimizer tolerances still differ between SMOreg and libsvm.,0.0984,0.0983,292.0,,,,,,9.224843575025899,7.322483227081431,0.6921801453278495,,False
tuiml,svm_reg,concrete_compressive_strength,regression,regression,matched,42,,ok,824,206,8,8,0,8,,openml-schema,100,0,True,0.0313,0.0021,"{'C': 1.0, 'epsilon': 0.1, 'kernel': 'rbf', 'gamma': 0.125}",0.1.6,Optimizer tolerances still differ between SMOreg and libsvm.,0.1087,0.1087,291.3,,,,,,6.004849185460031,4.528676678605478,0.8695684016311226,,False
weka,svm_reg,concrete_compressive_strength,regression,regression,defaults,42,,ok,824,206,8,8,0,8,,openml-schema,100,0,False,0.3554,0.0046,,3.9.6,Optimizer tolerances still differ between SMOreg and libsvm.,2.1203,3.0076,290.4,,,,,,10.819646183993125,8.206430526202068,0.5765474761590161,True,False
weka,svm_reg,concrete_compressive_strength,regression,regression,matched,42,,ok,824,206,8,8,0,8,,openml-schema,100,0,True,0.3391,0.0185,-N 2 -C 1.0 -I weka.classifiers.functions.supportVector.RegSMOImproved -L 0.1 -K weka.classifiers.functions.supportVector.RBFKernel -G 0.125,3.9.6,Optimizer tolerances still differ between SMOreg and libsvm.,1.9996,2.907,290.1,,,,,,6.005030276311059,4.528374846066486,0.869560534547511,True,False
sklearn,decision_tree_reg,diamonds,regression,regression,defaults,42,,ok,43152,10788,9,6,3,26,,openml-schema,100,0,False,0.4181,0.008,{'random_state': 42},1.8.0,All three then reduce variance on binary splits; close match.,1.716,1.7016,213.3,,,,,,726.5613669749679,351.06150352243236,0.9660766221967019,,False
sklearn,decision_tree_reg,diamonds,regression,regression,matched,42,,ok,43152,10788,9,6,3,26,,openml-schema,100,0,True,0.435,0.0094,"{'min_samples_leaf': 1, 'random_state': 42}",1.8.0,All three then reduce variance on binary splits; close match.,1.8079,1.8037,213.6,,,,,,732.3682362720174,353.04430849091585,0.9655322062054041,,False
tuiml,decision_tree_reg,diamonds,regression,regression,defaults,42,,ok,43152,10788,9,6,3,26,,openml-schema,100,0,False,1.5311,0.2555,{},0.1.6,All three then reduce variance on binary splits; close match.,2.0871,2.0849,354.9,,,,,,727.2669578211636,352.43159065628475,0.9660107016880652,,False
tuiml,decision_tree_reg,diamonds,regression,regression,matched,42,,ok,43152,10788,9,6,3,26,,openml-schema,100,0,True,1.4878,0.2473,"{'min_samples_leaf': 1, 'random_state': 42}",0.1.6,All three then reduce variance on binary splits; close match.,1.978,1.977,358.7,,,,,,734.4786986205179,353.6710697070819,0.9653332685972533,,False
weka,decision_tree_reg,diamonds,regression,regression,defaults,42,,ok,43152,10788,9,6,3,26,,openml-schema,100,0,False,0.9047,0.0491,,3.9.6,All three then reduce variance on binary splits; close match.,7.5785,9.5238,496.0,,,,,,623.0678812661297,329.0031331866714,0.9750526043756027,True,False
weka,decision_tree_reg,diamonds,regression,regression,matched,42,,ok,43152,10788,9,6,3,26,,openml-schema,100,0,True,1.6079,0.0778,-P -M 1 -V 1.0E-8 -L -1 -S 42,3.9.6,All three then reduce variance on binary splits; close match.,8.2402,10.2829,810.4,,,,,,721.1511522939792,351.9043534728017,0.9665799504558819,True,False
sklearn,knn_reg,diamonds,regression,regression,defaults,42,,ok,43152,10788,9,6,3,26,,openml-schema,100,0,False,0.0013,2.6925,{'n_neighbors': 5},1.8.0,See knn: nominal distance semantics differ between encodings.,3.8575,3.8469,213.1,,,,,,757.4047931520207,398.8423062662218,0.9631353101742471,,False
sklearn,knn_reg,diamonds,regression,regression,matched,42,,ok,43152,10788,9,6,3,26,,openml-schema,100,0,True,0.0016,2.6945,"{'n_neighbors': 5, 'weights': 'uniform'}",1.8.0,See knn: nominal distance semantics differ between encodings.,3.9604,3.9258,212.5,,,,,,757.4047931520207,398.8423062662218,0.9631353101742471,,False
tuiml,knn_reg,diamonds,regression,regression,defaults,42,,ok,43152,10788,9,6,3,26,,openml-schema,100,0,False,0.0001,15.4863,{'k': 5},0.1.6,See knn: nominal distance semantics differ between encodings.,15.6978,15.6894,323.6,,,,,,757.4084317880063,398.8385057471264,0.9631349559712887,,False
tuiml,knn_reg,diamonds,regression,regression,matched,42,,ok,43152,10788,9,6,3,26,,openml-schema,100,0,True,0.0,14.3692,"{'k': 5, 'distance_weighting': 'uniform'}",0.1.6,See knn: nominal distance semantics differ between encodings.,14.579,14.5772,325.4,,,,,,757.4084317880063,398.8385057471264,0.9631349559712887,,False
weka,knn_reg,diamonds,regression,regression,defaults,42,,ok,43152,10788,9,6,3,26,,openml-schema,100,0,False,0.052,23.3047,-K 5,3.9.6,See knn: nominal distance semantics differ between encodings.,29.8559,31.8733,395.4,,,,,,748.0829540608206,371.9468523226866,0.9640371581050008,True,False
weka,knn_reg,diamonds,regression,regression,matched,42,,ok,43152,10788,9,6,3,26,,openml-schema,100,0,True,0.0583,19.3713,"-K 5 -A weka.core.neighboursearch.LinearNNSearch -A ""weka.core.EuclideanDistance -R first-last -D""",3.9.6,See knn: nominal distance semantics differ between encodings.,26.574,28.2907,384.3,,,,,,764.3360615264346,395.7685721127532,0.9624575002848308,True,False
sklearn,linear_regression,diamonds,regression,regression,defaults,42,,ok,43152,10788,9,6,3,26,,openml-schema,100,0,False,0.0327,0.0006,{},1.8.0,Weka/TuiML keep a 1e-8 ridge term for conditioning; scikit-learn solves plain OLS by least squares.,1.352,1.338,223.5,,,,,,1108.4896178604126,728.8029400385313,0.9210380717025799,,False
sklearn,linear_regression,diamonds,regression,regression,matched,42,,ok,43152,10788,9,6,3,26,,openml-schema,100,0,True,0.0294,0.0006,{},1.8.0,Weka/TuiML keep a 1e-8 ridge term for conditioning; scikit-learn solves plain OLS by least squares.,1.2318,1.2247,223.4,,,,,,1108.4896178604126,728.8029400385313,0.9210380717025799,,False
tuiml,linear_regression,diamonds,regression,regression,defaults,42,,ok,43152,10788,9,6,3,26,,openml-schema,100,0,False,0.0697,0.0015,{},0.1.6,Weka/TuiML keep a 1e-8 ridge term for conditioning; scikit-learn solves plain OLS by least squares.,0.2702,0.2673,355.1,,,,,,1108.48961786064,728.802940039593,0.9210380717025475,,False
tuiml,linear_regression,diamonds,regression,regression,matched,42,,ok,43152,10788,9,6,3,26,,openml-schema,100,0,True,0.0721,0.0017,"{'ridge': 1e-08, 'attribute_selection': 'none', 'eliminate_colinear': False}",0.1.6,Weka/TuiML keep a 1e-8 ridge term for conditioning; scikit-learn solves plain OLS by least squares.,0.3025,0.3025,358.2,,,,,,1108.4896178606402,728.8029400395932,0.9210380717025475,,False
weka,linear_regression,diamonds,regression,regression,defaults,42,,ok,43152,10788,9,6,3,26,,openml-schema,100,0,False,0.7196,0.0562,,3.9.6,Weka/TuiML keep a 1e-8 ridge term for conditioning; scikit-learn solves plain OLS by least squares.,7.2677,9.2031,418.8,,,,,,1108.3009516011095,728.7713148482311,0.9210649482445288,True,False
weka,linear_regression,diamonds,regression,regression,matched,42,,ok,43152,10788,9,6,3,26,,openml-schema,100,0,True,0.5334,0.054,-S 1 -C -R 1.0E-8,3.9.6,Weka/TuiML keep a 1e-8 ridge term for conditioning; scikit-learn solves plain OLS by least squares.,7.1143,8.9511,398.2,,,,,,1108.489617860645,728.8029400386126,0.9210380717025468,True,False
sklearn,mlp_reg,diamonds,regression,regression,defaults,42,,ok,43152,10788,9,6,3,26,,openml-schema,100,0,False,33.5927,0.0073,"{'max_iter': 300, 'random_state': 42}",1.8.0,"Target is left unscaled for all three, so none of them get Weka's default class normalization. See mlp for the optimizer difference.",34.8367,34.8144,214.7,,,,,,615.6653246024242,325.3083687994814,0.9756418739336647,,False
sklearn,mlp_reg,diamonds,regression,regression,matched,42,,ok,43152,10788,9,6,3,26,,openml-schema,100,0,True,25.4547,0.0203,"{'hidden_layer_sizes': (100,), 'max_iter': 300, 'solver': 'sgd', 'learning_rate': 'adaptive', 'learning_rate_init': 0.05, 'momentum': 0.2, 'activation': 'logistic', 'random_state': 42}",1.8.0,"Target is left unscaled for all three, so none of them get Weka's default class normalization. See mlp for the optimizer difference.",26.7394,26.7103,211.3,,,,,,704.8961435085834,375.95145906615517,0.968069570898907,,False
tuiml,mlp_reg,diamonds,regression,regression,defaults,42,,ok,43152,10788,9,6,3,26,,openml-schema,100,0,False,48.8695,0.0227,{},0.1.6,"Target is left unscaled for all three, so none of them get Weka's default class normalization. See mlp for the optimizer difference.",49.1035,49.0806,461.3,,,,,,807.8746835624361,366.04592999786337,0.958058642456722,,False
tuiml,mlp_reg,diamonds,regression,regression,matched,42,,ok,43152,10788,9,6,3,26,,openml-schema,100,0,True,55.9598,0.0418,"{'hidden_layers': [100], 'max_epochs': 300, 'learning_rate': 0.05, 'momentum': 0.2, 'decay': True, 'activation': 'sigmoid', 'random_state': 42}",0.1.6,"Target is left unscaled for all three, so none of them get Weka's default class normalization. See mlp for the optimizer difference.",56.2719,56.2248,530.2,,,,,,1401.392464235222,1058.31842785848,0.8737957322250072,,False
weka,mlp_reg,diamonds,regression,regression,defaults,42,,ok,43152,10788,9,6,3,26,,openml-schema,100,0,False,115.5658,0.0806,,3.9.6,"Target is left unscaled for all three, so none of them get Weka's default class normalization. See mlp for the optimizer difference.",122.4689,124.4651,405.4,,,,,,672.130966460018,512.1209961044032,0.970968979983135,True,False
weka,mlp_reg,diamonds,regression,regression,matched,42,,ok,43152,10788,9,6,3,26,,openml-schema,100,0,True,608.5146,0.2663,-H 100 -N 300 -L 0.05 -M 0.2 -D -I -C -S 42,3.9.6,"Target is left unscaled for all three, so none of them get Weka's default class normalization. See mlp for the optimizer difference.",615.4195,617.7449,391.3,,,,,,596.0153465660458,325.2565778091449,0.9771719208048865,True,False
sklearn,random_forest_reg,diamonds,regression,regression,defaults,42,,ok,43152,10788,9,6,3,26,,openml-schema,100,0,False,27.8902,0.5324,"{'n_estimators': 100, 'random_state': 42}",1.8.0,scikit-learn's RandomForestRegressor defaults to all attributes per split; that default alone explains much of the untuned runtime gap.,29.8064,29.7849,542.4,,,,,,527.1863806597099,266.9905801750622,0.9821399426079721,,False
sklearn,random_forest_reg,diamonds,regression,regression,matched,42,,ok,43152,10788,9,6,3,26,,openml-schema,100,0,True,8.2687,0.5322,"{'n_estimators': 100, 'max_features': 'sqrt', 'min_samples_leaf': 1, 'bootstrap': True, 'random_state': 42}",1.8.0,scikit-learn's RandomForestRegressor defaults to all attributes per split; that default alone explains much of the untuned runtime gap.,10.1713,10.1577,570.2,,,,,,534.3799782511043,274.7971813533997,0.9816492067726899,,False
tuiml,random_forest_reg,diamonds,regression,regression,defaults,42,,ok,43152,10788,9,6,3,26,,openml-schema,100,0,False,48.425,0.5216,{'n_estimators': 100},0.1.6,scikit-learn's RandomForestRegressor defaults to all attributes per split; that default alone explains much of the untuned runtime gap.,51.0237,55.5479,2439.9,,,,,,540.2296080711732,281.14755062924854,0.9812452512221255,,False
tuiml,random_forest_reg,diamonds,regression,regression,matched,42,,ok,43152,10788,9,6,3,26,,openml-schema,100,0,True,49.4187,0.5275,"{'n_estimators': 100, 'max_features': 'sqrt', 'min_samples_leaf': 1, 'bootstrap': True, 'random_state': 42}",0.1.6,scikit-learn's RandomForestRegressor defaults to all attributes per split; that default alone explains much of the untuned runtime gap.,52.2934,56.8187,2450.9,,,,,,540.9589709834576,280.9754273551015,0.9811945755390795,,False
weka,random_forest_reg,diamonds,regression,regression,defaults,42,,ok,43152,10788,9,6,3,26,,openml-schema,100,0,False,13.9897,0.8361,-I 100,3.9.6,scikit-learn's RandomForestRegressor defaults to all attributes per split; that default alone explains much of the untuned runtime gap.,21.2918,24.1871,1048.5,,,,,,524.7486360689395,276.6846338470681,0.982304732890889,True,False
weka,random_forest_reg,diamonds,regression,regression,matched,42,,ok,43152,10788,9,6,3,26,,openml-schema,100,0,True,17.0547,1.4923,-I 100 -K 3 -depth 0 -M 1 -V 1.0E-8 -P 100 -S 42,3.9.6,scikit-learn's RandomForestRegressor defaults to all attributes per split; that default alone explains much of the untuned runtime gap.,25.2609,29.2036,1361.6,,,,,,530.7783356183409,272.12052134695085,0.9818957364832164,True,False
sklearn,svm_reg,diamonds,regression,regression,defaults,42,,ok,43152,10788,9,6,3,26,,openml-schema,100,0,False,127.5244,35.1261,{},1.8.0,Optimizer tolerances still differ between SMOreg and libsvm.,163.928,163.7687,401.8,,,,,,2716.606611528536,1280.1626159882912,0.5257492870477753,,False
sklearn,svm_reg,diamonds,regression,regression,matched,42,,ok,43152,10788,9,6,3,26,,openml-schema,100,0,True,56.782,7.0345,"{'C': 1.0, 'epsilon': 0.1, 'kernel': 'rbf', 'gamma': 0.11555555555555554}",1.8.0,Optimizer tolerances still differ between SMOreg and libsvm.,65.0223,64.9298,405.8,,,,,,559.4813737256721,328.1492769261091,0.9798847353451248,,False
tuiml,svm_reg,diamonds,regression,regression,defaults,42,,ok,43152,10788,9,6,3,26,,openml-schema,100,0,False,282.1722,15.937,{},0.1.6,Optimizer tolerances still differ between SMOreg and libsvm.,298.3399,298.1492,506.7,,,,,,2716.606569139916,1280.1626195858512,0.5257493018477344,,False
tuiml,svm_reg,diamonds,regression,regression,matched,42,,ok,43152,10788,9,6,3,26,,openml-schema,100,0,True,129.4387,4.388,"{'C': 1.0, 'epsilon': 0.1, 'kernel': 'rbf', 'gamma': 0.11555555555555554}",0.1.6,Optimizer tolerances still differ between SMOreg and libsvm.,134.069,133.9057,508.2,,,,,,559.4849250146468,328.10842004777635,0.9798844799823989,,False
weka,svm_reg,diamonds,regression,regression,matched,42,,ok,43152,10788,9,6,3,26,,openml-schema,100,0,True,1702.5628,9.7697,-N 2 -C 1.0 -I weka.classifiers.functions.supportVector.RegSMOImproved -L 0.1 -K weka.classifiers.functions.supportVector.RBFKernel -G 0.1155555556,3.9.6,Optimizer tolerances still differ between SMOreg and libsvm.,1719.0118,1724.009,433.9,,,,,,559.5732632516273,328.214160735288,0.9798781273184413,True,False
sklearn,decision_tree_reg,healthcare_insurance_expenses,regression,regression,defaults,42,,ok,1070,268,6,3,3,11,,openml-schema,100,0,False,0.0055,0.0002,{'random_state': 42},1.8.0,All three then reduce variance on binary splits; close match.,1.0761,1.0696,182.0,,,,,,6393.0887553370685,2918.379789962687,0.6111758332842119,,False
sklearn,decision_tree_reg,healthcare_insurance_expenses,regression,regression,matched,42,,ok,1070,268,6,3,3,11,,openml-schema,100,0,True,0.0055,0.0002,"{'min_samples_leaf': 1, 'random_state': 42}",1.8.0,All three then reduce variance on binary splits; close match.,1.0722,1.0632,180.0,,,,,,5974.790932713673,2687.2242872761194,0.6603925499946917,,False
tuiml,decision_tree_reg,healthcare_insurance_expenses,regression,regression,defaults,42,,ok,1070,268,6,3,3,11,,openml-schema,100,0,False,0.0201,0.0037,{},0.1.6,All three then reduce variance on binary splits; close match.,0.1124,0.1124,289.0,,,,,,6228.193039040294,2867.647824996269,0.6309748954490977,,False
tuiml,decision_tree_reg,healthcare_insurance_expenses,regression,regression,matched,42,,ok,1070,268,6,3,3,11,,openml-schema,100,0,True,0.0197,0.0038,"{'min_samples_leaf': 1, 'random_state': 42}",0.1.6,All three then reduce variance on binary splits; close match.,0.1008,0.1008,289.0,,,,,,6146.121126375384,2853.9673673507464,0.6406364603359607,,False
weka,decision_tree_reg,healthcare_insurance_expenses,regression,regression,defaults,42,,ok,1070,268,6,3,3,11,,openml-schema,100,0,False,0.0333,0.0018,,3.9.6,All three then reduce variance on binary splits; close match.,2.2353,2.9752,282.3,,,,,,3903.0504792103834,2488.2990054084935,0.8550760646242005,True,False
weka,decision_tree_reg,healthcare_insurance_expenses,regression,regression,matched,42,,ok,1070,268,6,3,3,11,,openml-schema,100,0,True,0.0632,0.0031,-P -M 1 -V 1.0E-8 -L -1 -S 42,3.9.6,All three then reduce variance on binary splits; close match.,1.9856,2.8181,285.7,,,,,,5879.185800846516,2721.167661856343,0.6711739971283281,True,False
sklearn,knn_reg,healthcare_insurance_expenses,regression,regression,defaults,42,,ok,1070,268,6,3,3,11,,openml-schema,100,0,False,0.0015,0.0034,{'n_neighbors': 5},1.8.0,See knn: nominal distance semantics differ between encodings.,1.1129,1.1095,179.0,,,,,,4992.714846156941,3255.646501101492,0.7628597314732675,,False
sklearn,knn_reg,healthcare_insurance_expenses,regression,regression,matched,42,,ok,1070,268,6,3,3,11,,openml-schema,100,0,True,0.0017,0.0035,"{'n_neighbors': 5, 'weights': 'uniform'}",1.8.0,See knn: nominal distance semantics differ between encodings.,1.1504,1.143,180.0,,,,,,4992.714846156941,3255.646501101492,0.7628597314732675,,False
tuiml,knn_reg,healthcare_insurance_expenses,regression,regression,defaults,42,,ok,1070,268,6,3,3,11,,openml-schema,100,0,False,0.0,0.0047,{'k': 5},0.1.6,See knn: nominal distance semantics differ between encodings.,0.0788,0.0787,289.0,,,,,,4983.068672472238,3246.257692071642,0.7637751798855908,,False
tuiml,knn_reg,healthcare_insurance_expenses,regression,regression,matched,42,,ok,1070,268,6,3,3,11,,openml-schema,100,0,True,0.0,0.0047,"{'k': 5, 'distance_weighting': 'uniform'}",0.1.6,See knn: nominal distance semantics differ between encodings.,0.087,0.087,289.0,,,,,,4983.068672472238,3246.2576920716415,0.7637751798855908,,False
weka,knn_reg,healthcare_insurance_expenses,regression,regression,defaults,42,,ok,1070,268,6,3,3,11,,openml-schema,100,0,False,0.0026,0.0586,-K 5,3.9.6,See knn: nominal distance semantics differ between encodings.,1.893,2.8288,295.8,,,,,,5152.19206783136,3393.2965323564677,0.7474683178351302,True,False
weka,knn_reg,healthcare_insurance_expenses,regression,regression,matched,42,,ok,1070,268,6,3,3,11,,openml-schema,100,0,True,0.0031,0.0573,"-K 5 -A weka.core.neighboursearch.LinearNNSearch -A ""weka.core.EuclideanDistance -R first-last -D""",3.9.6,See knn: nominal distance semantics differ between encodings.,1.9891,2.8605,293.3,,,,,,5165.512376502022,3356.0397004298507,0.7461608555975641,True,False
sklearn,linear_regression,healthcare_insurance_expenses,regression,regression,defaults,42,,ok,1070,268,6,3,3,11,,openml-schema,100,0,False,0.0014,0.0001,{},1.8.0,Weka/TuiML keep a 1e-8 ridge term for conditioning; scikit-learn solves plain OLS by least squares.,1.1239,1.1173,180.0,,,,,,5506.5462227841435,3932.751411289635,0.711536837445458,,False
sklearn,linear_regression,healthcare_insurance_expenses,regression,regression,matched,42,,ok,1070,268,6,3,3,11,,openml-schema,100,0,True,0.0014,0.0001,{},1.8.0,Weka/TuiML keep a 1e-8 ridge term for conditioning; scikit-learn solves plain OLS by least squares.,1.153,1.1453,180.0,,,,,,5506.546222784142,3932.751411289636,0.7115368374454583,,False
tuiml,linear_regression,healthcare_insurance_expenses,regression,regression,defaults,42,,ok,1070,268,6,3,3,11,,openml-schema,100,0,False,0.0018,0.0001,{},0.1.6,Weka/TuiML keep a 1e-8 ridge term for conditioning; scikit-learn solves plain OLS by least squares.,0.0866,0.0863,290.0,,,,,,5506.5462227643,3932.7514112916647,0.7115368374475373,,False
tuiml,linear_regression,healthcare_insurance_expenses,regression,regression,matched,42,,ok,1070,268,6,3,3,11,,openml-schema,100,0,True,0.0014,0.0001,"{'ridge': 1e-08, 'attribute_selection': 'none', 'eliminate_colinear': False}",0.1.6,Weka/TuiML keep a 1e-8 ridge term for conditioning; scikit-learn solves plain OLS by least squares.,0.0955,0.0955,289.4,,,,,,5506.546222772715,3932.7514112866934,0.7115368374466555,,False
weka,linear_regression,healthcare_insurance_expenses,regression,regression,defaults,42,,ok,1070,268,6,3,3,11,,openml-schema,100,0,False,0.1005,0.0026,,3.9.6,Weka/TuiML keep a 1e-8 ridge term for conditioning; scikit-learn solves plain OLS by least squares.,1.8856,2.8421,288.2,,,,,,5486.607958752433,3907.435833664901,0.7136220073317181,True,False
weka,linear_regression,healthcare_insurance_expenses,regression,regression,matched,42,,ok,1070,268,6,3,3,11,,openml-schema,100,0,True,0.093,0.0029,-S 1 -C -R 1.0E-8,3.9.6,Weka/TuiML keep a 1e-8 ridge term for conditioning; scikit-learn solves plain OLS by least squares.,2.0307,2.898,297.5,,,,,,5506.546222763589,3932.7514112909253,0.7115368374476116,True,False
sklearn,mlp_reg,healthcare_insurance_expenses,regression,regression,defaults,42,,ok,1070,268,6,3,3,11,,openml-schema,100,0,False,0.7803,0.001,"{'max_iter': 300, 'random_state': 42}",1.8.0,"Target is left unscaled for all three, so none of them get Weka's default class normalization. See mlp for the optimizer difference.",1.9369,1.9262,178.0,,,,,,14145.256631038772,9921.226244456086,-0.9035024691687856,,False
sklearn,mlp_reg,healthcare_insurance_expenses,regression,regression,matched,42,,ok,1070,268,6,3,3,11,,openml-schema,100,0,True,0.5605,0.0013,"{'hidden_layer_sizes': (100,), 'max_iter': 300, 'solver': 'sgd', 'learning_rate': 'adaptive', 'learning_rate_init': 0.05, 'momentum': 0.2, 'activation': 'logistic', 'random_state': 42}",1.8.0,"Target is left unscaled for all three, so none of them get Weka's default class normalization. See mlp for the optimizer difference.",1.7206,1.709,177.0,,,,,,5504.474746261399,3945.634726710379,0.7117538272794703,,False
tuiml,mlp_reg,healthcare_insurance_expenses,regression,regression,defaults,42,,ok,1070,268,6,3,3,11,,openml-schema,100,0,False,0.5822,0.0003,{},0.1.6,"Target is left unscaled for all three, so none of them get Weka's default class normalization. See mlp for the optimizer difference.",0.6779,0.6778,291.5,,,,,,4067.6271362318785,2627.4311258434886,0.8425966198736162,,False
tuiml,mlp_reg,healthcare_insurance_expenses,regression,regression,matched,42,,ok,1070,268,6,3,3,11,,openml-schema,100,0,True,0.6735,0.0008,"{'hidden_layers': [100], 'max_epochs': 300, 'learning_rate': 0.05, 'momentum': 0.2, 'decay': True, 'activation': 'sigmoid', 'random_state': 42}",0.1.6,"Target is left unscaled for all three, so none of them get Weka's default class normalization. See mlp for the optimizer difference.",0.7559,0.7462,283.5,,,,,,5534.620135566721,3920.4770948366904,0.7085880078121667,,False
weka,mlp_reg,healthcare_insurance_expenses,regression,regression,defaults,42,,ok,1070,268,6,3,3,11,,openml-schema,100,0,False,0.6543,0.003,,3.9.6,"Target is left unscaled for all three, so none of them get Weka's default class normalization. See mlp for the optimizer difference.",2.6454,3.6865,296.9,,,,,,4593.996228135774,2707.592235541975,0.7992234206108164,True,False
weka,mlp_reg,healthcare_insurance_expenses,regression,regression,matched,42,,ok,1070,268,6,3,3,11,,openml-schema,100,0,True,5.9409,0.0077,-H 100 -N 300 -L 0.05 -M 0.2 -D -I -C -S 42,3.9.6,"Target is left unscaled for all three, so none of them get Weka's default class normalization. See mlp for the optimizer difference.",7.8578,9.0437,293.9,,,,,,4147.505580122519,2681.1769751775496,0.8363538696042764,True,False
sklearn,random_forest_reg,healthcare_insurance_expenses,regression,regression,defaults,42,,ok,1070,268,6,3,3,11,,openml-schema,100,0,False,0.4271,0.0192,"{'n_estimators': 100, 'random_state': 42}",1.8.0,scikit-learn's RandomForestRegressor defaults to all attributes per split; that default alone explains much of the untuned runtime gap.,1.6126,1.6035,192.0,,,,,,4059.0541031366424,2426.816219583881,0.8432594153077191,,False
sklearn,random_forest_reg,healthcare_insurance_expenses,regression,regression,matched,42,,ok,1070,268,6,3,3,11,,openml-schema,100,0,True,0.2432,0.0168,"{'n_estimators': 100, 'max_features': 'sqrt', 'min_samples_leaf': 1, 'bootstrap': True, 'random_state': 42}",1.8.0,scikit-learn's RandomForestRegressor defaults to all attributes per split; that default alone explains much of the untuned runtime gap.,1.4303,1.4238,193.0,,,,,,3919.4925786753834,2392.5837249668652,0.8538524715340368,,False
tuiml,random_forest_reg,healthcare_insurance_expenses,regression,regression,defaults,42,,ok,1070,268,6,3,3,11,,openml-schema,100,0,False,0.7294,0.0063,{'n_estimators': 100},0.1.6,scikit-learn's RandomForestRegressor defaults to all attributes per split; that default alone explains much of the untuned runtime gap.,0.8484,0.8465,299.9,,,,,,3804.1384403460434,2495.8219411683185,0.8623283843303614,,False
tuiml,random_forest_reg,healthcare_insurance_expenses,regression,regression,matched,42,,ok,1070,268,6,3,3,11,,openml-schema,100,0,True,0.661,0.0055,"{'n_estimators': 100, 'max_features': 'sqrt', 'min_samples_leaf': 1, 'bootstrap': True, 'random_state': 42}",0.1.6,scikit-learn's RandomForestRegressor defaults to all attributes per split; that default alone explains much of the untuned runtime gap.,0.7822,0.7917,305.0,,,,,,3817.6376776511015,2529.9937811410505,0.8613495770252517,,False
weka,random_forest_reg,healthcare_insurance_expenses,regression,regression,defaults,42,,ok,1070,268,6,3,3,11,,openml-schema,100,0,False,0.5094,0.0419,-I 100,3.9.6,scikit-learn's RandomForestRegressor defaults to all attributes per split; that default alone explains much of the untuned runtime gap.,2.4886,3.899,376.8,,,,,,3953.5357004431066,2332.520629658516,0.8513026899976706,True,False
weka,random_forest_reg,healthcare_insurance_expenses,regression,regression,matched,42,,ok,1070,268,6,3,3,11,,openml-schema,100,0,True,0.535,0.0569,-I 100 -K 2 -depth 0 -M 1 -V 1.0E-8 -P 100 -S 42,3.9.6,scikit-learn's RandomForestRegressor defaults to all attributes per split; that default alone explains much of the untuned runtime gap.,2.4835,3.9915,406.4,,,,,,4017.03230560881,2547.470771794151,0.8464879641819132,True,False
sklearn,svm_reg,healthcare_insurance_expenses,regression,regression,defaults,42,,ok,1070,268,6,3,3,11,,openml-schema,100,0,False,0.0541,0.0182,{},1.8.0,Optimizer tolerances still differ between SMOreg and libsvm.,1.2188,1.2127,183.0,,,,,,10526.776906004032,7022.94025776253,-0.05419904976623324,,False
sklearn,svm_reg,healthcare_insurance_expenses,regression,regression,matched,42,,ok,1070,268,6,3,3,11,,openml-schema,100,0,True,0.0525,0.0071,"{'C': 1.0, 'epsilon': 0.1, 'kernel': 'rbf', 'gamma': 0.19298245614035084}",1.8.0,Optimizer tolerances still differ between SMOreg and libsvm.,1.1295,1.1262,183.0,,,,,,3694.419947752255,2089.1839273998366,0.8701552772476311,,False
tuiml,svm_reg,healthcare_insurance_expenses,regression,regression,defaults,42,,ok,1070,268,6,3,3,11,,openml-schema,100,0,False,0.0428,0.0057,{},0.1.6,Optimizer tolerances still differ between SMOreg and libsvm.,0.1275,0.127,297.5,,,,,,10526.776906003464,7022.940257762473,-0.054199049766119556,,False
tuiml,svm_reg,healthcare_insurance_expenses,regression,regression,matched,42,,ok,1070,268,6,3,3,11,,openml-schema,100,0,True,0.0615,0.0025,"{'C': 1.0, 'epsilon': 0.1, 'kernel': 'rbf', 'gamma': 0.19298245614035084}",0.1.6,Optimizer tolerances still differ between SMOreg and libsvm.,0.1404,0.1402,289.3,,,,,,3694.4851864265347,2089.393126693875,0.8701506914276718,,False
weka,svm_reg,healthcare_insurance_expenses,regression,regression,defaults,42,,ok,1070,268,6,3,3,11,,openml-schema,100,0,False,3.1737,0.0067,,3.9.6,Optimizer tolerances still differ between SMOreg and libsvm.,4.9458,6.1615,289.8,,,,,,6821.819705870806,3208.425204457637,0.5572768245199549,True,False
weka,svm_reg,healthcare_insurance_expenses,regression,regression,matched,42,,ok,1070,268,6,3,3,11,,openml-schema,100,0,True,0.8265,0.0191,-N 2 -C 1.0 -I weka.classifiers.functions.supportVector.RegSMOImproved -L 0.1 -K weka.classifiers.functions.supportVector.RBFKernel -G 0.1929824561,3.9.6,Optimizer tolerances still differ between SMOreg and libsvm.,3.2024,4.4716,289.7,,,,,,3687.1263489837816,2068.7198931761845,0.8706674553406384,True,False
sklearn,decision_tree_reg,houses,regression,regression,defaults,42,,ok,16512,4128,8,8,0,8,,openml-schema,100,0,False,0.224,0.0035,{'random_state': 42},1.8.0,All three then reduce variance on binary splits; close match.,1.5833,1.5729,190.6,,,,,,0.31846108844178517,0.22050061250563704,0.6870778933767165,,False
sklearn,decision_tree_reg,houses,regression,regression,matched,42,,ok,16512,4128,8,8,0,8,,openml-schema,100,0,True,0.2196,0.0026,"{'min_samples_leaf': 1, 'random_state': 42}",1.8.0,All three then reduce variance on binary splits; close match.,1.4052,1.3949,190.6,,,,,,0.31770824592586555,0.21884074570880288,0.6885556413187486,,False
tuiml,decision_tree_reg,houses,regression,regression,defaults,42,,ok,16512,4128,8,8,0,8,,openml-schema,100,0,False,0.4248,0.0838,{},0.1.6,All three then reduce variance on binary splits; close match.,0.623,0.6223,309.4,,,,,,0.31699839267189395,0.21766584864888935,0.6899458023597482,,False
tuiml,decision_tree_reg,houses,regression,regression,matched,42,,ok,16512,4128,8,8,0,8,,openml-schema,100,0,True,0.4265,0.0867,"{'min_samples_leaf': 1, 'random_state': 42}",0.1.6,All three then reduce variance on binary splits; close match.,0.6339,0.6321,311.2,,,,,,0.3176221239493538,0.2189155977924603,0.6887244664512764,,False
weka,decision_tree_reg,houses,regression,regression,defaults,42,,ok,16512,4128,8,8,0,8,,openml-schema,100,0,False,0.4441,0.0194,,3.9.6,All three then reduce variance on binary splits; close match.,4.4167,5.5296,325.1,,,,,,0.2700566801820805,0.19321474558105436,0.774973666401302,True,False
weka,decision_tree_reg,houses,regression,regression,matched,42,,ok,16512,4128,8,8,0,8,,openml-schema,100,0,True,0.547,0.0246,-P -M 1 -V 1.0E-8 -L -1 -S 42,3.9.6,All three then reduce variance on binary splits; close match.,3.8573,5.0774,459.2,,,,,,0.31877049021092896,0.2198073929720961,0.6864695572934267,True,False
sklearn,knn_reg,houses,regression,regression,defaults,42,,ok,16512,4128,8,8,0,8,,openml-schema,100,0,False,0.0222,0.105,{'n_neighbors': 5},1.8.0,See knn: nominal distance semantics differ between encodings.,1.307,1.299,190.0,,,,,,0.2850391314821102,0.2083773195842425,0.7493126224641724,,False
sklearn,knn_reg,houses,regression,regression,matched,42,,ok,16512,4128,8,8,0,8,,openml-schema,100,0,True,0.0211,0.1061,"{'n_neighbors': 5, 'weights': 'uniform'}",1.8.0,See knn: nominal distance semantics differ between encodings.,1.3143,1.2982,184.2,,,,,,0.2850391314821102,0.2083773195842425,0.7493126224641724,,False
tuiml,knn_reg,houses,regression,regression,defaults,42,,ok,16512,4128,8,8,0,8,,openml-schema,100,0,False,0.0002,0.721,{'k': 5},0.1.6,See knn: nominal distance semantics differ between encodings.,0.8345,0.8309,298.4,,,,,,0.2850391314821102,0.2083773195842425,0.7493126224641724,,False
tuiml,knn_reg,houses,regression,regression,matched,42,,ok,16512,4128,8,8,0,8,,openml-schema,100,0,True,0.0002,0.7161,"{'k': 5, 'distance_weighting': 'uniform'}",0.1.6,See knn: nominal distance semantics differ between encodings.,0.8214,0.8208,293.8,,,,,,0.2850391314821102,0.2083773195842425,0.7493126224641724,,False
weka,knn_reg,houses,regression,regression,defaults,42,,ok,16512,4128,8,8,0,8,,openml-schema,100,0,False,0.0477,2.971,-K 5,3.9.6,See knn: nominal distance semantics differ between encodings.,6.3007,7.3403,295.9,,,,,,0.28460855941800944,0.20634350201605295,0.750069412987914,True,False
weka,knn_reg,houses,regression,regression,matched,42,,ok,16512,4128,8,8,0,8,,openml-schema,100,0,True,0.0391,2.5105,"-K 5 -A weka.core.neighboursearch.LinearNNSearch -A ""weka.core.EuclideanDistance -R first-last -D""",3.9.6,See knn: nominal distance semantics differ between encodings.,6.0757,7.0814,298.8,,,,,,0.2850391314821102,0.2083773195842425,0.7493126224641724,True,False
sklearn,linear_regression,houses,regression,regression,defaults,42,,ok,16512,4128,8,8,0,8,,openml-schema,100,0,False,0.004,0.0004,{},1.8.0,Weka/TuiML keep a 1e-8 ridge term for conditioning; scikit-learn solves plain OLS by least squares.,1.5265,1.5212,190.4,,,,,,0.3394120743416078,0.25584160249875443,0.644550366292143,,False
sklearn,linear_regression,houses,regression,regression,matched,42,,ok,16512,4128,8,8,0,8,,openml-schema,100,0,True,0.0038,0.0004,{},1.8.0,Weka/TuiML keep a 1e-8 ridge term for conditioning; scikit-learn solves plain OLS by least squares.,1.3091,1.2901,186.6,,,,,,0.3394120743416078,0.2558416024987545,0.644550366292143,,False
tuiml,linear_regression,houses,regression,regression,defaults,42,,ok,16512,4128,8,8,0,8,,openml-schema,100,0,False,0.0094,0.0003,{},0.1.6,Weka/TuiML keep a 1e-8 ridge term for conditioning; scikit-learn solves plain OLS by least squares.,0.1236,0.1199,293.9,,,,,,0.33941207434164694,0.25584160249885757,0.6445503662920611,,False
tuiml,linear_regression,houses,regression,regression,matched,42,,ok,16512,4128,8,8,0,8,,openml-schema,100,0,True,0.0083,0.0003,"{'ridge': 1e-08, 'attribute_selection': 'none', 'eliminate_colinear': False}",0.1.6,Weka/TuiML keep a 1e-8 ridge term for conditioning; scikit-learn solves plain OLS by least squares.,0.1162,0.1154,300.8,,,,,,0.33941207434164694,0.2558416024988576,0.6445503662920611,,False
weka,linear_regression,houses,regression,regression,defaults,42,,ok,16512,4128,8,8,0,8,,openml-schema,100,0,False,0.3722,0.0248,,3.9.6,Weka/TuiML keep a 1e-8 ridge term for conditioning; scikit-learn solves plain OLS by least squares.,4.2577,5.4452,299.1,,,,,,0.33941207434164544,0.25584160249885446,0.6445503662920642,True,False
weka,linear_regression,houses,regression,regression,matched,42,,ok,16512,4128,8,8,0,8,,openml-schema,100,0,True,0.3266,0.0245,-S 1 -C -R 1.0E-8,3.9.6,Weka/TuiML keep a 1e-8 ridge term for conditioning; scikit-learn solves plain OLS by least squares.,3.9833,5.0968,296.9,,,,,,0.3394120743416478,0.25584160249885823,0.6445503662920593,True,False
sklearn,mlp_reg,houses,regression,regression,defaults,42,,ok,16512,4128,8,8,0,8,,openml-schema,100,0,False,7.2655,0.0032,"{'max_iter': 300, 'random_state': 42}",1.8.0,"Target is left unscaled for all three, so none of them get Weka's default class normalization. See mlp for the optimizer difference.",8.351,8.346,190.6,,,,,,0.26002111424004365,0.19131036873906077,0.791387309111915,,False
sklearn,mlp_reg,houses,regression,regression,matched,42,,ok,16512,4128,8,8,0,8,,openml-schema,100,0,True,10.7983,0.0076,"{'hidden_layer_sizes': (100,), 'max_iter': 300, 'solver': 'sgd', 'learning_rate': 'adaptive', 'learning_rate_init': 0.05, 'momentum': 0.2, 'activation': 'logistic', 'random_state': 42}",1.8.0,"Target is left unscaled for all three, so none of them get Weka's default class normalization. See mlp for the optimizer difference.",11.9352,11.9265,190.6,,,,,,0.3050058777269316,0.22901946424137548,0.7129616582589364,,False
tuiml,mlp_reg,houses,regression,regression,defaults,42,,ok,16512,4128,8,8,0,8,,openml-schema,100,0,False,12.4768,0.003,{},0.1.6,"Target is left unscaled for all three, so none of them get Weka's default class normalization. See mlp for the optimizer difference.",12.6046,12.549,348.8,,,,,,0.26655180310718385,0.1942022102402872,0.7807766830962479,,False
tuiml,mlp_reg,houses,regression,regression,matched,42,,ok,16512,4128,8,8,0,8,,openml-schema,100,0,True,15.0406,0.01,"{'hidden_layers': [100], 'max_epochs': 300, 'learning_rate': 0.05, 'momentum': 0.2, 'decay': True, 'activation': 'sigmoid', 'random_state': 42}",0.1.6,"Target is left unscaled for all three, so none of them get Weka's default class normalization. See mlp for the optimizer difference.",15.1743,15.1638,373.7,,,,,,0.35927023510684225,0.27681017189650764,0.6017406584008458,,False
weka,mlp_reg,houses,regression,regression,defaults,42,,ok,16512,4128,8,8,0,8,,openml-schema,100,0,False,6.5375,0.0292,,3.9.6,"Target is left unscaled for all three, so none of them get Weka's default class normalization. See mlp for the optimizer difference.",10.3017,11.5256,293.9,,,,,,0.4274094316857364,0.3521828117057085,0.43634716178951316,True,False
weka,mlp_reg,houses,regression,regression,matched,42,,ok,16512,4128,8,8,0,8,,openml-schema,100,0,True,89.1902,0.0559,-H 100 -N 300 -L 0.05 -M 0.2 -D -I -C -S 42,3.9.6,"Target is left unscaled for all three, so none of them get Weka's default class normalization. See mlp for the optimizer difference.",92.5587,93.8956,305.5,,,,,,0.2719336616800538,0.19835006302185412,0.771834784077886,True,False
sklearn,random_forest_reg,houses,regression,regression,defaults,42,,ok,16512,4128,8,8,0,8,,openml-schema,100,0,False,12.7974,0.28,"{'n_estimators': 100, 'random_state': 42}",1.8.0,scikit-learn's RandomForestRegressor defaults to all attributes per split; that default alone explains much of the untuned runtime gap.,14.2612,14.2468,325.3,,,,,,0.22033729272702549,0.1529603481385731,0.8502042426604977,,False
sklearn,random_forest_reg,houses,regression,regression,matched,42,,ok,16512,4128,8,8,0,8,,openml-schema,100,0,True,4.4,0.2235,"{'n_estimators': 100, 'max_features': 'sqrt', 'min_samples_leaf': 1, 'bootstrap': True, 'random_state': 42}",1.8.0,scikit-learn's RandomForestRegressor defaults to all attributes per split; that default alone explains much of the untuned runtime gap.,5.8309,5.8037,329.5,,,,,,0.23702187642936984,0.17110261640586086,0.8266593746400402,,False
tuiml,random_forest_reg,houses,regression,regression,defaults,42,,ok,16512,4128,8,8,0,8,,openml-schema,100,0,False,27.4712,0.197,{'n_estimators': 100},0.1.6,scikit-learn's RandomForestRegressor defaults to all attributes per split; that default alone explains much of the untuned runtime gap.,29.3908,30.9488,1132.0,,,,,,0.23653177057267127,0.17106526081188517,0.8273754893140303,,False
tuiml,random_forest_reg,houses,regression,regression,matched,42,,ok,16512,4128,8,8,0,8,,openml-schema,100,0,True,27.3408,0.1617,"{'n_estimators': 100, 'max_features': 'sqrt', 'min_samples_leaf': 1, 'bootstrap': True, 'random_state': 42}",0.1.6,scikit-learn's RandomForestRegressor defaults to all attributes per split; that default alone explains much of the untuned runtime gap.,28.7868,30.6675,1158.0,,,,,,0.2344603111654282,0.1695237954082982,0.8303858153040615,,False
weka,random_forest_reg,houses,regression,regression,defaults,42,,ok,16512,4128,8,8,0,8,,openml-schema,100,0,False,11.0019,0.6086,-I 100,3.9.6,scikit-learn's RandomForestRegressor defaults to all attributes per split; that default alone explains much of the untuned runtime gap.,15.1147,17.4535,1005.5,,,,,,0.221112385630404,0.15515882400949005,0.8491484990531897,True,False
weka,random_forest_reg,houses,regression,regression,matched,42,,ok,16512,4128,8,8,0,8,,openml-schema,100,0,True,7.4885,0.5471,-I 100 -K 2 -depth 0 -M 1 -V 1.0E-8 -P 100 -S 42,3.9.6,scikit-learn's RandomForestRegressor defaults to all attributes per split; that default alone explains much of the untuned runtime gap.,11.9573,14.1532,1042.8,,,,,,0.23543085015836301,0.170255155142519,0.8289786868031411,True,False
sklearn,svm_reg,houses,regression,regression,defaults,42,,ok,16512,4128,8,8,0,8,,openml-schema,100,0,False,9.1926,2.3716,{},1.8.0,Optimizer tolerances still differ between SMOreg and libsvm.,12.6665,12.601,384.5,,,,,,0.2585407366497234,0.1870677911322341,0.7937559354879349,,False
sklearn,svm_reg,houses,regression,regression,matched,42,,ok,16512,4128,8,8,0,8,,openml-schema,100,0,True,10.5986,2.8209,"{'C': 1.0, 'epsilon': 0.1, 'kernel': 'rbf', 'gamma': 0.125}",1.8.0,Optimizer tolerances still differ between SMOreg and libsvm.,14.5636,14.5393,383.7,,,,,,0.2621834009433729,0.18962072445601943,0.787903315136443,,False
tuiml,svm_reg,houses,regression,regression,defaults,42,,ok,16512,4128,8,8,0,8,,openml-schema,100,0,False,13.3379,0.764,{},0.1.6,Optimizer tolerances still differ between SMOreg and libsvm.,14.2475,14.2442,491.1,,,,,,0.258571001315918,0.18709696025139355,0.7937076469807891,,False
tuiml,svm_reg,houses,regression,regression,matched,42,,ok,16512,4128,8,8,0,8,,openml-schema,100,0,True,19.0038,0.9026,"{'C': 1.0, 'epsilon': 0.1, 'kernel': 'rbf', 'gamma': 0.125}",0.1.6,Optimizer tolerances still differ between SMOreg and libsvm.,20.0315,20.0218,491.9,,,,,,0.26218239461710263,0.18961926850410657,0.787904943294865,,False
weka,svm_reg,houses,regression,regression,defaults,42,,ok,16512,4128,8,8,0,8,,openml-schema,100,0,False,224.2299,0.0331,,3.9.6,Optimizer tolerances still differ between SMOreg and libsvm.,227.6776,229.5078,308.0,,,,,,0.34080246441345863,0.2549264128158323,0.6416322266977454,True,False
weka,svm_reg,houses,regression,regression,matched,42,,ok,16512,4128,8,8,0,8,,openml-schema,100,0,True,419.947,2.8222,-N 2 -C 1.0 -I weka.classifiers.functions.supportVector.RegSMOImproved -L 0.1 -K weka.classifiers.functions.supportVector.RBFKernel -G 0.125,3.9.6,Optimizer tolerances still differ between SMOreg and libsvm.,426.4438,428.4327,299.7,,,,,,0.26220342338384045,0.18963014393188496,0.7878709190702797,True,False
sklearn,decision_tree_reg,miami_housing,regression,regression,defaults,42,,ok,11020,2756,15,14,1,16,,openml-schema,100,0,False,0.2629,0.0027,{'random_state': 42},1.8.0,All three then reduce variance on binary splits; close match.,1.5433,1.5395,191.8,,,,,,134557.4272307165,65307.48875181422,0.8303558659451813,,False
sklearn,decision_tree_reg,miami_housing,regression,regression,matched,42,,ok,11020,2756,15,14,1,16,,openml-schema,100,0,True,0.2592,0.0019,"{'min_samples_leaf': 1, 'random_state': 42}",1.8.0,All three then reduce variance on binary splits; close match.,1.4519,1.4435,191.3,,,,,,133413.30961540775,65866.65638606677,0.8332285081740145,,False
tuiml,decision_tree_reg,miami_housing,regression,regression,defaults,42,,ok,11020,2756,15,14,1,16,,openml-schema,100,0,False,0.3762,0.0601,{},0.1.6,All three then reduce variance on binary splits; close match.,0.5984,0.5975,302.7,,,,,,135522.86677987673,65115.78918722786,0.8279127646091937,,False
tuiml,decision_tree_reg,miami_housing,regression,regression,matched,42,,ok,11020,2756,15,14,1,16,,openml-schema,100,0,True,0.3794,0.0559,"{'min_samples_leaf': 1, 'random_state': 42}",0.1.6,All three then reduce variance on binary splits; close match.,0.5904,0.5876,308.0,,,,,,135567.99260103298,65584.11393323657,0.8277981437947671,,False
weka,decision_tree_reg,miami_housing,regression,regression,defaults,42,,ok,11020,2756,15,14,1,16,,openml-schema,100,0,False,0.4115,0.0131,,3.9.6,All three then reduce variance on binary splits; close match.,4.5539,5.9439,350.7,,,,,,139890.1705203416,67413.23578466557,0.8166428301572971,True,False
weka,decision_tree_reg,miami_housing,regression,regression,matched,42,,ok,11020,2756,15,14,1,16,,openml-schema,100,0,True,0.7512,0.0184,-P -M 1 -V 1.0E-8 -L -1 -S 42,3.9.6,All three then reduce variance on binary splits; close match.,4.8956,6.5911,481.9,,,,,,137954.78651486113,66686.25665215288,0.8216812361984169,True,False
sklearn,knn_reg,miami_housing,regression,regression,defaults,42,,ok,11020,2756,15,14,1,16,,openml-schema,100,0,False,0.0006,0.1817,{'n_neighbors': 5},1.8.0,See knn: nominal distance semantics differ between encodings.,1.4317,1.4237,191.8,,,,,,117392.68673271306,56149.58156748912,0.8708764129005229,,False
sklearn,knn_reg,miami_housing,regression,regression,matched,42,,ok,11020,2756,15,14,1,16,,openml-schema,100,0,True,0.0004,0.1813,"{'n_neighbors': 5, 'weights': 'uniform'}",1.8.0,See knn: nominal distance semantics differ between encodings.,1.2894,1.2826,191.3,,,,,,117392.68673271307,56149.58156748912,0.8708764129005229,,False
tuiml,knn_reg,miami_housing,regression,regression,defaults,42,,ok,11020,2756,15,14,1,16,,openml-schema,100,0,False,0.0,0.5484,{'k': 5},0.1.6,See knn: nominal distance semantics differ between encodings.,0.6932,0.6931,295.7,,,,,,117392.68673271306,56149.58156748912,0.8708764129005229,,False
tuiml,knn_reg,miami_housing,regression,regression,matched,42,,ok,11020,2756,15,14,1,16,,openml-schema,100,0,True,0.0,0.5844,"{'k': 5, 'distance_weighting': 'uniform'}",0.1.6,See knn: nominal distance semantics differ between encodings.,0.7195,0.7195,296.8,,,,,,117392.68673271307,56149.58156748912,0.8708764129005229,,False
weka,knn_reg,miami_housing,regression,regression,defaults,42,,ok,11020,2756,15,14,1,16,,openml-schema,100,0,False,0.0196,2.2412,-K 5,3.9.6,See knn: nominal distance semantics differ between encodings.,5.8529,7.165,299.5,,,,,,126218.91946847229,60483.07452830189,0.8507300409403804,True,False
weka,knn_reg,miami_housing,regression,regression,matched,42,,ok,11020,2756,15,14,1,16,,openml-schema,100,0,True,0.0157,1.8136,"-K 5 -A weka.core.neighboursearch.LinearNNSearch -A ""weka.core.EuclideanDistance -R first-last -D""",3.9.6,See knn: nominal distance semantics differ between encodings.,5.0998,6.3832,297.0,,,,,,117448.01993526275,56199.69042089986,0.8707546590560797,True,False
sklearn,linear_regression,miami_housing,regression,regression,defaults,42,,ok,11020,2756,15,14,1,16,,openml-schema,100,0,False,0.0052,0.0004,{},1.8.0,Weka/TuiML keep a 1e-8 ridge term for conditioning; scikit-learn solves plain OLS by least squares.,1.1943,1.1805,188.5,,,,,,181803.1310262908,115246.89990088913,0.690310689891509,,False
sklearn,linear_regression,miami_housing,regression,regression,matched,42,,ok,11020,2756,15,14,1,16,,openml-schema,100,0,True,0.0048,0.0003,{},1.8.0,Weka/TuiML keep a 1e-8 ridge term for conditioning; scikit-learn solves plain OLS by least squares.,1.1576,1.1502,190.5,,,,,,181803.1310262908,115246.89990088918,0.690310689891509,,False
tuiml,linear_regression,miami_housing,regression,regression,defaults,42,,ok,11020,2756,15,14,1,16,,openml-schema,100,0,False,0.013,0.0004,{},0.1.6,Weka/TuiML keep a 1e-8 ridge term for conditioning; scikit-learn solves plain OLS by least squares.,0.1484,0.1476,296.7,,,,,,181803.13102640145,115246.89990077162,0.6903106898911322,,False
tuiml,linear_regression,miami_housing,regression,regression,matched,42,,ok,11020,2756,15,14,1,16,,openml-schema,100,0,True,0.0124,0.0004,"{'ridge': 1e-08, 'attribute_selection': 'none', 'eliminate_colinear': False}",0.1.6,Weka/TuiML keep a 1e-8 ridge term for conditioning; scikit-learn solves plain OLS by least squares.,0.1611,0.1611,304.7,,,,,,181803.13102640136,115246.89990077178,0.6903106898911324,,False
weka,linear_regression,miami_housing,regression,regression,defaults,42,,ok,11020,2756,15,14,1,16,,openml-schema,100,0,False,0.3634,0.0187,,3.9.6,Weka/TuiML keep a 1e-8 ridge term for conditioning; scikit-learn solves plain OLS by least squares.,4.094,5.3826,299.9,,,,,,181781.35702490262,115163.16896938892,0.6903848665201013,True,False
weka,linear_regression,miami_housing,regression,regression,matched,42,,ok,11020,2756,15,14,1,16,,openml-schema,100,0,True,0.2971,0.0194,-S 1 -C -R 1.0E-8,3.9.6,Weka/TuiML keep a 1e-8 ridge term for conditioning; scikit-learn solves plain OLS by least squares.,3.7203,5.0341,297.6,,,,,,181803.13102640116,115246.8999007716,0.6903106898911331,True,False
sklearn,mlp_reg,miami_housing,regression,regression,defaults,42,,ok,11020,2756,15,14,1,16,,openml-schema,100,0,False,7.9371,0.0022,"{'max_iter': 300, 'random_state': 42}",1.8.0,"Target is left unscaled for all three, so none of them get Weka's default class normalization. See mlp for the optimizer difference.",9.2684,9.2577,188.6,,,,,,410948.6987749366,314344.3046916608,-0.5823360297345954,,False
sklearn,mlp_reg,miami_housing,regression,regression,matched,42,,ok,11020,2756,15,14,1,16,,openml-schema,100,0,True,9.6366,0.0057,"{'hidden_layer_sizes': (100,), 'max_iter': 300, 'solver': 'sgd', 'learning_rate': 'adaptive', 'learning_rate_init': 0.05, 'momentum': 0.2, 'activation': 'logistic', 'random_state': 42}",1.8.0,"Target is left unscaled for all three, so none of them get Weka's default class normalization. See mlp for the optimizer difference.",10.9529,10.9349,188.6,,,,,,125534.08749142138,64849.06498226491,0.8523454488130215,,False
tuiml,mlp_reg,miami_housing,regression,regression,defaults,42,,ok,11020,2756,15,14,1,16,,openml-schema,100,0,False,6.8302,0.003,{},0.1.6,"Target is left unscaled for all three, so none of them get Weka's default class normalization. See mlp for the optimizer difference.",6.9604,6.9517,329.1,,,,,,108990.3970736349,57240.4114343397,0.8886987690746213,,False
tuiml,mlp_reg,miami_housing,regression,regression,matched,42,,ok,11020,2756,15,14,1,16,,openml-schema,100,0,True,9.4789,0.0075,"{'hidden_layers': [100], 'max_epochs': 300, 'learning_rate': 0.05, 'momentum': 0.2, 'decay': True, 'activation': 'sigmoid', 'random_state': 42}",0.1.6,"Target is left unscaled for all three, so none of them get Weka's default class normalization. See mlp for the optimizer difference.",9.6078,9.5919,350.6,,,,,,188025.54049751273,116270.29863264473,0.6687490066260046,,False
weka,mlp_reg,miami_housing,regression,regression,defaults,42,,ok,11020,2756,15,14,1,16,,openml-schema,100,0,False,11.926,0.0246,,3.9.6,"Target is left unscaled for all three, so none of them get Weka's default class normalization. See mlp for the optimizer difference.",15.9025,17.4285,290.3,,,,,,149891.8652055426,99933.25508456591,0.7894866582132866,True,False
weka,mlp_reg,miami_housing,regression,regression,matched,42,,ok,11020,2756,15,14,1,16,,openml-schema,100,0,True,90.1527,0.0472,-H 100 -N 300 -L 0.05 -M 0.2 -D -I -C -S 42,3.9.6,"Target is left unscaled for all three, so none of them get Weka's default class normalization. See mlp for the optimizer difference.",94.0182,95.5967,294.2,,,,,,111550.96647837844,57553.67858455528,0.8834076186906279,True,False
sklearn,random_forest_reg,miami_housing,regression,regression,defaults,42,,ok,11020,2756,15,14,1,16,,openml-schema,100,0,False,15.5323,0.1276,"{'n_estimators': 100, 'random_state': 42}",1.8.0,scikit-learn's RandomForestRegressor defaults to all attributes per split; that default alone explains much of the untuned runtime gap.,16.9024,16.879,276.9,,,,,,95240.49749553445,45534.352242380264,0.9150101997745461,,False
sklearn,random_forest_reg,miami_housing,regression,regression,matched,42,,ok,11020,2756,15,14,1,16,,openml-schema,100,0,True,4.5804,0.154,"{'n_estimators': 100, 'max_features': 'sqrt', 'min_samples_leaf': 1, 'bootstrap': True, 'random_state': 42}",1.8.0,scikit-learn's RandomForestRegressor defaults to all attributes per split; that default alone explains much of the untuned runtime gap.,5.8962,5.8746,278.2,,,,,,95636.07509051924,44732.894833091435,0.9143027301277922,,False
tuiml,random_forest_reg,miami_housing,regression,regression,defaults,42,,ok,11020,2756,15,14,1,16,,openml-schema,100,0,False,22.7193,0.0987,{'n_estimators': 100},0.1.6,scikit-learn's RandomForestRegressor defaults to all attributes per split; that default alone explains much of the untuned runtime gap.,23.8091,24.8841,875.7,,,,,,95699.3400824629,44996.57202853962,0.9141893120407705,,False
tuiml,random_forest_reg,miami_housing,regression,regression,matched,42,,ok,11020,2756,15,14,1,16,,openml-schema,100,0,True,23.044,0.1173,"{'n_estimators': 100, 'max_features': 'sqrt', 'min_samples_leaf': 1, 'bootstrap': True, 'random_state': 42}",0.1.6,scikit-learn's RandomForestRegressor defaults to all attributes per split; that default alone explains much of the untuned runtime gap.,24.2378,25.3772,872.3,,,,,,94476.67240553389,44868.149335389455,0.9163679630417882,,False
weka,random_forest_reg,miami_housing,regression,regression,defaults,42,,ok,11020,2756,15,14,1,16,,openml-schema,100,0,False,6.8725,0.2992,-I 100,3.9.6,scikit-learn's RandomForestRegressor defaults to all attributes per split; that default alone explains much of the untuned runtime gap.,10.679,13.2993,900.4,,,,,,95064.07686192742,45244.59033788254,0.9153247732516845,True,False
weka,random_forest_reg,miami_housing,regression,regression,matched,42,,ok,11020,2756,15,14,1,16,,openml-schema,100,0,True,7.198,0.591,-I 100 -K 3 -depth 0 -M 1 -V 1.0E-8 -P 100 -S 42,3.9.6,scikit-learn's RandomForestRegressor defaults to all attributes per split; that default alone explains much of the untuned runtime gap.,11.3583,14.1719,980.1,,,,,,97324.54127568353,45755.254104600586,0.9112500272017606,True,False
sklearn,svm_reg,miami_housing,regression,regression,defaults,42,,ok,11020,2756,15,14,1,16,,openml-schema,100,0,False,6.0062,1.7866,{},1.8.0,Optimizer tolerances still differ between SMOreg and libsvm.,9.0392,8.9855,378.9,,,,,,339699.8448116797,179072.0194249716,-0.08122030922130552,,False
sklearn,svm_reg,miami_housing,regression,regression,matched,42,,ok,11020,2756,15,14,1,16,,openml-schema,100,0,True,3.1907,0.7032,"{'C': 1.0, 'epsilon': 0.1, 'kernel': 'rbf', 'gamma': 0.06694560669456075}",1.8.0,Optimizer tolerances still differ between SMOreg and libsvm.,5.0672,5.0279,366.9,,,,,,111028.54482365875,50474.56392359941,0.8844971252587678,,False
tuiml,svm_reg,miami_housing,regression,regression,defaults,42,,ok,11020,2756,15,14,1,16,,openml-schema,100,0,False,8.9218,0.6952,{},0.1.6,Optimizer tolerances still differ between SMOreg and libsvm.,9.7743,9.7736,493.7,,,,,,339699.84481171914,179072.0194249699,-0.08122030922155687,,False
tuiml,svm_reg,miami_housing,regression,regression,matched,42,,ok,11020,2756,15,14,1,16,,openml-schema,100,0,True,4.7587,0.3283,"{'C': 1.0, 'epsilon': 0.1, 'kernel': 'rbf', 'gamma': 0.06694560669456075}",0.1.6,Optimizer tolerances still differ between SMOreg and libsvm.,5.2299,5.2289,493.7,,,,,,111048.39442524339,50498.74093449587,0.8844558225290688,,False
weka,svm_reg,miami_housing,regression,regression,defaults,42,,ok,11020,2756,15,14,1,16,,openml-schema,100,0,False,518.8049,0.0219,,3.9.6,Optimizer tolerances still differ between SMOreg and libsvm.,522.1178,524.3892,317.6,,,,,,212185.25973452724,102697.37156142236,0.5781540158183432,True,False
weka,svm_reg,miami_housing,regression,regression,matched,42,,ok,11020,2756,15,14,1,16,,openml-schema,100,0,True,127.8254,0.9994,-N 2 -C 1.0 -I weka.classifiers.functions.supportVector.RegSMOImproved -L 0.1 -K weka.classifiers.functions.supportVector.RBFKernel -G 0.06694560669,3.9.6,Optimizer tolerances still differ between SMOreg and libsvm.,132.9461,134.7997,303.2,,,,,,111125.5682914473,50523.11554129778,0.8842951702404545,True,False
sklearn,decision_tree_reg,physiochemical_protein,regression,regression,defaults,42,,ok,36584,9146,9,9,0,9,,openml-schema,100,0,False,0.7898,0.0072,{'random_state': 42},1.8.0,All three then reduce variance on binary splits; close match.,2.1635,2.1521,207.3,,,,,,4.988048657493863,2.8798215431153875,0.3364642227533613,,False
sklearn,decision_tree_reg,physiochemical_protein,regression,regression,matched,42,,ok,36584,9146,9,9,0,9,,openml-schema,100,0,True,0.7642,0.0068,"{'min_samples_leaf': 1, 'random_state': 42}",1.8.0,All three then reduce variance on binary splits; close match.,2.186,2.1746,206.4,,,,,,5.035045730410861,2.910586139660325,0.32390173613626816,,False
tuiml,decision_tree_reg,physiochemical_protein,regression,regression,defaults,42,,ok,36584,9146,9,9,0,9,,openml-schema,100,0,False,1.1535,0.223,{},0.1.6,All three then reduce variance on binary splits; close match.,1.5904,1.5902,336.1,,,,,,5.011629961612582,2.894980410379765,0.3301755811625756,,False
tuiml,decision_tree_reg,physiochemical_protein,regression,regression,matched,42,,ok,36584,9146,9,9,0,9,,openml-schema,100,0,True,1.1615,0.2193,"{'min_samples_leaf': 1, 'random_state': 42}",0.1.6,All three then reduce variance on binary splits; close match.,1.5935,1.5934,337.3,,,,,,4.967181293493295,2.862866243895328,0.34200437717163445,,False
weka,decision_tree_reg,physiochemical_protein,regression,regression,defaults,42,,ok,36584,9146,9,9,0,9,,openml-schema,100,0,False,0.7144,0.0411,,3.9.6,All three then reduce variance on binary splits; close match.,6.6111,8.026,444.3,,,,,,4.441699949350816,3.0208772380587785,0.4738598836056941,True,False
weka,decision_tree_reg,physiochemical_protein,regression,regression,matched,42,,ok,36584,9146,9,9,0,9,,openml-schema,100,0,True,1.493,0.0609,-P -M 1 -V 1.0E-8 -L -1 -S 42,3.9.6,All three then reduce variance on binary splits; close match.,7.7894,9.4271,743.3,,,,,,5.036613794209356,2.9055351216508916,0.32348055613031124,True,False
sklearn,knn_reg,physiochemical_protein,regression,regression,defaults,42,,ok,36584,9146,9,9,0,9,,openml-schema,100,0,False,0.0644,0.4721,{'n_neighbors': 5},1.8.0,See knn: nominal distance semantics differ between encodings.,1.8778,1.8674,207.3,,,,,,3.8279416735120444,2.412050710693199,0.6092188509057517,,False
sklearn,knn_reg,physiochemical_protein,regression,regression,matched,42,,ok,36584,9146,9,9,0,9,,openml-schema,100,0,True,0.0606,0.3212,"{'n_neighbors': 5, 'weights': 'uniform'}",1.8.0,See knn: nominal distance semantics differ between encodings.,1.7507,1.7398,205.1,,,,,,3.827941673512044,2.412050710693199,0.6092188509057517,,False
tuiml,knn_reg,physiochemical_protein,regression,regression,defaults,42,,ok,36584,9146,9,9,0,9,,openml-schema,100,0,False,0.0004,4.1027,{'k': 5},0.1.6,See knn: nominal distance semantics differ between encodings.,4.2818,4.2743,308.4,,,,,,3.828361305463977,2.4126491362344193,0.609133168699169,,False
tuiml,knn_reg,physiochemical_protein,regression,regression,matched,42,,ok,36584,9146,9,9,0,9,,openml-schema,100,0,True,0.0004,4.1112,"{'k': 5, 'distance_weighting': 'uniform'}",0.1.6,See knn: nominal distance semantics differ between encodings.,4.3364,4.3191,312.4,,,,,,3.828361305463977,2.4126491362344193,0.609133168699169,,False
weka,knn_reg,physiochemical_protein,regression,regression,defaults,42,,ok,36584,9146,9,9,0,9,,openml-schema,100,0,False,0.0572,18.7283,-K 5,3.9.6,See knn: nominal distance semantics differ between encodings.,24.7449,26.0637,327.8,,,,,,3.8713382570431625,2.4657512130654897,0.6003082163575726,True,False
weka,knn_reg,physiochemical_protein,regression,regression,matched,42,,ok,36584,9146,9,9,0,9,,openml-schema,100,0,True,0.0573,11.1409,"-K 5 -A weka.core.neighboursearch.LinearNNSearch -A ""weka.core.EuclideanDistance -R first-last -D""",3.9.6,See knn: nominal distance semantics differ between encodings.,17.3048,18.6339,326.8,,,,,,3.831474586681619,2.414260174887799,0.6084971925938414,True,False
sklearn,linear_regression,physiochemical_protein,regression,regression,defaults,42,,ok,36584,9146,9,9,0,9,,openml-schema,100,0,False,0.008,0.0004,{},1.8.0,Weka/TuiML keep a 1e-8 ridge term for conditioning; scikit-learn solves plain OLS by least squares.,1.3602,1.3508,205.4,,,,,,5.181381611809352,4.33745222606728,0.2840311279499784,,False
sklearn,linear_regression,physiochemical_protein,regression,regression,matched,42,,ok,36584,9146,9,9,0,9,,openml-schema,100,0,True,0.0066,0.0003,{},1.8.0,Weka/TuiML keep a 1e-8 ridge term for conditioning; scikit-learn solves plain OLS by least squares.,1.3506,1.3396,204.7,,,,,,5.181381611809352,4.33745222606728,0.2840311279499784,,False
tuiml,linear_regression,physiochemical_protein,regression,regression,defaults,42,,ok,36584,9146,9,9,0,9,,openml-schema,100,0,False,0.0248,0.0006,{},0.1.6,Weka/TuiML keep a 1e-8 ridge term for conditioning; scikit-learn solves plain OLS by least squares.,0.22,0.22,314.6,,,,,,5.182995624282633,4.339684460264126,0.28358500652526486,,False
tuiml,linear_regression,physiochemical_protein,regression,regression,matched,42,,ok,36584,9146,9,9,0,9,,openml-schema,100,0,True,0.0264,0.0007,"{'ridge': 1e-08, 'attribute_selection': 'none', 'eliminate_colinear': False}",0.1.6,Weka/TuiML keep a 1e-8 ridge term for conditioning; scikit-learn solves plain OLS by least squares.,0.2696,0.2658,314.3,,,,,,5.181381611809613,4.337452226069059,0.28403112794990637,,False
weka,linear_regression,physiochemical_protein,regression,regression,defaults,42,,ok,36584,9146,9,9,0,9,,openml-schema,100,0,False,0.5098,0.0503,,3.9.6,Weka/TuiML keep a 1e-8 ridge term for conditioning; scikit-learn solves plain OLS by least squares.,6.4621,7.8359,336.9,,,,,,5.181381611809618,4.3374522260690895,0.2840311279499049,True,False
weka,linear_regression,physiochemical_protein,regression,regression,matched,42,,ok,36584,9146,9,9,0,9,,openml-schema,100,0,True,0.4107,0.0482,-S 1 -C -R 1.0E-8,3.9.6,Weka/TuiML keep a 1e-8 ridge term for conditioning; scikit-learn solves plain OLS by least squares.,6.477,7.6989,322.7,,,,,,5.181381611809618,4.337452226069086,0.2840311279499048,True,False
sklearn,mlp_reg,physiochemical_protein,regression,regression,defaults,42,,ok,36584,9146,9,9,0,9,,openml-schema,100,0,False,29.2468,0.0058,"{'max_iter': 300, 'random_state': 42}",1.8.0,"Target is left unscaled for all three, so none of them get Weka's default class normalization. See mlp for the optimizer difference.",30.4901,30.4494,202.3,,,,,,4.421187611081028,3.375577910207814,0.47870822721694517,,False
sklearn,mlp_reg,physiochemical_protein,regression,regression,matched,42,,ok,36584,9146,9,9,0,9,,openml-schema,100,0,True,30.4512,0.016,"{'hidden_layer_sizes': (100,), 'max_iter': 300, 'solver': 'sgd', 'learning_rate': 'adaptive', 'learning_rate_init': 0.05, 'momentum': 0.2, 'activation': 'logistic', 'random_state': 42}",1.8.0,"Target is left unscaled for all three, so none of them get Weka's default class normalization. See mlp for the optimizer difference.",31.7957,31.754,206.5,,,,,,4.855902609505324,3.873448688348589,0.3711560053825116,,False
tuiml,mlp_reg,physiochemical_protein,regression,regression,defaults,42,,ok,36584,9146,9,9,0,9,,openml-schema,100,0,False,33.5701,0.0066,{},0.1.6,"Target is left unscaled for all three, so none of them get Weka's default class normalization. See mlp for the optimizer difference.",33.7671,33.7556,420.2,,,,,,4.657822968106987,3.704305322192957,0.42141264463377903,,False
tuiml,mlp_reg,physiochemical_protein,regression,regression,matched,42,,ok,36584,9146,9,9,0,9,,openml-schema,100,0,True,35.2871,0.0244,"{'hidden_layers': [100], 'max_epochs': 300, 'learning_rate': 0.05, 'momentum': 0.2, 'decay': True, 'activation': 'sigmoid', 'random_state': 42}",0.1.6,"Target is left unscaled for all three, so none of them get Weka's default class normalization. See mlp for the optimizer difference.",35.5297,35.498,467.9,,,,,,5.390819109381328,4.539099714735921,0.224980730901724,,False
weka,mlp_reg,physiochemical_protein,regression,regression,defaults,42,,ok,36584,9146,9,9,0,9,,openml-schema,100,0,False,17.8375,0.0522,,3.9.6,"Target is left unscaled for all three, so none of them get Weka's default class normalization. See mlp for the optimizer difference.",23.3017,24.6065,330.8,,,,,,5.122524394894392,4.302342745833629,0.3002046495488657,True,False
weka,mlp_reg,physiochemical_protein,regression,regression,matched,42,,ok,36584,9146,9,9,0,9,,openml-schema,100,0,True,207.1133,0.1251,-H 100 -N 300 -L 0.05 -M 0.2 -D -I -C -S 42,3.9.6,"Target is left unscaled for all three, so none of them get Weka's default class normalization. See mlp for the optimizer difference.",213.1198,214.6146,308.7,,,,,,4.72000389408466,3.7295698658433865,0.40586149939428706,True,False
sklearn,random_forest_reg,physiochemical_protein,regression,regression,defaults,42,,ok,36584,9146,9,9,0,9,,openml-schema,100,0,False,43.7335,0.5495,"{'n_estimators': 100, 'random_state': 42}",1.8.0,scikit-learn's RandomForestRegressor defaults to all attributes per split; that default alone explains much of the untuned runtime gap.,45.8057,45.7603,502.4,,,,,,3.501643988371476,2.3641218943731146,0.6730005963110466,,False
sklearn,random_forest_reg,physiochemical_protein,regression,regression,matched,42,,ok,36584,9146,9,9,0,9,,openml-schema,100,0,True,16.8188,0.5019,"{'n_estimators': 100, 'max_features': 'sqrt', 'min_samples_leaf': 1, 'bootstrap': True, 'random_state': 42}",1.8.0,scikit-learn's RandomForestRegressor defaults to all attributes per split; that default alone explains much of the untuned runtime gap.,18.5975,18.5857,501.2,,,,,,3.4923121309654386,2.415102534848698,0.6747411762718318,,False
tuiml,random_forest_reg,physiochemical_protein,regression,regression,defaults,42,,ok,36584,9146,9,9,0,9,,openml-schema,100,0,False,71.9033,0.5332,{'n_estimators': 100},0.1.6,scikit-learn's RandomForestRegressor defaults to all attributes per split; that default alone explains much of the untuned runtime gap.,75.859,81.7161,2251.0,,,,,,3.5026621059283283,2.418843925554749,0.6728104157932231,,False
tuiml,random_forest_reg,physiochemical_protein,regression,regression,matched,42,,ok,36584,9146,9,9,0,9,,openml-schema,100,0,True,71.6885,0.6219,"{'n_estimators': 100, 'max_features': 'sqrt', 'min_samples_leaf': 1, 'bootstrap': True, 'random_state': 42}",0.1.6,scikit-learn's RandomForestRegressor defaults to all attributes per split; that default alone explains much of the untuned runtime gap.,75.9175,81.4853,2249.8,,,,,,3.4996696812044585,2.415586453127302,0.6733692318817592,,False
weka,random_forest_reg,physiochemical_protein,regression,regression,defaults,42,,ok,36584,9146,9,9,0,9,,openml-schema,100,0,False,25.7384,1.0074,-I 100,3.9.6,scikit-learn's RandomForestRegressor defaults to all attributes per split; that default alone explains much of the untuned runtime gap.,32.3527,35.5982,1131.6,,,,,,3.4830675109352986,2.3926313082430792,0.6764609048054933,True,False
weka,random_forest_reg,physiochemical_protein,regression,regression,matched,42,,ok,36584,9146,9,9,0,9,,openml-schema,100,0,True,25.084,1.5074,-I 100 -K 3 -depth 0 -M 1 -V 1.0E-8 -P 100 -S 42,3.9.6,scikit-learn's RandomForestRegressor defaults to all attributes per split; that default alone explains much of the untuned runtime gap.,32.8168,36.2068,1303.5,,,,,,3.485116490353989,2.4152268256898757,0.6760801370287592,True,False
sklearn,svm_reg,physiochemical_protein,regression,regression,defaults,42,,ok,36584,9146,9,9,0,9,,openml-schema,100,0,False,60.226,17.5355,{},1.8.0,Optimizer tolerances still differ between SMOreg and libsvm.,79.1007,78.9926,397.1,,,,,,4.91623526199458,3.6257119429377997,0.35543265882114594,,False
sklearn,svm_reg,physiochemical_protein,regression,regression,matched,42,,ok,36584,9146,9,9,0,9,,openml-schema,100,0,True,55.9319,13.8407,"{'C': 1.0, 'epsilon': 0.1, 'kernel': 'rbf', 'gamma': 0.1111111111111111}",1.8.0,Optimizer tolerances still differ between SMOreg and libsvm.,71.1517,71.0938,392.8,,,,,,4.735339342799025,3.4630943256067273,0.4019944762738331,,False
tuiml,svm_reg,physiochemical_protein,regression,regression,defaults,42,,ok,36584,9146,9,9,0,9,,openml-schema,100,0,False,108.8993,5.6999,{},0.1.6,Optimizer tolerances still differ between SMOreg and libsvm.,114.8044,114.6827,502.7,,,,,,4.91622883279422,3.6257098949975397,0.3554343446842716,,False
tuiml,svm_reg,physiochemical_protein,regression,regression,matched,42,,ok,36584,9146,9,9,0,9,,openml-schema,100,0,True,93.5621,4.6421,"{'C': 1.0, 'epsilon': 0.1, 'kernel': 'rbf', 'gamma': 0.1111111111111111}",0.1.6,Optimizer tolerances still differ between SMOreg and libsvm.,98.4163,98.3711,502.0,,,,,,4.7353696172879305,3.4630878066940096,0.4019868297808762,,False
weka,svm_reg,physiochemical_protein,regression,regression,defaults,42,,ok,36584,9146,9,9,0,9,,openml-schema,100,0,False,1594.5095,0.0512,,3.9.6,Optimizer tolerances still differ between SMOreg and libsvm.,1600.3886,1604.7723,348.8,,,,,,5.315028100299739,4.241458966479095,0.24661995638347378,True,False
weka,svm_reg,physiochemical_protein,regression,regression,matched,42,,ok,36584,9146,9,9,0,9,,openml-schema,100,0,True,2045.5386,13.5217,-N 2 -C 1.0 -I weka.classifiers.functions.supportVector.RegSMOImproved -L 0.1 -K weka.classifiers.functions.supportVector.RBFKernel -G 0.1111111111,3.9.6,Optimizer tolerances still differ between SMOreg and libsvm.,2064.6881,2069.4177,336.3,,,,,,4.73518923042249,3.4630179019296055,0.4020323897583823,True,False
sklearn,decision_tree_reg,superconductivity,regression,regression,defaults,42,,ok,17010,4253,81,81,0,81,,openml-schema,100,0,False,1.7144,0.0037,{'random_state': 42},1.8.0,All three then reduce variance on binary splits; close match.,3.6144,3.5987,286.0,,,,,,12.102584728696156,6.165264376354556,0.875307277693841,,False
sklearn,decision_tree_reg,superconductivity,regression,regression,matched,42,,ok,17010,4253,81,81,0,81,,openml-schema,100,0,True,1.7689,0.0045,"{'min_samples_leaf': 1, 'random_state': 42}",1.8.0,All three then reduce variance on binary splits; close match.,3.5041,3.4394,283.9,,,,,,12.337288526204043,6.185734053970962,0.8704240844738687,,False
tuiml,decision_tree_reg,superconductivity,regression,regression,defaults,42,,ok,17010,4253,81,81,0,81,,openml-schema,100,0,False,2.0467,0.0894,{},0.1.6,All three then reduce variance on binary splits; close match.,2.7552,2.7544,389.6,,,,,,12.189577844937833,6.15583012493573,0.8735082580301173,,False
tuiml,decision_tree_reg,superconductivity,regression,regression,matched,42,,ok,17010,4253,81,81,0,81,,openml-schema,100,0,True,2.1105,0.0991,"{'min_samples_leaf': 1, 'random_state': 42}",0.1.6,All three then reduce variance on binary splits; close match.,2.8457,2.8393,398.3,,,,,,12.153295063704022,6.184356258439821,0.8742601531135104,,False
weka,decision_tree_reg,superconductivity,regression,regression,defaults,42,,ok,17010,4253,81,81,0,81,,openml-schema,100,0,False,1.5913,0.0228,,3.9.6,All three then reduce variance on binary splits; close match.,11.5261,13.1659,831.9,,,,,,12.803845189152137,7.7047592974700265,0.8604384860432486,True,False
weka,decision_tree_reg,superconductivity,regression,regression,matched,42,,ok,17010,4253,81,81,0,81,,openml-schema,100,0,True,2.7743,0.028,-P -M 1 -V 1.0E-8 -L -1 -S 42,3.9.6,All three then reduce variance on binary splits; close match.,12.913,14.5765,909.8,,,,,,12.048618455534603,6.118995175645824,0.876416825558741,True,False
sklearn,knn_reg,superconductivity,regression,regression,defaults,42,,ok,17010,4253,81,81,0,81,,openml-schema,100,0,False,0.0059,0.7366,{'n_neighbors': 5},1.8.0,See knn: nominal distance semantics differ between encodings.,2.2895,2.277,286.2,,,,,,10.9226094771514,6.11555690101105,0.8984365007081353,,False
sklearn,knn_reg,superconductivity,regression,regression,matched,42,,ok,17010,4253,81,81,0,81,,openml-schema,100,0,True,0.0081,0.7138,"{'n_neighbors': 5, 'weights': 'uniform'}",1.8.0,See knn: nominal distance semantics differ between encodings.,2.3794,2.365,286.9,,,,,,10.9226094771514,6.11555690101105,0.8984365007081353,,False
tuiml,knn_reg,superconductivity,regression,regression,defaults,42,,ok,17010,4253,81,81,0,81,,openml-schema,100,0,False,0.005,6.4058,{'k': 5},0.1.6,See knn: nominal distance semantics differ between encodings.,7.01,7.0092,399.8,,,,,,10.91783692357974,6.113261918645662,0.898525236160135,,False
tuiml,knn_reg,superconductivity,regression,regression,matched,42,,ok,17010,4253,81,81,0,81,,openml-schema,100,0,True,0.0055,6.5347,"{'k': 5, 'distance_weighting': 'uniform'}",0.1.6,See knn: nominal distance semantics differ between encodings.,7.1403,7.1399,395.5,,,,,,10.91783692357974,6.113261918645662,0.898525236160135,,False
weka,knn_reg,superconductivity,regression,regression,defaults,42,,ok,17010,4253,81,81,0,81,,openml-schema,100,0,False,0.0377,8.1861,-K 5,3.9.6,See knn: nominal distance semantics differ between encodings.,17.6595,18.878,387.7,,,,,,10.928402103626144,6.118038739308941,0.8983287470767591,True,False
weka,knn_reg,superconductivity,regression,regression,matched,42,,ok,17010,4253,81,81,0,81,,openml-schema,100,0,True,0.0443,14.0044,"-K 5 -A weka.core.neighboursearch.LinearNNSearch -A ""weka.core.EuclideanDistance -R first-last -D""",3.9.6,See knn: nominal distance semantics differ between encodings.,23.6513,24.9878,384.7,,,,,,10.956424359720602,6.118725685859699,0.8978066742996107,True,False
sklearn,linear_regression,superconductivity,regression,regression,defaults,42,,ok,17010,4253,81,81,0,81,,openml-schema,100,0,False,0.076,0.0007,{},1.8.0,Weka/TuiML keep a 1e-8 ridge term for conditioning; scikit-learn solves plain OLS by least squares.,2.035,2.0172,283.6,,,,,,17.820586088552535,13.515843356541064,0.7296484839235254,,False
sklearn,linear_regression,superconductivity,regression,regression,matched,42,,ok,17010,4253,81,81,0,81,,openml-schema,100,0,True,0.0572,0.0006,{},1.8.0,Weka/TuiML keep a 1e-8 ridge term for conditioning; scikit-learn solves plain OLS by least squares.,1.853,1.8469,287.0,,,,,,17.820586088552535,13.515843356541062,0.7296484839235255,,False
tuiml,linear_regression,superconductivity,regression,regression,defaults,42,,ok,17010,4253,81,81,0,81,,openml-schema,100,0,False,0.1152,0.0031,{},0.1.6,Weka/TuiML keep a 1e-8 ridge term for conditioning; scikit-learn solves plain OLS by least squares.,0.7518,0.7518,401.8,,,,,,17.833963581527943,13.536306194828194,0.7292424385839513,,False
tuiml,linear_regression,superconductivity,regression,regression,matched,42,,ok,17010,4253,81,81,0,81,,openml-schema,100,0,True,0.1324,0.0043,"{'ridge': 1e-08, 'attribute_selection': 'none', 'eliminate_colinear': False}",0.1.6,Weka/TuiML keep a 1e-8 ridge term for conditioning; scikit-learn solves plain OLS by least squares.,0.845,0.8437,389.2,,,,,,17.8205860883722,13.515843356240481,0.7296484839289972,,False
weka,linear_regression,superconductivity,regression,regression,defaults,42,,ok,17010,4253,81,81,0,81,,openml-schema,100,0,False,2.2239,0.0267,,3.9.6,Weka/TuiML keep a 1e-8 ridge term for conditioning; scikit-learn solves plain OLS by least squares.,11.764,13.4766,463.2,,,,,,17.87960575057637,13.597777687775347,0.7278547744118842,True,False
weka,linear_regression,superconductivity,regression,regression,matched,42,,ok,17010,4253,81,81,0,81,,openml-schema,100,0,True,0.6684,0.0289,-S 1 -C -R 1.0E-8,3.9.6,Weka/TuiML keep a 1e-8 ridge term for conditioning; scikit-learn solves plain OLS by least squares.,10.2068,11.3934,389.0,,,,,,17.82058608837847,13.515843356247624,0.7296484839288069,True,False
sklearn,mlp_reg,superconductivity,regression,regression,defaults,42,,ok,17010,4253,81,81,0,81,,openml-schema,100,0,False,23.1284,0.006,"{'max_iter': 300, 'random_state': 42}",1.8.0,"Target is left unscaled for all three, so none of them get Weka's default class normalization. See mlp for the optimizer difference.",24.9435,24.8936,283.3,,,,,,13.038780512552957,8.578673455735236,0.8552699232136526,,False
sklearn,mlp_reg,superconductivity,regression,regression,matched,42,,ok,17010,4253,81,81,0,81,,openml-schema,100,0,True,19.9567,0.0114,"{'hidden_layer_sizes': (100,), 'max_iter': 300, 'solver': 'sgd', 'learning_rate': 'adaptive', 'learning_rate_init': 0.05, 'momentum': 0.2, 'activation': 'logistic', 'random_state': 42}",1.8.0,"Target is left unscaled for all three, so none of them get Weka's default class normalization. See mlp for the optimizer difference.",21.6672,21.6391,283.6,,,,,,14.853536948780173,10.427535163148116,0.8121788026364092,,False
tuiml,mlp_reg,superconductivity,regression,regression,defaults,42,,ok,17010,4253,81,81,0,81,,openml-schema,100,0,False,25.1442,0.0047,{},0.1.6,"Target is left unscaled for all three, so none of them get Weka's default class normalization. See mlp for the optimizer difference.",25.8264,25.7787,402.0,,,,,,13.625403149384143,9.466861268922145,0.8419539794351563,,False
tuiml,mlp_reg,superconductivity,regression,regression,matched,42,,ok,17010,4253,81,81,0,81,,openml-schema,100,0,True,21.7889,0.0108,"{'hidden_layers': [100], 'max_epochs': 300, 'learning_rate': 0.05, 'momentum': 0.2, 'decay': True, 'activation': 'sigmoid', 'random_state': 42}",0.1.6,"Target is left unscaled for all three, so none of them get Weka's default class normalization. See mlp for the optimizer difference.",22.5164,22.4962,425.6,,,,,,19.764450737678377,15.43274227458091,0.6674519984181624,,False
weka,mlp_reg,superconductivity,regression,regression,defaults,42,,ok,17010,4253,81,81,0,81,,openml-schema,100,0,False,414.7721,0.1244,,3.9.6,"Target is left unscaled for all three, so none of them get Weka's default class normalization. See mlp for the optimizer difference.",424.12,426.438,385.2,,,,,,13.906670351545852,9.810725150294274,0.8353615899723305,True,False
weka,mlp_reg,superconductivity,regression,regression,matched,42,,ok,17010,4253,81,81,0,81,,openml-schema,100,0,True,674.8248,0.2651,-H 100 -N 300 -L 0.05 -M 0.2 -D -I -C -S 42,3.9.6,"Target is left unscaled for all three, so none of them get Weka's default class normalization. See mlp for the optimizer difference.",684.5287,686.7476,389.1,,,,,,13.615794044718045,9.270324388754215,0.8421768198493409,True,False
sklearn,random_forest_reg,superconductivity,regression,regression,defaults,42,,ok,17010,4253,81,81,0,81,,openml-schema,100,0,False,110.5337,0.4139,"{'n_estimators': 100, 'random_state': 42}",1.8.0,scikit-learn's RandomForestRegressor defaults to all attributes per split; that default alone explains much of the untuned runtime gap.,112.5419,112.4412,328.7,,,,,,9.614381564354888,5.298248088425688,0.9213085494515857,,False
sklearn,random_forest_reg,superconductivity,regression,regression,matched,42,,ok,17010,4253,81,81,0,81,,openml-schema,100,0,True,14.2398,0.2059,"{'n_estimators': 100, 'max_features': 'sqrt', 'min_samples_leaf': 1, 'bootstrap': True, 'random_state': 42}",1.8.0,scikit-learn's RandomForestRegressor defaults to all attributes per split; that default alone explains much of the untuned runtime gap.,16.2943,16.2752,327.6,,,,,,9.523611400340306,5.29405829068605,0.9227874002286035,,False
tuiml,random_forest_reg,superconductivity,regression,regression,defaults,42,,ok,17010,4253,81,81,0,81,,openml-schema,100,0,False,46.5778,0.2121,{'n_estimators': 100},0.1.6,scikit-learn's RandomForestRegressor defaults to all attributes per split; that default alone explains much of the untuned runtime gap.,48.4614,53.0044,2347.0,,,,,,9.547801083611349,5.286391172051851,0.9223946667861378,,False
tuiml,random_forest_reg,superconductivity,regression,regression,matched,42,,ok,17010,4253,81,81,0,81,,openml-schema,100,0,True,45.2304,0.4323,"{'n_estimators': 100, 'max_features': 'sqrt', 'min_samples_leaf': 1, 'bootstrap': True, 'random_state': 42}",0.1.6,scikit-learn's RandomForestRegressor defaults to all attributes per split; that default alone explains much of the untuned runtime gap.,47.2571,52.4179,2591.7,,,,,,9.553438514863707,5.300757126072712,0.9223029966969092,,False
weka,random_forest_reg,superconductivity,regression,regression,defaults,42,,ok,17010,4253,81,81,0,81,,openml-schema,100,0,False,17.8119,0.3833,-I 100,3.9.6,scikit-learn's RandomForestRegressor defaults to all attributes per split; that default alone explains much of the untuned runtime gap.,27.6587,31.0242,1021.7,,,,,,9.527778858553638,5.336869945117251,0.9227198101781837,True,False
weka,random_forest_reg,superconductivity,regression,regression,matched,42,,ok,17010,4253,81,81,0,81,,openml-schema,100,0,True,26.7532,0.5767,-I 100 -K 9 -depth 0 -M 1 -V 1.0E-8 -P 100 -S 42,3.9.6,scikit-learn's RandomForestRegressor defaults to all attributes per split; that default alone explains much of the untuned runtime gap.,36.674,40.947,1080.2,,,,,,9.498184554869523,5.280441144384399,0.9231991457134825,True,False
sklearn,svm_reg,superconductivity,regression,regression,defaults,42,,ok,17010,4253,81,81,0,81,,openml-schema,100,0,False,31.1501,7.01,{},1.8.0,Optimizer tolerances still differ between SMOreg and libsvm.,40.0174,39.994,421.2,,,,,,16.416771747826868,10.649492900590218,0.7705646336974998,,False
sklearn,svm_reg,superconductivity,regression,regression,matched,42,,ok,17010,4253,81,81,0,81,,openml-schema,100,0,True,12.2049,3.0816,"{'C': 1.0, 'epsilon': 0.1, 'kernel': 'rbf', 'gamma': 0.012345679012345678}",1.8.0,Optimizer tolerances still differ between SMOreg and libsvm.,17.0195,16.9872,419.6,,,,,,14.005508717306663,8.677739075471928,0.8330130165510352,,False
tuiml,svm_reg,superconductivity,regression,regression,defaults,42,,ok,17010,4253,81,81,0,81,,openml-schema,100,0,False,115.2049,9.1807,{},0.1.6,Optimizer tolerances still differ between SMOreg and libsvm.,125.1589,125.1,527.5,,,,,,16.41676735666559,10.64949761739153,0.7705647564363155,,False
tuiml,svm_reg,superconductivity,regression,regression,matched,42,,ok,17010,4253,81,81,0,81,,openml-schema,100,0,True,63.7811,8.2167,"{'C': 1.0, 'epsilon': 0.1, 'kernel': 'rbf', 'gamma': 0.012345679012345678}",0.1.6,Optimizer tolerances still differ between SMOreg and libsvm.,72.6833,72.6427,525.2,,,,,,14.005872007813256,8.677635637929745,0.8330043534494184,,False
weka,svm_reg,superconductivity,regression,regression,defaults,42,,ok,17010,4253,81,81,0,81,,openml-schema,100,0,False,2507.3672,0.0466,,3.9.6,Optimizer tolerances still differ between SMOreg and libsvm.,2517.6318,2522.4326,405.8,,,,,,18.156046478196302,13.240474144837975,0.7193743173909757,True,False
weka,svm_reg,superconductivity,regression,regression,matched,42,,ok,17010,4253,81,81,0,81,,openml-schema,100,0,True,717.394,25.5489,-N 2 -C 1.0 -I weka.classifiers.functions.supportVector.RegSMOImproved -L 0.1 -K weka.classifiers.functions.supportVector.RBFKernel -G 0.01234567901,3.9.6,Optimizer tolerances still differ between SMOreg and libsvm.,752.4788,755.1862,383.8,,,,,,14.005499148151213,8.677657392906857,0.8330132447360857,True,False
sklearn,decision_tree_reg,wine_quality,regression,regression,defaults,42,,ok,5197,1300,12,11,1,13,,openml-schema,100,0,False,0.0545,0.0006,{'random_state': 42},1.8.0,All three then reduce variance on binary splits; close match.,1.159,1.153,184.4,,,,,,0.8384968235341879,0.46923076923076923,0.06017282632338683,,False
sklearn,decision_tree_reg,wine_quality,regression,regression,matched,42,,ok,5197,1300,12,11,1,13,,openml-schema,100,0,True,0.0555,0.0006,"{'min_samples_leaf': 1, 'random_state': 42}",1.8.0,All three then reduce variance on binary splits; close match.,1.1563,1.1488,184.1,,,,,,0.8320502943378437,0.4676923076923077,0.07456842854600454,,False
tuiml,decision_tree_reg,wine_quality,regression,regression,defaults,42,,ok,5197,1300,12,11,1,13,,openml-schema,100,0,False,0.0804,0.0209,{},0.1.6,All three then reduce variance on binary splits; close match.,0.2114,0.2114,292.1,,,,,,0.8389553944317624,0.47615384615384615,0.05914456902177134,,False
tuiml,decision_tree_reg,wine_quality,regression,regression,matched,42,,ok,5197,1300,12,11,1,13,,openml-schema,100,0,True,0.0874,0.022,"{'min_samples_leaf': 1, 'random_state': 42}",0.1.6,All three then reduce variance on binary splits; close match.,0.2002,0.2001,295.4,,,,,,0.845349267826846,0.4746153846153846,0.04474896679915363,,False
weka,decision_tree_reg,wine_quality,regression,regression,defaults,42,,ok,5197,1300,12,11,1,13,,openml-schema,100,0,False,0.1761,0.0088,,3.9.6,All three then reduce variance on binary splits; close match.,2.6353,3.6655,299.1,,,,,,0.7590237714032411,0.5835576410849116,0.22988442025011402,True,False
weka,decision_tree_reg,wine_quality,regression,regression,matched,42,,ok,5197,1300,12,11,1,13,,openml-schema,100,0,True,0.326,0.0088,-P -M 1 -V 1.0E-8 -L -1 -S 42,3.9.6,All three then reduce variance on binary splits; close match.,2.843,4.0228,306.7,,,,,,0.8366600265340756,0.4707692307692308,0.06428585552984911,True,False
sklearn,knn_reg,wine_quality,regression,regression,defaults,42,,ok,5197,1300,12,11,1,13,,openml-schema,100,0,False,0.009,0.0773,{'n_neighbors': 5},1.8.0,See knn: nominal distance semantics differ between encodings.,1.3688,1.358,184.0,,,,,,0.7029607714188937,0.5246153846153846,0.3394475094421704,,False
sklearn,knn_reg,wine_quality,regression,regression,matched,42,,ok,5197,1300,12,11,1,13,,openml-schema,100,0,True,0.0087,0.0781,"{'n_neighbors': 5, 'weights': 'uniform'}",1.8.0,See knn: nominal distance semantics differ between encodings.,1.2581,1.2507,184.1,,,,,,0.7029607714188937,0.5246153846153846,0.3394475094421704,,False
tuiml,knn_reg,wine_quality,regression,regression,defaults,42,,ok,5197,1300,12,11,1,13,,openml-schema,100,0,False,0.0,0.1047,{'k': 5},0.1.6,See knn: nominal distance semantics differ between encodings.,0.1907,0.1907,291.0,,,,,,0.7029607714188937,0.5246153846153846,0.3394475094421704,,False
tuiml,knn_reg,wine_quality,regression,regression,matched,42,,ok,5197,1300,12,11,1,13,,openml-schema,100,0,True,0.0,0.1077,"{'k': 5, 'distance_weighting': 'uniform'}",0.1.6,See knn: nominal distance semantics differ between encodings.,0.1932,0.1932,292.9,,,,,,0.7029607714188937,0.5246153846153846,0.3394475094421704,,False
weka,knn_reg,wine_quality,regression,regression,defaults,42,,ok,5197,1300,12,11,1,13,,openml-schema,100,0,False,0.01,0.6529,-K 5,3.9.6,See knn: nominal distance semantics differ between encodings.,3.286,4.475,285.2,,,,,,0.6957165829227492,0.5231043956043957,0.3529916808101369,True,False
weka,knn_reg,wine_quality,regression,regression,matched,42,,ok,5197,1300,12,11,1,13,,openml-schema,100,0,True,0.0104,0.5672,"-K 5 -A weka.core.neighboursearch.LinearNNSearch -A ""weka.core.EuclideanDistance -R first-last -D""",3.9.6,See knn: nominal distance semantics differ between encodings.,3.4309,4.6999,295.6,,,,,,0.7051997490582824,0.5284752747252748,0.33523299957568475,True,False
sklearn,linear_regression,wine_quality,regression,regression,defaults,42,,ok,5197,1300,12,11,1,13,,openml-schema,100,0,False,0.0024,0.0001,{},1.8.0,Weka/TuiML keep a 1e-8 ridge term for conditioning; scikit-learn solves plain OLS by least squares.,1.1803,1.1698,180.9,,,,,,0.7311017465287656,0.5634658475303171,0.28550236239439586,,False
sklearn,linear_regression,wine_quality,regression,regression,matched,42,,ok,5197,1300,12,11,1,13,,openml-schema,100,0,True,0.0024,0.0002,{},1.8.0,Weka/TuiML keep a 1e-8 ridge term for conditioning; scikit-learn solves plain OLS by least squares.,1.1049,1.1002,184.3,,,,,,0.7311017465287656,0.563465847530317,0.28550236239439586,,False
tuiml,linear_regression,wine_quality,regression,regression,defaults,42,,ok,5197,1300,12,11,1,13,,openml-schema,100,0,False,0.0046,0.0001,{},0.1.6,Weka/TuiML keep a 1e-8 ridge term for conditioning; scikit-learn solves plain OLS by least squares.,0.0952,0.0953,294.4,,,,,,0.7311017465287768,0.5634658475303359,0.28550236239437365,,False
tuiml,linear_regression,wine_quality,regression,regression,matched,42,,ok,5197,1300,12,11,1,13,,openml-schema,100,0,True,0.0043,0.0001,"{'ridge': 1e-08, 'attribute_selection': 'none', 'eliminate_colinear': False}",0.1.6,Weka/TuiML keep a 1e-8 ridge term for conditioning; scikit-learn solves plain OLS by least squares.,0.0944,0.0944,295.0,,,,,,0.7311017465287835,0.5634658475303572,0.2855023623943608,,False
weka,linear_regression,wine_quality,regression,regression,defaults,42,,ok,5197,1300,12,11,1,13,,openml-schema,100,0,False,0.2039,0.0088,,3.9.6,Weka/TuiML keep a 1e-8 ridge term for conditioning; scikit-learn solves plain OLS by least squares.,2.8862,3.8369,299.1,,,,,,0.7311811489821822,0.5636270668083052,0.28534715569044067,True,False
weka,linear_regression,wine_quality,regression,regression,matched,42,,ok,5197,1300,12,11,1,13,,openml-schema,100,0,True,0.2032,0.0095,-S 1 -C -R 1.0E-8,3.9.6,Weka/TuiML keep a 1e-8 ridge term for conditioning; scikit-learn solves plain OLS by least squares.,2.845,3.8828,288.8,,,,,,0.731101746528777,0.5634658475303368,0.28550236239437343,True,False
sklearn,mlp_reg,wine_quality,regression,regression,defaults,42,,ok,5197,1300,12,11,1,13,,openml-schema,100,0,False,4.099,0.0011,"{'max_iter': 300, 'random_state': 42}",1.8.0,"Target is left unscaled for all three, so none of them get Weka's default class normalization. See mlp for the optimizer difference.",5.2704,5.2599,184.6,,,,,,0.676637690963702,0.5262372912521113,0.38799139857448206,,False
sklearn,mlp_reg,wine_quality,regression,regression,matched,42,,ok,5197,1300,12,11,1,13,,openml-schema,100,0,True,1.7631,0.0029,"{'hidden_layer_sizes': (100,), 'max_iter': 300, 'solver': 'sgd', 'learning_rate': 'adaptive', 'learning_rate_init': 0.05, 'momentum': 0.2, 'activation': 'logistic', 'random_state': 42}",1.8.0,"Target is left unscaled for all three, so none of them get Weka's default class normalization. See mlp for the optimizer difference.",2.9313,2.9239,179.0,,,,,,0.7315634315450628,0.5631309632676298,0.28459967816176124,,False
tuiml,mlp_reg,wine_quality,regression,regression,defaults,42,,ok,5197,1300,12,11,1,13,,openml-schema,100,0,False,2.6877,0.0011,{},0.1.6,"Target is left unscaled for all three, so none of them get Weka's default class normalization. See mlp for the optimizer difference.",2.7756,2.773,307.5,,,,,,0.6572162596205243,0.5096816392046064,0.4226199773568161,,False
tuiml,mlp_reg,wine_quality,regression,regression,matched,42,,ok,5197,1300,12,11,1,13,,openml-schema,100,0,True,7.3612,0.0039,"{'hidden_layers': [100], 'max_epochs': 300, 'learning_rate': 0.05, 'momentum': 0.2, 'decay': True, 'activation': 'sigmoid', 'random_state': 42}",0.1.6,"Target is left unscaled for all three, so none of them get Weka's default class normalization. See mlp for the optimizer difference.",7.4981,7.4973,312.6,,,,,,0.7309229356729197,0.5639104055499551,0.28585181939159177,,False
weka,mlp_reg,wine_quality,regression,regression,defaults,42,,ok,5197,1300,12,11,1,13,,openml-schema,100,0,False,3.8037,0.01,,3.9.6,"Target is left unscaled for all three, so none of them get Weka's default class normalization. See mlp for the optimizer difference.",6.4863,7.8031,282.0,,,,,,0.7364744049713415,0.5734253252708275,0.2749624977867656,True,False
weka,mlp_reg,wine_quality,regression,regression,matched,42,,ok,5197,1300,12,11,1,13,,openml-schema,100,0,True,36.3289,0.0218,-H 100 -N 300 -L 0.05 -M 0.2 -D -I -C -S 42,3.9.6,"Target is left unscaled for all three, so none of them get Weka's default class normalization. See mlp for the optimizer difference.",38.9377,40.1449,286.2,,,,,,0.7001675471935213,0.544494887972751,0.3446865087883124,True,False
sklearn,random_forest_reg,wine_quality,regression,regression,defaults,42,,ok,5197,1300,12,11,1,13,,openml-schema,100,0,False,3.4825,0.0422,"{'n_estimators': 100, 'random_state': 42}",1.8.0,scikit-learn's RandomForestRegressor defaults to all attributes per split; that default alone explains much of the untuned runtime gap.,4.6075,4.5978,199.3,,,,,,0.6047916996784927,0.42299230769230767,0.5110586146210279,,False
sklearn,random_forest_reg,wine_quality,regression,regression,matched,42,,ok,5197,1300,12,11,1,13,,openml-schema,100,0,True,1.1595,0.0472,"{'n_estimators': 100, 'max_features': 'sqrt', 'min_samples_leaf': 1, 'bootstrap': True, 'random_state': 42}",1.8.0,scikit-learn's RandomForestRegressor defaults to all attributes per split; that default alone explains much of the untuned runtime gap.,2.4416,2.4173,203.1,,,,,,0.5967590030257672,0.4196076923076924,0.5239603646358586,,False
tuiml,random_forest_reg,wine_quality,regression,regression,defaults,42,,ok,5197,1300,12,11,1,13,,openml-schema,100,0,False,5.1535,0.0307,{'n_estimators': 100},0.1.6,scikit-learn's RandomForestRegressor defaults to all attributes per split; that default alone explains much of the untuned runtime gap.,5.4,5.5238,404.8,,,,,,0.5954169657072212,0.4185116239316239,0.5260990658220163,,False
tuiml,random_forest_reg,wine_quality,regression,regression,matched,42,,ok,5197,1300,12,11,1,13,,openml-schema,100,0,True,5.9238,0.0368,"{'n_estimators': 100, 'max_features': 'sqrt', 'min_samples_leaf': 1, 'bootstrap': True, 'random_state': 42}",0.1.6,scikit-learn's RandomForestRegressor defaults to all attributes per split; that default alone explains much of the untuned runtime gap.,6.2505,6.4132,432.9,,,,,,0.594557130118027,0.4202670695970696,0.5274667885971233,,False
weka,random_forest_reg,wine_quality,regression,regression,defaults,42,,ok,5197,1300,12,11,1,13,,openml-schema,100,0,False,2.5376,0.1253,-I 100,3.9.6,scikit-learn's RandomForestRegressor defaults to all attributes per split; that default alone explains much of the untuned runtime gap.,5.1624,7.2305,804.5,,,,,,0.5980959531971181,0.41899999999999993,0.5218249826975935,True,False
weka,random_forest_reg,wine_quality,regression,regression,matched,42,,ok,5197,1300,12,11,1,13,,openml-schema,100,0,True,2.3757,0.1401,-I 100 -K 3 -depth 0 -M 1 -V 1.0E-8 -P 100 -S 42,3.9.6,scikit-learn's RandomForestRegressor defaults to all attributes per split; that default alone explains much of the untuned runtime gap.,5.0191,7.0341,803.7,,,,,,0.5985122580840956,0.4227076923076924,0.5211590832690673,True,False
sklearn,svm_reg,wine_quality,regression,regression,defaults,42,,ok,5197,1300,12,11,1,13,,openml-schema,100,0,False,1.2195,0.3098,{},1.8.0,Optimizer tolerances still differ between SMOreg and libsvm.,2.8051,2.7828,265.2,,,,,,0.6702897342164809,0.500772531207829,0.399420795337058,,False
sklearn,svm_reg,wine_quality,regression,regression,matched,42,,ok,5197,1300,12,11,1,13,,openml-schema,100,0,True,1.2315,0.341,"{'C': 1.0, 'epsilon': 0.1, 'kernel': 'rbf', 'gamma': 0.08387096774193546}",1.8.0,Optimizer tolerances still differ between SMOreg and libsvm.,2.8498,2.8317,266.1,,,,,,0.6724183830479254,0.5015815380447148,0.395600202214922,,False
tuiml,svm_reg,wine_quality,regression,regression,defaults,42,,ok,5197,1300,12,11,1,13,,openml-schema,100,0,False,1.5689,0.1146,{},0.1.6,Optimizer tolerances still differ between SMOreg and libsvm.,1.7788,1.7737,460.9,,,,,,0.6702941052660882,0.500776937575249,0.39941296239580226,,False
tuiml,svm_reg,wine_quality,regression,regression,matched,42,,ok,5197,1300,12,11,1,13,,openml-schema,100,0,True,1.5787,0.1257,"{'C': 1.0, 'epsilon': 0.1, 'kernel': 'rbf', 'gamma': 0.08387096774193546}",0.1.6,Optimizer tolerances still differ between SMOreg and libsvm.,1.8217,1.8196,466.9,,,,,,0.6724189093493408,0.5015881128750068,0.3955992560879228,,False
weka,svm_reg,wine_quality,regression,regression,defaults,42,,ok,5197,1300,12,11,1,13,,openml-schema,100,0,False,29.2269,0.0204,,3.9.6,Optimizer tolerances still differ between SMOreg and libsvm.,31.8595,33.5518,274.6,,,,,,0.7344143894811541,0.5621463374059157,0.2790128750816949,True,False
weka,svm_reg,wine_quality,regression,regression,matched,42,,ok,5197,1300,12,11,1,13,,openml-schema,100,0,True,21.084,0.3895,-N 2 -C 1.0 -I weka.classifiers.functions.supportVector.RegSMOImproved -L 0.1 -K weka.classifiers.functions.supportVector.RBFKernel -G 0.08387096774,3.9.6,Optimizer tolerances still differ between SMOreg and libsvm.,24.3641,25.9904,289.8,,,,,,0.6732715556392277,0.502005512084013,0.3940654896288046,True,False
