framework,algorithm,dataset,bucket,task,status,n_train,n_test,n_features_raw,n_features_prepared,n_classes,fit_s,predict_s,wall_total_s,cpu_total_s,peak_rss_mb,metric_accuracy,metric_f1_macro,metric_balanced_accuracy,metric_precision_macro,metric_recall_macro,metric_rmse,metric_mae,metric_r2,error
sklearn,decision_tree,APSFailure,binary,classification,ok,60800.0,15200.0,170.0,170.0,2.0,48.9661,0.013,55.1622,33.817,913.8,0.9905921052631579,0.8678405445339241,0.8684970306075834,0.8671864985491708,0.8684970306075834,,,,
tuiml,decision_tree,APSFailure,binary,classification,ok,60800.0,15200.0,170.0,170.0,2.0,42.7378,0.4604,46.2716,45.8569,1026.7,0.9903947368421052,0.8653078981817053,0.8666118471143597,0.864013609210796,0.8666118471143597,,,,
weka,decision_tree,APSFailure,binary,classification,ok,60800.0,15200.0,170.0,170.0,2.0,28.3498,0.7064,68.1546,71.434,1263.9,0.9905263157894737,0.8617404981334209,0.8488320389827928,0.8756879801100768,0.8488320389827928,,,,
sklearn,knn,APSFailure,binary,classification,ok,60800.0,15200.0,170.0,170.0,2.0,0.0779,6.5932,11.9192,237.408,910.1,0.9896052631578948,0.8278329635641903,0.7787604690117254,0.8991104464720818,0.7787604690117254,,,,
tuiml,knn,APSFailure,binary,classification,ok,60800.0,15200.0,170.0,170.0,2.0,0.026,159.1082,165.483,165.3392,1050.9,0.9896052631578948,0.8278329635641903,0.7787604690117254,0.8991104464720818,0.7787604690117254,,,,
weka,knn,APSFailure,binary,classification,ok,60800.0,15200.0,170.0,170.0,2.0,0.0545,318.9519,358.0569,360.0619,1021.6,0.9878289473684211,0.78328740521425,0.7243155169788336,0.8873857839399891,0.7243155169788336,,,,
sklearn,logistic,APSFailure,binary,classification,ok,60800.0,15200.0,170.0,170.0,2.0,5.2799,0.0197,10.4194,197.8828,906.2,0.9916447368421053,0.8711296761639102,0.8386934673366835,0.9107783875531748,0.8386934673366835,,,,
tuiml,logistic,APSFailure,binary,classification,ok,60800.0,15200.0,170.0,170.0,2.0,1.0689,0.0063,7.864,7.8627,1024.6,0.9894078947368421,0.7985507872711296,0.7215501751180143,0.9641544586800062,0.7215501751180143,,,,
weka,logistic,APSFailure,binary,classification,ok,60800.0,15200.0,170.0,170.0,2.0,345.9451,0.7042,385.4044,393.8446,1395.1,0.9913815789473684,0.8681060278631978,0.8385594639865996,0.9035825273735878,0.8385594639865996,,,,
sklearn,mlp,APSFailure,binary,classification,ok,60800.0,15200.0,170.0,170.0,2.0,599.6463,0.0351,605.3524,22094.9609,906.8,0.9938815789473684,0.9118507104230362,0.9022963301355261,0.921890122940725,0.9022963301355261,,,,
tuiml,mlp,APSFailure,binary,classification,ok,60800.0,15200.0,170.0,170.0,2.0,97.622,0.0272,103.4262,102.9433,1023.2,0.9913815789473684,0.868617530071588,0.8403441449672605,0.9022662138999982,0.8403441449672605,,,,
weka,mlp,APSFailure,binary,classification,timeout,,,,,,,,,,,,,,,,,,,killed by per-job timeout (computation too slow to finish)
sklearn,naive_bayes,APSFailure,binary,classification,ok,60800.0,15200.0,170.0,170.0,2.0,0.2152,0.0404,6.1403,5.9014,907.3,0.9641447368421052,0.7284475661391947,0.9317709760925841,0.6606794169317834,0.9317709760925841,,,,
tuiml,naive_bayes,APSFailure,binary,classification,ok,60800.0,15200.0,170.0,170.0,2.0,26.7444,22.8741,52.4992,52.1984,1024.4,0.9641447368421052,0.7284475661391947,0.9317709760925841,0.6606794169317834,0.9317709760925841,,,,
weka,naive_bayes,APSFailure,binary,classification,ok,60800.0,15200.0,170.0,170.0,2.0,1.7673,1.3454,42.599,44.0638,1149.6,0.9642763157894737,0.7324238545417482,0.9443307446322522,0.6629318404034513,0.9443307446322522,,,,
sklearn,random_forest,APSFailure,binary,classification,ok,60800.0,15200.0,170.0,170.0,2.0,134.3631,0.2023,142.385,91.7519,907.9,0.9944736842105263,0.9155910832239658,0.8829663468859448,0.954572205357161,0.8829663468859448,,,,
tuiml,random_forest,APSFailure,binary,classification,ok,60800.0,15200.0,170.0,170.0,2.0,278.977,1.6001,283.9076,570.5893,8765.9,0.9942105263157894,0.9119138610283108,0.8810476625552003,0.9484723329809128,0.8810476625552003,,,,
weka,random_forest,APSFailure,binary,classification,ok,60800.0,15200.0,170.0,170.0,2.0,49.7825,1.1077,89.9398,93.4688,1256.7,0.9940789473684211,0.9074021678181379,0.8667032130348713,0.958750795147217,0.8667032130348713,,,,
sklearn,svm,APSFailure,binary,classification,ok,60800.0,15200.0,170.0,170.0,2.0,113.1095,13.6807,131.4968,86.8621,905.9,0.988421052631579,0.7792444933251825,0.7067702147099132,0.936519081001091,0.7067702147099132,,,,
tuiml,svm,APSFailure,binary,classification,ok,60800.0,15200.0,170.0,170.0,2.0,221.4127,6.66,234.3931,234.3379,1026.9,0.988421052631579,0.7792444933251825,0.7067702147099132,0.936519081001091,0.7067702147099132,,,,
weka,svm,APSFailure,binary,classification,ok,60800.0,15200.0,170.0,170.0,2.0,102.3446,0.9562,142.1647,145.5455,1152.3,0.9907894736842106,0.8441535310357111,0.7865022080097457,0.9325690221483727,0.7865022080097457,,,,
sklearn,decision_tree,Amazon_employee_access,binary,classification,ok,26215.0,6554.0,9.0,9.0,2.0,0.2184,0.0013,1.5241,4.4379,198.3,0.9256942325297528,0.6754617819353564,0.6844282311217459,0.6675369136895057,0.6844282311217459,,,,
tuiml,decision_tree,Amazon_employee_access,binary,classification,ok,26215.0,6554.0,9.0,9.0,2.0,0.2522,0.0917,0.459,0.4589,310.6,0.9250839182178822,0.6765779645224255,0.6878192131434736,0.6669216046663528,0.6878192131434736,,,,
weka,decision_tree,Amazon_employee_access,binary,classification,ok,26215.0,6554.0,9.0,9.0,2.0,0.8809,0.2969,4.7732,6.394,522.4,0.9475129691791272,0.6530072003388394,0.6093269097240768,0.7910386302806528,0.6093269097240768,,,,
sklearn,knn,Amazon_employee_access,binary,classification,ok,26215.0,6554.0,9.0,9.0,2.0,0.061,1.2336,2.5233,5.191,199.0,0.9400366188587123,0.5792785383578167,0.5558277162359928,0.691159171777705,0.5558277162359928,,,,
tuiml,knn,Amazon_employee_access,binary,classification,ok,26215.0,6554.0,9.0,9.0,2.0,0.0009,1.558,1.6752,1.6751,310.6,0.9400366188587123,0.5792785383578167,0.5558277162359928,0.691159171777705,0.5558277162359928,,,,
weka,knn,Amazon_employee_access,binary,classification,ok,26215.0,6554.0,9.0,9.0,2.0,0.0315,5.1818,8.8447,10.1777,343.7,0.938815990234971,0.5757584366742766,0.5539416534028393,0.6749692309398145,0.5539416534028393,,,,
sklearn,logistic,Amazon_employee_access,binary,classification,ok,26215.0,6554.0,9.0,9.0,2.0,0.0393,0.0003,1.1338,5.3859,198.2,0.9421727189502593,0.48511273470029065,0.5,0.47108635947512967,0.5,,,,
tuiml,logistic,Amazon_employee_access,binary,classification,ok,26215.0,6554.0,9.0,9.0,2.0,0.0296,0.0002,0.1475,0.1475,311.1,0.9421727189502593,0.48511273470029065,0.5,0.47108635947512967,0.5,,,,
weka,logistic,Amazon_employee_access,binary,classification,ok,26215.0,6554.0,9.0,9.0,2.0,0.3144,0.2991,4.1464,5.5205,407.0,0.9421727189502593,0.48511273470029065,0.5,0.47108635947512967,0.5,,,,
sklearn,mlp,Amazon_employee_access,binary,classification,ok,26215.0,6554.0,9.0,9.0,2.0,11.3332,0.0262,12.4864,14.6329,199.3,0.9421727189502593,0.495439289689047,0.5049531582152051,0.7213565536205316,0.5049531582152051,,,,
tuiml,mlp,Amazon_employee_access,binary,classification,ok,26215.0,6554.0,9.0,9.0,2.0,0.9187,0.0039,1.0424,1.0424,402.2,0.9421727189502593,0.48511273470029065,0.5,0.47108635947512967,0.5,,,,
weka,mlp,Amazon_employee_access,binary,classification,ok,26215.0,6554.0,9.0,9.0,2.0,11.708,0.3064,15.8278,17.1977,330.7,0.9426304546841623,0.49308049727934644,0.503957783641161,0.9713020912837735,0.503957783641161,,,,
sklearn,naive_bayes,Amazon_employee_access,binary,classification,ok,26215.0,6554.0,9.0,9.0,2.0,0.0056,0.0006,1.0734,4.6322,196.4,0.9118095819346964,0.5107287512140688,0.5098907203059404,0.5152142749631433,0.5098907203059404,,,,
tuiml,naive_bayes,Amazon_employee_access,binary,classification,ok,26215.0,6554.0,9.0,9.0,2.0,0.589,0.5168,1.2182,1.2182,311.0,0.9118095819346964,0.5107287512140688,0.5098907203059404,0.5152142749631433,0.5098907203059404,,,,
weka,naive_bayes,Amazon_employee_access,binary,classification,ok,26215.0,6554.0,9.0,9.0,2.0,0.0951,0.3215,4.1089,5.2707,346.0,0.9113518462007935,0.5089419244000879,0.508409515772382,0.5128844179786108,0.508409515772382,,,,
sklearn,random_forest,Amazon_employee_access,binary,classification,ok,26215.0,6554.0,9.0,9.0,2.0,6.2918,0.1089,7.4015,8.4066,216.0,0.9484284406469332,0.7147606605571875,0.6791569546964631,0.7734043309317522,0.6791569546964631,,,,
tuiml,random_forest,Amazon_employee_access,binary,classification,ok,26215.0,6554.0,9.0,9.0,2.0,14.8563,0.111,15.2577,16.2582,549.8,0.9505645407384803,0.6946769738124803,0.6468567399826947,0.8078785299979845,0.6468567399826947,,,,
weka,random_forest,Amazon_employee_access,binary,classification,ok,26215.0,6554.0,9.0,9.0,2.0,8.7776,0.8565,13.3933,15.9105,891.3,0.9478181263350626,0.7069038562928373,0.6701650411801781,0.7703988272622154,0.6701650411801781,,,,
sklearn,svm,Amazon_employee_access,binary,classification,ok,26215.0,6554.0,9.0,9.0,2.0,16.1153,2.1917,19.5104,17.7179,424.7,0.9421727189502593,0.48511273470029065,0.5,0.47108635947512967,0.5,,,,
tuiml,svm,Amazon_employee_access,binary,classification,ok,26215.0,6554.0,9.0,9.0,2.0,14.5459,0.4618,15.1257,14.62,499.6,0.9421727189502593,0.48511273470029065,0.5,0.47108635947512967,0.5,,,,
weka,svm,Amazon_employee_access,binary,classification,ok,26215.0,6554.0,9.0,9.0,2.0,0.4818,0.3041,4.6529,6.2078,371.7,0.9421727189502593,0.48511273470029065,0.5,0.47108635947512967,0.5,,,,
sklearn,decision_tree,Bank_Customer_Churn,binary,classification,ok,8000.0,2000.0,10.0,13.0,2.0,0.0463,0.0004,1.4335,5.2273,187.3,0.787,0.6839570359621283,0.6915960644774204,0.6778151700761095,0.6915960644774204,,,,
tuiml,decision_tree,Bank_Customer_Churn,binary,classification,ok,8000.0,2000.0,10.0,13.0,2.0,0.0671,0.0227,0.183,0.183,298.8,0.7915,0.6903715578431595,0.698079435367571,0.6841218637992832,0.698079435367571,,,,
weka,decision_tree,Bank_Customer_Churn,binary,classification,ok,8000.0,2000.0,10.0,13.0,2.0,0.3447,0.0914,2.6939,3.9849,340.6,0.855,0.7454639928097967,0.7187341424629561,0.7935922358236085,0.7187341424629561,,,,
sklearn,knn,Bank_Customer_Churn,binary,classification,ok,8000.0,2000.0,10.0,13.0,2.0,0.0129,0.1301,1.1537,4.4542,185.1,0.829,0.6874263121240205,0.663083730880341,0.7441979163539196,0.663083730880341,,,,
tuiml,knn,Bank_Customer_Churn,binary,classification,ok,8000.0,2000.0,10.0,13.0,2.0,0.0002,0.1889,0.2868,0.2868,297.1,0.829,0.6874263121240205,0.663083730880341,0.7441979163539196,0.663083730880341,,,,
weka,knn,Bank_Customer_Churn,binary,classification,ok,8000.0,2000.0,10.0,13.0,2.0,0.0096,1.0322,3.4701,4.4722,307.9,0.8115,0.6453165079763801,0.6255739560824307,0.704653314028314,0.6255739560824307,,,,
sklearn,logistic,Bank_Customer_Churn,binary,classification,ok,8000.0,2000.0,10.0,13.0,2.0,0.0893,0.0003,1.9415,3.6717,187.2,0.8055,0.584250467183842,0.575161448042804,0.6948896994129032,0.575161448042804,,,,
tuiml,logistic,Bank_Customer_Churn,binary,classification,ok,8000.0,2000.0,10.0,13.0,2.0,0.0105,0.0001,0.1029,0.1029,297.6,0.8075,0.579297273463875,0.57184380065736,0.7064716312056738,0.57184380065736,,,,
weka,logistic,Bank_Customer_Churn,binary,classification,ok,8000.0,2000.0,10.0,13.0,2.0,0.2509,0.0965,2.7323,3.8392,318.6,0.805,0.5838304247704131,0.5748475748475748,0.6927415351007844,0.5748475748475748,,,,
sklearn,mlp,Bank_Customer_Churn,binary,classification,ok,8000.0,2000.0,10.0,13.0,2.0,8.282,0.0077,9.574,10.2569,186.0,0.86,0.75536621677349,0.728275270648152,0.8028029256815508,0.728275270648152,,,,
tuiml,mlp,Bank_Customer_Churn,binary,classification,ok,8000.0,2000.0,10.0,13.0,2.0,4.07,0.0018,4.1687,4.1677,322.0,0.8645,0.7532270570596411,0.7192099649726769,0.8248571428571428,0.7192099649726769,,,,
weka,mlp,Bank_Customer_Churn,binary,classification,ok,8000.0,2000.0,10.0,13.0,2.0,5.6317,0.0966,8.1745,9.3643,308.9,0.864,0.7532208310651425,0.7198107198107198,0.8224375609458111,0.7198107198107198,,,,
sklearn,naive_bayes,Bank_Customer_Churn,binary,classification,ok,8000.0,2000.0,10.0,13.0,2.0,0.0031,0.0005,1.0509,4.6947,184.2,0.808,0.6645022401465007,0.6480718006141735,0.6964145056518849,0.6480718006141735,,,,
tuiml,naive_bayes,Bank_Customer_Churn,binary,classification,ok,8000.0,2000.0,10.0,13.0,2.0,0.2625,0.2285,0.587,0.587,298.5,0.808,0.6645022401465007,0.6480718006141735,0.6964145056518849,0.6480718006141735,,,,
weka,naive_bayes,Bank_Customer_Churn,binary,classification,ok,8000.0,2000.0,10.0,13.0,2.0,0.0498,0.1059,2.4859,3.437,306.1,0.814,0.6249243799153055,0.606106877293318,0.7176552103799463,0.606106877293318,,,,
sklearn,random_forest,Bank_Customer_Churn,binary,classification,ok,8000.0,2000.0,10.0,13.0,2.0,1.1594,0.0352,2.6541,4.8996,204.5,0.8625,0.7489702073277879,0.7152105880919439,0.82113529238474,0.7152105880919439,,,,
tuiml,random_forest,Bank_Customer_Churn,binary,classification,ok,8000.0,2000.0,10.0,13.0,2.0,4.3898,0.0243,4.5639,4.9379,400.1,0.865,0.7513922036595068,0.7158653260348176,0.8301491558528871,0.7158653260348176,,,,
weka,random_forest,Bank_Customer_Churn,binary,classification,ok,8000.0,2000.0,10.0,13.0,2.0,2.1656,0.2373,5.2188,7.0615,812.9,0.862,0.7489809170927625,0.715811342929987,0.8187285164658689,0.715811342929987,,,,
sklearn,svm,Bank_Customer_Churn,binary,classification,ok,8000.0,2000.0,10.0,13.0,2.0,1.2683,0.5427,2.9257,5.4575,285.8,0.864,0.7325987664151915,0.6914572507792847,0.8592609957773667,0.6914572507792847,,,,
tuiml,svm,Bank_Customer_Churn,binary,classification,ok,8000.0,2000.0,10.0,13.0,2.0,1.0533,0.1053,1.257,1.257,492.7,0.864,0.7325987664151915,0.6914572507792847,0.8592609957773667,0.6914572507792847,,,,
weka,svm,Bank_Customer_Churn,binary,classification,ok,8000.0,2000.0,10.0,13.0,2.0,1.873,0.1013,4.3789,5.8434,308.7,0.7965,0.44336209295853046,0.5,0.39825,0.5,,,,
sklearn,decision_tree,Bioresponse,binary,classification,ok,3000.0,751.0,1776.0,1776.0,2.0,2.0524,0.0022,4.9602,6.8726,594.9,0.729693741677763,0.7289999057873247,0.7305903948345809,0.7290363086876942,0.7305903948345809,,,,
tuiml,decision_tree,Bioresponse,binary,classification,ok,3000.0,751.0,1776.0,1776.0,2.0,2.6484,0.0121,4.4212,4.4209,712.9,0.7217043941411452,0.7209126584056571,0.7223194388892062,0.7208681028610354,0.7223194388892062,,,,
weka,decision_tree,Bioresponse,binary,classification,ok,3000.0,751.0,1776.0,1776.0,2.0,7.3655,0.0389,26.7112,29.1683,1157.0,0.7390146471371505,0.7367927902152922,0.736490057710988,0.7371914265656117,0.736490057710988,,,,
sklearn,knn,Bioresponse,binary,classification,ok,3000.0,751.0,1776.0,1776.0,2.0,0.0149,0.6558,3.1453,17.104,598.0,0.7496671105193076,0.7467207233065443,0.7458680932518142,0.7484554312522556,0.7458680932518142,,,,
tuiml,knn,Bioresponse,binary,classification,ok,3000.0,751.0,1776.0,1776.0,2.0,0.0106,4.5757,5.6727,5.6722,705.3,0.7496671105193076,0.7467207233065443,0.7458680932518142,0.7484554312522556,0.7458680932518142,,,,
weka,knn,Bioresponse,binary,classification,ok,3000.0,751.0,1776.0,1776.0,2.0,0.0069,12.4128,31.6732,32.8215,701.0,0.7563249001331558,0.7526123372520642,0.751335637963545,0.7562181447502548,0.751335637963545,,,,
sklearn,logistic,Bioresponse,binary,classification,ok,3000.0,751.0,1776.0,1776.0,2.0,5.6513,0.0214,8.375,196.1442,602.9,0.7283621837549934,0.7263119533527697,0.7262120735957945,0.7264223108709018,0.7262120735957945,,,,
tuiml,logistic,Bioresponse,binary,classification,ok,3000.0,751.0,1776.0,1776.0,2.0,0.5075,0.0058,2.239,2.2389,700.2,0.6085219707057257,0.587640071716719,0.5938232101022799,0.6075892345242191,0.5938232101022799,,,,
weka,logistic,Bioresponse,binary,classification,ok,3000.0,751.0,1776.0,1776.0,2.0,228.653,0.0685,248.4266,259.9731,1565.7,0.6737683089214381,0.670023905982952,0.6695438832066739,0.6712069413190237,0.6695438832066739,,,,
sklearn,mlp,Bioresponse,binary,classification,ok,3000.0,751.0,1776.0,1776.0,2.0,154.8442,0.0642,157.2157,4761.4633,602.0,0.7616511318242344,0.7599074843053732,0.7598494371750186,0.7599682730234951,0.7598494371750186,,,,
tuiml,mlp,Bioresponse,binary,classification,ok,3000.0,751.0,1776.0,1776.0,2.0,28.4013,0.0151,29.638,29.3146,705.9,0.748335552596538,0.7462552089199235,0.7459895148848638,0.7465883380588252,0.7459895148848638,,,,
weka,mlp,Bioresponse,binary,classification,timeout,,,,,,,,,,,,,,,,,,,killed by per-job timeout (computation too slow to finish)
sklearn,naive_bayes,Bioresponse,binary,classification,ok,3000.0,751.0,1776.0,1776.0,2.0,0.0507,0.0105,2.2272,5.4285,601.1,0.5872170439414115,0.5004420297318639,0.5561682189589165,0.6273357297839957,0.5561682189589165,,,,
tuiml,naive_bayes,Bioresponse,binary,classification,ok,3000.0,751.0,1776.0,1776.0,2.0,14.2595,12.0316,27.8105,27.7934,713.0,0.5872170439414115,0.5004420297318639,0.5561682189589165,0.6273357297839957,0.5561682189589165,,,,
weka,naive_bayes,Bioresponse,binary,classification,ok,3000.0,751.0,1776.0,1776.0,2.0,0.4567,0.825,20.8789,22.0658,1140.6,0.6458055925432756,0.6218558340274096,0.6291211930746814,0.655584625712171,0.6291211930746814,,,,
sklearn,random_forest,Bioresponse,binary,classification,ok,3000.0,751.0,1776.0,1776.0,2.0,3.3778,0.0237,6.2401,7.289,596.4,0.7816245006657789,0.7799762762247757,0.7798518656076796,0.7801119547033843,0.7798518656076796,,,,
tuiml,random_forest,Bioresponse,binary,classification,ok,3000.0,751.0,1776.0,1776.0,2.0,18.584,0.3967,20.0382,56.0322,4646.3,0.7829560585885486,0.7814666245356212,0.7815303411233644,0.7814057257085743,0.7815303411233644,,,,
weka,random_forest,Bioresponse,binary,classification,ok,3000.0,751.0,1776.0,1776.0,2.0,6.1323,0.1367,25.7862,28.3494,1162.9,0.7762982689747004,0.7745034959035731,0.7742628992628993,0.7747888936596536,0.7742628992628993,,,,
sklearn,svm,Bioresponse,binary,classification,ok,3000.0,751.0,1776.0,1776.0,2.0,15.6269,5.536,24.0689,17.1748,586.9,0.7509986684420772,0.7491770925424849,0.7491214787726416,0.749235408449094,0.7491214787726416,,,,
tuiml,svm,Bioresponse,binary,classification,ok,3000.0,751.0,1776.0,1776.0,2.0,13.8354,3.0848,18.3072,18.3018,710.1,0.7509986684420772,0.7491770925424849,0.7491214787726416,0.749235408449094,0.7491214787726416,,,,
weka,svm,Bioresponse,binary,classification,ok,3000.0,751.0,1776.0,1776.0,2.0,217.7359,0.0622,237.1614,240.3713,730.5,0.725699067909454,0.7238773470407653,0.7239800582823839,0.7237850567330336,0.7239800582823839,,,,
sklearn,decision_tree,Diabetes130US,binary,classification,ok,57214.0,14304.0,47.0,252.0,2.0,4.5794,0.0149,9.9216,8.8599,525.9,0.8350111856823266,0.5180566570788455,0.5195155402375415,0.5172494538178395,0.5195155402375415,,,,
tuiml,decision_tree,Diabetes130US,binary,classification,ok,57214.0,14304.0,47.0,252.0,2.0,12.324,0.417,17.5155,17.4431,635.7,0.8366890380313199,0.5207340508569922,0.5222294915474053,0.5198189179536713,0.5222294915474053,,,,
weka,decision_tree,Diabetes130US,binary,classification,ok,57214.0,14304.0,47.0,252.0,2.0,105.3153,0.664,157.763,162.4887,1431.6,0.9100950782997763,0.5117857585707273,0.5165468953165419,0.6533312645461598,0.5165468953165419,,,,
sklearn,knn,Diabetes130US,binary,classification,ok,57214.0,14304.0,47.0,252.0,2.0,0.0123,11.8978,15.308,15.304,525.7,0.9070190156599552,0.49438813222612293,0.5066077557035873,0.562217394968534,0.5066077557035873,,,,
tuiml,knn,Diabetes130US,binary,classification,ok,57214.0,14304.0,47.0,252.0,2.0,0.0018,209.1759,212.721,212.6983,629.4,0.9070190156599552,0.49438813222612293,0.5066077557035873,0.562217394968534,0.5066077557035873,,,,
weka,knn,Diabetes130US,binary,classification,ok,57214.0,14304.0,47.0,252.0,2.0,0.0488,467.1219,519.5033,522.1471,966.3,0.906599552572707,0.4893000753938132,0.5038661004508436,0.538912874945993,0.5038661004508436,,,,
sklearn,logistic,Diabetes130US,binary,classification,ok,57214.0,14304.0,47.0,252.0,2.0,6.6765,0.0176,13.1242,173.1048,519.6,0.9120525727069351,0.4848097243050939,0.5036264461229855,0.7194407088775492,0.5036264461229855,,,,
tuiml,logistic,Diabetes130US,binary,classification,ok,57214.0,14304.0,47.0,252.0,2.0,0.8212,0.0136,4.9543,4.8353,728.9,0.9121923937360179,0.4848602600233882,0.503703103846251,0.7504065810547639,0.503703103846251,,,,
weka,logistic,Diabetes130US,binary,classification,ok,57214.0,14304.0,47.0,252.0,2.0,53.0697,0.7282,105.1769,108.733,1492.1,0.9119826621923938,0.48478446872901426,0.5035881172613527,0.7062797535704284,0.5035881172613527,,,,
sklearn,mlp,Diabetes130US,binary,classification,ok,57214.0,14304.0,47.0,252.0,2.0,1262.8048,0.024,1268.6138,51366.2397,521.0,0.8546560402684564,0.5266739943184675,0.5256213979166026,0.5280851354089606,0.5256213979166026,,,,
tuiml,mlp,Diabetes130US,binary,classification,ok,57214.0,14304.0,47.0,252.0,2.0,119.9539,0.0413,122.7785,122.768,795.0,0.9123322147651006,0.48873538308727255,0.5055738202001929,0.7564395265774915,0.5055738202001929,,,,
weka,mlp,Diabetes130US,binary,classification,timeout,,,,,,,,,,,,,,,,,,,killed by per-job timeout (computation too slow to finish)
sklearn,naive_bayes,Diabetes130US,binary,classification,ok,57214.0,14304.0,47.0,252.0,2.0,0.3926,0.0742,6.1731,6.8864,531.8,0.11884787472035795,0.11612443900932853,0.5125972872664458,0.5321506075630116,0.5125972872664458,,,,
tuiml,naive_bayes,Diabetes130US,binary,classification,ok,57214.0,14304.0,47.0,252.0,2.0,36.6367,31.1033,72.8568,72.7234,632.4,0.11884787472035795,0.11612443900932853,0.5125972872664458,0.5321506075630116,0.5125972872664458,,,,
weka,naive_bayes,Diabetes130US,binary,classification,ok,57214.0,14304.0,47.0,252.0,2.0,1.4954,2.3141,55.9862,57.6134,1314.5,0.8801733780760627,0.5500872480442961,0.5431995496739307,0.566219874273664,0.5431995496739307,,,,
sklearn,random_forest,Diabetes130US,binary,classification,ok,57214.0,14304.0,47.0,252.0,2.0,24.4941,0.9219,33.0482,19.8979,522.3,0.9119826621923938,0.4777740430958579,0.5003588117261353,0.7060201370437701,0.5003588117261353,,,,
tuiml,random_forest,Diabetes130US,binary,classification,ok,57214.0,14304.0,47.0,252.0,2.0,157.3158,0.9496,161.6063,411.7351,14917.9,0.9120525727069351,0.4777937970566316,0.5003971405877681,0.9560232119135845,0.5003971405877681,,,,
weka,random_forest,Diabetes130US,binary,classification,ok,57214.0,14304.0,47.0,252.0,2.0,78.7954,10.1505,140.7445,147.7852,1514.5,0.9120525727069351,0.4777937970566316,0.5003971405877681,0.9560232119135845,0.5003971405877681,,,,
sklearn,svm,Diabetes130US,binary,classification,ok,57214.0,14304.0,47.0,252.0,2.0,2843.6685,66.1571,2913.5021,2917.9352,616.8,0.9119826621923938,0.476982705034919,0.5,0.4559913310961969,0.5,,,,
tuiml,svm,Diabetes130US,binary,classification,ok,57214.0,14304.0,47.0,252.0,2.0,1614.1625,103.421,1720.3664,1720.2154,746.6,0.9119826621923938,0.476982705034919,0.5,0.4559913310961969,0.5,,,,
weka,svm,Diabetes130US,binary,classification,ok,57214.0,14304.0,47.0,252.0,2.0,1454.5425,0.7189,1507.2078,1512.4163,1244.4,0.9119826621923938,0.476982705034919,0.5,0.4559913310961969,0.5,,,,
sklearn,decision_tree,E-CommereShippingData,binary,classification,ok,8799.0,2200.0,10.0,19.0,2.0,0.0486,0.0004,0.9941,3.8442,188.5,0.6454545454545455,0.6313720435651221,0.6312772028221815,0.6314713679722697,0.6312772028221815,,,,
tuiml,decision_tree,E-CommereShippingData,binary,classification,ok,8799.0,2200.0,10.0,19.0,2.0,0.0943,0.0268,0.2425,0.2425,301.1,0.6372727272727273,0.6224438181949563,0.6222279846578015,0.6226872859874977,0.6222279846578015,,,,
weka,decision_tree,E-CommereShippingData,binary,classification,ok,8799.0,2200.0,10.0,19.0,2.0,0.5018,0.1032,3.3253,4.8149,387.1,0.6595454545454545,0.651463955031701,0.654604333904902,0.6506606890042472,0.654604333904902,,,,
sklearn,knn,E-CommereShippingData,binary,classification,ok,8799.0,2200.0,10.0,19.0,2.0,0.0043,1.2194,2.6272,31.9056,202.2,0.6409090909090909,0.6318018153145022,0.6342360799257447,0.6311197330226761,0.6342360799257447,,,,
tuiml,knn,E-CommereShippingData,binary,classification,ok,8799.0,2200.0,10.0,19.0,2.0,0.0002,0.3092,0.4204,0.4204,299.1,0.6409090909090909,0.6318018153145022,0.6342360799257447,0.6311197330226761,0.6342360799257447,,,,
weka,knn,E-CommereShippingData,binary,classification,ok,8799.0,2200.0,10.0,19.0,2.0,0.0107,1.2732,3.9237,4.9728,310.2,0.6259090909090909,0.6150803630821549,0.6165485033456949,0.6144809996761309,0.6165485033456949,,,,
sklearn,logistic,E-CommereShippingData,binary,classification,ok,8799.0,2200.0,10.0,19.0,2.0,0.0964,0.0003,1.2709,4.641,190.0,0.6422727272727272,0.6313314207878913,0.6326351436635295,0.6306370534249401,0.6326351436635295,,,,
tuiml,logistic,E-CommereShippingData,binary,classification,ok,8799.0,2200.0,10.0,19.0,2.0,0.0184,0.0001,0.1289,0.1289,300.0,0.6454545454545455,0.6346694439737064,0.6360323570298232,0.6339455940478959,0.6360323570298232,,,,
weka,logistic,E-CommereShippingData,binary,classification,ok,8799.0,2200.0,10.0,19.0,2.0,0.2632,0.1068,2.8459,4.1251,348.3,0.6431818181818182,0.632386670472646,0.6337625393794257,0.6316739694904252,0.6337625393794257,,,,
sklearn,mlp,E-CommereShippingData,binary,classification,ok,8799.0,2200.0,10.0,19.0,2.0,13.6717,0.0117,14.7924,11.2286,189.0,0.6404545454545455,0.6288506848090902,0.6298316805923936,0.6282467532467533,0.6298316805923936,,,,
tuiml,mlp,E-CommereShippingData,binary,classification,ok,8799.0,2200.0,10.0,19.0,2.0,4.6648,0.0021,4.787,4.7857,326.2,0.6413636363636364,0.6356709956709956,0.6412009469093645,0.6363397437810698,0.6412009469093645,,,,
weka,mlp,E-CommereShippingData,binary,classification,ok,8799.0,2200.0,10.0,19.0,2.0,11.7762,0.107,14.5604,15.9073,310.5,0.6409090909090909,0.6408331018794059,0.6629498957180429,0.6612047341279044,0.6629498957180429,,,,
sklearn,naive_bayes,E-CommereShippingData,binary,classification,ok,8799.0,2200.0,10.0,19.0,2.0,0.0033,0.0008,1.0976,4.2428,188.9,0.6445454545454545,0.6401186161008638,0.6919668118056277,0.7233134662004033,0.6919668118056277,,,,
tuiml,naive_bayes,E-CommereShippingData,binary,classification,ok,8799.0,2200.0,10.0,19.0,2.0,0.4244,0.37,0.9013,0.9013,300.0,0.6445454545454545,0.6401186161008638,0.6919668118056277,0.7233134662004033,0.6919668118056277,,,,
weka,naive_bayes,E-CommereShippingData,binary,classification,ok,8799.0,2200.0,10.0,19.0,2.0,0.0614,0.1262,2.7314,3.6951,312.9,0.6527272727272727,0.6455058459477404,0.706868527456336,0.7584286114230734,0.706868527456336,,,,
sklearn,random_forest,E-CommereShippingData,binary,classification,ok,8799.0,2200.0,10.0,19.0,2.0,1.3179,0.0437,2.949,5.4809,215.6,0.6568181818181819,0.6535708378809548,0.6629271417298699,0.6568181818181819,0.6629271417298699,,,,
tuiml,random_forest,E-CommereShippingData,binary,classification,ok,8799.0,2200.0,10.0,19.0,2.0,7.0304,0.0326,7.2867,7.9141,494.9,0.6554545454545454,0.6515798833975182,0.6597729237844433,0.6538281255812686,0.6597729237844433,,,,
weka,random_forest,E-CommereShippingData,binary,classification,ok,8799.0,2200.0,10.0,19.0,2.0,2.9175,0.3438,5.8927,7.8804,854.5,0.6463636363636364,0.6431740250036692,0.6525225586473312,0.6468067522056241,0.6525225586473312,,,,
sklearn,svm,E-CommereShippingData,binary,classification,ok,8799.0,2200.0,10.0,19.0,2.0,3.4255,0.9016,5.889,7.8858,385.2,0.6472727272727272,0.6472715612283015,0.6721218995544511,0.6718727895198484,0.6721218995544511,,,,
tuiml,svm,E-CommereShippingData,binary,classification,ok,8799.0,2200.0,10.0,19.0,2.0,7.1152,0.3089,7.5434,7.5426,496.7,0.6477272727272727,0.6477254531273405,0.6725027068659515,0.6721914811919749,0.6725027068659515,,,,
weka,svm,E-CommereShippingData,binary,classification,ok,8799.0,2200.0,10.0,19.0,2.0,5.2265,0.1066,7.6634,9.2175,322.9,0.6545454545454545,0.6520583909282134,0.6630349011832932,0.6570165000235679,0.6630349011832932,,,,
sklearn,decision_tree,Fitness_Club,binary,classification,ok,1200.0,300.0,6.0,18.0,2.0,0.0196,0.0002,2.0761,2.7871,176.0,0.6933333333333334,0.6514447363103657,0.65892002734108,0.6476190476190476,0.65892002734108,,,,
tuiml,decision_tree,Fitness_Club,binary,classification,ok,1200.0,300.0,6.0,18.0,2.0,0.0092,0.0027,0.0786,0.0786,292.0,0.6833333333333333,0.6391263057929724,0.6455386718544613,0.6357927786499216,0.6455386718544613,,,,
weka,decision_tree,Fitness_Club,binary,classification,ok,1200.0,300.0,6.0,18.0,2.0,0.1043,0.016,1.7735,2.6526,300.5,0.7966666666666666,0.7487609659660347,0.739287028760713,0.7628205128205128,0.739287028760713,,,,
sklearn,knn,Fitness_Club,binary,classification,ok,1200.0,300.0,6.0,18.0,2.0,0.0005,0.4504,1.6429,12.3372,186.0,0.7166666666666667,0.6392139107797223,0.6322361848677638,0.6562111801242236,0.6322361848677638,,,,
tuiml,knn,Fitness_Club,binary,classification,ok,1200.0,300.0,6.0,18.0,2.0,0.0001,0.006,0.073,0.073,292.7,0.7166666666666667,0.6392139107797223,0.6322361848677638,0.6562111801242236,0.6322361848677638,,,,
weka,knn,Fitness_Club,binary,classification,ok,1200.0,300.0,6.0,18.0,2.0,0.0032,0.076,1.7516,2.5806,299.1,0.7066666666666667,0.6156310057655349,0.6095483463904516,0.6395418927064497,0.6095483463904516,,,,
sklearn,logistic,Fitness_Club,binary,classification,ok,1200.0,300.0,6.0,18.0,2.0,0.2216,0.0019,1.7977,4.4184,183.0,0.7366666666666667,0.6504373220843965,0.6403859298596141,0.6854166666666667,0.6403859298596141,,,,
tuiml,logistic,Fitness_Club,binary,classification,ok,1200.0,300.0,6.0,18.0,2.0,0.004,0.0001,0.0698,0.0698,293.7,0.7433333333333333,0.656244884596497,0.6451706188548294,0.6967084639498433,0.6451706188548294,,,,
weka,logistic,Fitness_Club,binary,classification,ok,1200.0,300.0,6.0,18.0,2.0,0.0693,0.0162,1.6171,2.3945,290.8,0.74,0.6563674812030075,0.6458804353541195,0.690307977227519,0.6458804353541195,,,,
sklearn,mlp,Fitness_Club,binary,classification,ok,1200.0,300.0,6.0,18.0,2.0,1.1453,0.0065,2.5247,4.7285,181.0,0.7766666666666666,0.7240489298315462,0.7156264787843736,0.7368329868329868,0.7156264787843736,,,,
tuiml,mlp,Fitness_Club,binary,classification,ok,1200.0,300.0,6.0,18.0,2.0,0.5265,0.0003,0.5942,0.5941,296.7,0.75,0.6841262933273434,0.6747725958252274,0.702485380116959,0.6747725958252274,,,,
weka,mlp,Fitness_Club,binary,classification,ok,1200.0,300.0,6.0,18.0,2.0,1.6108,0.0166,2.9981,3.9697,304.6,0.75,0.6791169297907842,0.6685682738314318,0.7032200811359026,0.6685682738314318,,,,
sklearn,naive_bayes,Fitness_Club,binary,classification,ok,1200.0,300.0,6.0,18.0,2.0,0.0013,0.0002,1.2058,3.303,181.0,0.6566666666666666,0.6147084128231025,0.6232977548767022,0.6122009569377991,0.6232977548767022,,,,
tuiml,naive_bayes,Fitness_Club,binary,classification,ok,1200.0,300.0,6.0,18.0,2.0,0.0568,0.0483,0.1727,0.1727,292.7,0.6566666666666666,0.6147084128231025,0.6232977548767022,0.6122009569377991,0.6232977548767022,,,,
weka,naive_bayes,Fitness_Club,binary,classification,ok,1200.0,300.0,6.0,18.0,2.0,0.0241,0.0234,2.1634,2.9528,303.8,0.7433333333333333,0.6531062756228319,0.6420684578579315,0.6977459016393442,0.6420684578579315,,,,
sklearn,random_forest,Fitness_Club,binary,classification,ok,1200.0,300.0,6.0,18.0,2.0,0.3208,0.032,1.9241,4.4571,186.0,0.7533333333333333,0.6984351227993915,0.6926757453073242,0.7065787248435651,0.6926757453073242,,,,
tuiml,random_forest,Fitness_Club,binary,classification,ok,1200.0,300.0,6.0,18.0,2.0,0.7117,0.0074,0.8109,0.8597,313.7,0.7566666666666667,0.6901484174931733,0.6795572848204428,0.712111801242236,0.6795572848204428,,,,
weka,random_forest,Fitness_Club,binary,classification,ok,1200.0,300.0,6.0,18.0,2.0,0.4647,0.0418,1.9601,3.1916,452.3,0.74,0.679890560875513,0.6737998843262001,0.6893292857551978,0.6737998843262001,,,,
sklearn,svm,Fitness_Club,binary,classification,ok,1200.0,300.0,6.0,18.0,2.0,0.0333,0.01,1.0198,4.3038,185.0,0.7566666666666667,0.6711267288372302,0.6578421578421578,0.7197014051522248,0.6578421578421578,,,,
tuiml,svm,Fitness_Club,binary,classification,ok,1200.0,300.0,6.0,18.0,2.0,0.0306,0.0039,0.1024,0.1024,297.8,0.7566666666666667,0.6711267288372302,0.6578421578421578,0.7197014051522248,0.6578421578421578,,,,
weka,svm,Fitness_Club,binary,classification,ok,1200.0,300.0,6.0,18.0,2.0,0.1577,0.0174,1.6403,2.5586,297.7,0.7466666666666667,0.6090266822141437,0.6072348703927651,0.7445736898908741,0.6072348703927651,,,,
sklearn,decision_tree,GiveMeSomeCredit,binary,classification,ok,120000.0,30000.0,10.0,10.0,2.0,2.0342,0.0063,3.9566,5.1088,271.4,0.8976333333333333,0.6095502144339797,0.6152402971852384,0.6046250376304547,0.6152402971852384,,,,
tuiml,decision_tree,GiveMeSomeCredit,binary,classification,ok,120000.0,30000.0,10.0,10.0,2.0,1.4749,0.5333,2.3663,2.362,383.4,0.8978666666666667,0.6103550931701505,0.6160598681898576,0.6054126760990706,0.6160598681898576,,,,
weka,decision_tree,GiveMeSomeCredit,binary,classification,ok,120000.0,30000.0,10.0,10.0,2.0,7.1918,1.3008,20.0274,22.3595,916.2,0.935,0.6183697218999494,0.5847911922283949,0.742545154554946,0.5847911922283949,,,,
sklearn,knn,GiveMeSomeCredit,binary,classification,ok,120000.0,30000.0,10.0,10.0,2.0,0.2792,10.8618,13.0174,11.3006,270.7,0.932,0.5893190308272703,0.5637363993124885,0.705832825442952,0.5637363993124885,,,,
tuiml,knn,GiveMeSomeCredit,binary,classification,ok,120000.0,30000.0,10.0,10.0,2.0,0.0041,35.4437,35.795,35.794,383.9,0.932,0.5893190308272703,0.5637363993124885,0.705832825442952,0.5637363993124885,,,,
weka,knn,GiveMeSomeCredit,binary,classification,ok,120000.0,30000.0,10.0,10.0,2.0,0.0753,131.1368,142.7041,144.9505,615.5,0.9327666666666666,0.570675677231803,0.5497931809162573,0.7129786607557619,0.5497931809162573,,,,
sklearn,logistic,GiveMeSomeCredit,binary,classification,ok,120000.0,30000.0,10.0,10.0,2.0,1.565,0.001,3.1582,49.0927,273.5,0.9338666666666666,0.5188707275162843,0.5182018164091468,0.7571972587242036,0.5182018164091468,,,,
tuiml,logistic,GiveMeSomeCredit,binary,classification,ok,120000.0,30000.0,10.0,10.0,2.0,0.1639,0.0007,0.5047,0.5047,384.0,0.9335333333333333,0.4964540499589638,0.5066789179934608,0.7781116118622378,0.5066789179934608,,,,
weka,logistic,GiveMeSomeCredit,binary,classification,ok,120000.0,30000.0,10.0,10.0,2.0,1.2736,1.3207,13.9706,15.9359,873.4,0.9338,0.5196837129342227,0.518629128197545,0.7519232395470716,0.518629128197545,,,,
sklearn,mlp,GiveMeSomeCredit,binary,classification,ok,120000.0,30000.0,10.0,10.0,2.0,90.7954,0.0649,92.375,63.8324,271.7,0.9359666666666666,0.6518577833426835,0.6147117026152248,0.7474471925574515,0.6147117026152248,,,,
tuiml,mlp,GiveMeSomeCredit,binary,classification,ok,120000.0,30000.0,10.0,10.0,2.0,102.2371,0.0277,102.6069,102.5946,721.8,0.9349666666666666,0.5627944550026716,0.5437949598231604,0.7620652731983646,0.5437949598231604,,,,
weka,mlp,GiveMeSomeCredit,binary,classification,ok,120000.0,30000.0,10.0,10.0,2.0,61.7753,1.3697,74.6779,76.5319,578.6,0.9361666666666667,0.5868920747455693,0.5594864864985242,0.7752227598315186,0.5594864864985242,,,,
sklearn,naive_bayes,GiveMeSomeCredit,binary,classification,ok,120000.0,30000.0,10.0,10.0,2.0,0.0494,0.0058,2.0785,3.9544,272.2,0.9327333333333333,0.507519094983118,0.5120381756806412,0.6900261794755049,0.5120381756806412,,,,
tuiml,naive_bayes,GiveMeSomeCredit,binary,classification,ok,120000.0,30000.0,10.0,10.0,2.0,3.103,2.6845,6.1386,6.1384,383.7,0.9327333333333333,0.507519094983118,0.5120381756806412,0.6900261794755049,0.5120381756806412,,,,
weka,naive_bayes,GiveMeSomeCredit,binary,classification,ok,120000.0,30000.0,10.0,10.0,2.0,0.3381,1.4727,13.3787,14.9064,690.1,0.9305666666666667,0.5087866543787606,0.5122663514459075,0.6178635794674869,0.5122663514459075,,,,
sklearn,random_forest,GiveMeSomeCredit,binary,classification,ok,120000.0,30000.0,10.0,10.0,2.0,41.5657,0.8198,44.5237,27.91,330.4,0.9347666666666666,0.62330651302654,0.589296494431006,0.7390483983092946,0.589296494431006,,,,
tuiml,random_forest,GiveMeSomeCredit,binary,classification,ok,120000.0,30000.0,10.0,10.0,2.0,60.7555,0.4725,62.0837,71.5843,2005.6,0.9358666666666666,0.6261230978429635,0.5905804340728817,0.7517557444985039,0.5905804340728817,,,,
weka,random_forest,GiveMeSomeCredit,binary,classification,ok,120000.0,30000.0,10.0,10.0,2.0,58.3275,7.5495,77.2371,81.7025,1075.9,0.9353333333333333,0.6274914294866623,0.5923783147952586,0.7449627304341688,0.5923783147952586,,,,
sklearn,svm,GiveMeSomeCredit,binary,classification,ok,120000.0,30000.0,10.0,10.0,2.0,971.7065,52.6848,1026.0261,642.3947,476.7,0.9352666666666667,0.5307466611569805,0.5247398560216711,0.8298356887299385,0.5247398560216711,,,,
tuiml,svm,GiveMeSomeCredit,binary,classification,ok,120000.0,30000.0,10.0,10.0,2.0,572.1756,10.6881,583.2046,583.1128,537.6,0.934,0.5023308343750315,0.5097071573611069,0.8308262116911307,0.5097071573611069,,,,
weka,svm,GiveMeSomeCredit,binary,classification,ok,120000.0,30000.0,10.0,10.0,2.0,358.8876,1.3688,371.6178,375.0833,671.4,0.9335333333333333,0.4964540499589638,0.5066789179934608,0.7781116118622378,0.5066789179934608,,,,
sklearn,decision_tree,HR_Analytics_Job_Change_of_Data_Scientists,binary,classification,ok,15326.0,3832.0,12.0,81.0,2.0,0.1355,0.0014,1.3949,3.967,208.0,0.7051148225469729,0.6119003274974143,0.6136908174054198,0.6103714021116068,0.6136908174054198,,,,
tuiml,decision_tree,HR_Analytics_Job_Change_of_Data_Scientists,binary,classification,ok,15326.0,3832.0,12.0,81.0,2.0,0.5141,0.0683,0.8433,0.8433,322.0,0.7004175365344467,0.6062478540768691,0.6081141823489055,0.6046868232347848,0.6081141823489055,,,,
weka,decision_tree,HR_Analytics_Job_Change_of_Data_Scientists,binary,classification,ok,15326.0,3832.0,12.0,81.0,2.0,2.7175,0.1744,9.1162,10.9303,857.5,0.7620041753653445,0.6499615384615385,0.6389858545932992,0.6724628727124429,0.6389858545932992,,,,
sklearn,knn,HR_Analytics_Job_Change_of_Data_Scientists,binary,classification,ok,15326.0,3832.0,12.0,81.0,2.0,0.002,1.7779,3.6932,49.0068,223.1,0.7473903966597077,0.6395517329303407,0.6320516390146076,0.6522627916121622,0.6320516390146076,,,,
tuiml,knn,HR_Analytics_Job_Change_of_Data_Scientists,binary,classification,ok,15326.0,3832.0,12.0,81.0,2.0,0.0004,3.9392,4.2018,4.2016,320.1,0.7484342379958246,0.6407483695789594,0.6330965756578169,0.6537608791537775,0.6330965756578169,,,,
weka,knn,HR_Analytics_Job_Change_of_Data_Scientists,binary,classification,ok,15326.0,3832.0,12.0,81.0,2.0,0.0175,12.0677,18.4339,19.7776,352.2,0.7429540709812108,0.6306534937528468,0.6231511154543982,0.6443553451606517,0.6231511154543982,,,,
sklearn,logistic,HR_Analytics_Job_Change_of_Data_Scientists,binary,classification,ok,15326.0,3832.0,12.0,81.0,2.0,1.1501,0.0005,2.7349,35.1519,208.9,0.7719206680584552,0.6344391077487163,0.6204066554202221,0.689937906742415,0.6204066554202221,,,,
tuiml,logistic,HR_Analytics_Job_Change_of_Data_Scientists,binary,classification,ok,15326.0,3832.0,12.0,81.0,2.0,0.033,0.002,0.2999,0.2999,329.6,0.7724425887265136,0.6367638266556224,0.6225030800335574,0.6908171971687658,0.6225030800335574,,,,
weka,logistic,HR_Analytics_Job_Change_of_Data_Scientists,binary,classification,ok,15326.0,3832.0,12.0,81.0,2.0,1.1858,0.1847,7.9306,9.7663,528.9,0.7716597077244259,0.6342084584139309,0.6202328632756271,0.6893618387262455,0.6202328632756271,,,,
sklearn,mlp,HR_Analytics_Job_Change_of_Data_Scientists,binary,classification,ok,15326.0,3832.0,12.0,81.0,2.0,192.6879,0.0296,194.2823,626.3166,206.5,0.738517745302714,0.6345365746684271,0.6292906186818366,0.6421964584433306,0.6292906186818366,,,,
tuiml,mlp,HR_Analytics_Job_Change_of_Data_Scientists,binary,classification,ok,15326.0,3832.0,12.0,81.0,2.0,14.5959,0.0069,14.8655,14.8646,376.1,0.7732254697286013,0.6666103009160185,0.6541538142371253,0.6910760527289297,0.6541538142371253,,,,
weka,mlp,HR_Analytics_Job_Change_of_Data_Scientists,binary,classification,ok,15326.0,3832.0,12.0,81.0,2.0,308.9816,0.257,315.6847,317.7145,364.2,0.7468684759916493,0.6234226370303371,0.6142156514839665,0.6459067858117592,0.6142156514839665,,,,
sklearn,naive_bayes,HR_Analytics_Job_Change_of_Data_Scientists,binary,classification,ok,15326.0,3832.0,12.0,81.0,2.0,0.0284,0.0021,2.0311,3.8469,212.6,0.6234342379958246,0.5959750180893588,0.6582782384937771,0.6185070792225444,0.6582782384937771,,,,
tuiml,naive_bayes,HR_Analytics_Job_Change_of_Data_Scientists,binary,classification,ok,15326.0,3832.0,12.0,81.0,2.0,3.2175,2.808,6.2867,6.2866,320.2,0.6234342379958246,0.5959750180893588,0.6582782384937771,0.6185070792225444,0.6582782384937771,,,,
weka,naive_bayes,HR_Analytics_Job_Change_of_Data_Scientists,binary,classification,ok,15326.0,3832.0,12.0,81.0,2.0,0.1663,0.3214,6.7535,7.9106,551.1,0.7468684759916493,0.6714459264329647,0.676824135088361,0.6672146060257498,0.676824135088361,,,,
sklearn,random_forest,HR_Analytics_Job_Change_of_Data_Scientists,binary,classification,ok,15326.0,3832.0,12.0,81.0,2.0,3.9706,0.1681,6.411,5.3144,265.4,0.7528705636743215,0.6382518198787329,0.6287059127545236,0.6578227649243074,0.6287059127545236,,,,
tuiml,random_forest,HR_Analytics_Job_Change_of_Data_Scientists,binary,classification,ok,15326.0,3832.0,12.0,81.0,2.0,16.9836,0.066,17.5521,19.6283,1548.0,0.7687891440501043,0.6581542322940882,0.645952826806574,0.6835208537843892,0.645952826806574,,,,
weka,random_forest,HR_Analytics_Job_Change_of_Data_Scientists,binary,classification,ok,15326.0,3832.0,12.0,81.0,2.0,10.7023,1.2926,18.4285,21.1408,964.7,0.7562630480167014,0.6399503447498828,0.6295661383749434,0.6625538193041265,0.6295661383749434,,,,
sklearn,svm,HR_Analytics_Job_Change_of_Data_Scientists,binary,classification,ok,15326.0,3832.0,12.0,81.0,2.0,20.3502,4.3515,26.0444,19.3913,419.6,0.7732254697286013,0.6609712346491861,0.647508221005374,0.6908548071127185,0.647508221005374,,,,
tuiml,svm,HR_Analytics_Job_Change_of_Data_Scientists,binary,classification,ok,15326.0,3832.0,12.0,81.0,2.0,26.8863,2.2825,29.443,29.4385,513.0,0.7732254697286013,0.6603607123758853,0.6468086848757159,0.6908455528891648,0.6468086848757159,,,,
weka,svm,HR_Analytics_Job_Change_of_Data_Scientists,binary,classification,ok,15326.0,3832.0,12.0,81.0,2.0,57.4241,0.1906,64.67,67.172,400.5,0.776356993736952,0.6562670772730874,0.6411992931846182,0.6968649778752081,0.6411992931846182,,,,
sklearn,decision_tree,Is-this-a-good-customer,binary,classification,ok,1378.0,345.0,13.0,40.0,2.0,0.0061,0.0002,1.9425,3.8069,178.9,0.7942028985507247,0.5588155832928081,0.5707642031171443,0.553741886216113,0.5707642031171443,,,,
tuiml,decision_tree,Is-this-a-good-customer,binary,classification,ok,1378.0,345.0,13.0,40.0,2.0,0.0127,0.0026,0.0866,0.0866,293.7,0.8,0.5632831275569172,0.5740321769733534,0.5579876608033605,0.5740321769733534,,,,
weka,decision_tree,Is-this-a-good-customer,binary,classification,ok,1378.0,345.0,13.0,40.0,2.0,0.1417,0.0174,2.0112,3.0292,303.4,0.8753623188405797,0.5091161774924721,0.5158371040723981,0.5701038575667656,0.5158371040723981,,,,
sklearn,knn,Is-this-a-good-customer,binary,classification,ok,1378.0,345.0,13.0,40.0,2.0,0.0006,0.716,2.3686,12.7146,184.0,0.881159420289855,0.5319479831904966,0.5302916038210156,0.6340875370919881,0.5302916038210156,,,,
tuiml,knn,Is-this-a-good-customer,binary,classification,ok,1378.0,345.0,13.0,40.0,2.0,0.0001,0.0162,0.0851,0.0851,293.7,0.881159420289855,0.5319479831904966,0.5302916038210156,0.6340875370919881,0.5302916038210156,,,,
weka,knn,Is-this-a-good-customer,binary,classification,ok,1378.0,345.0,13.0,40.0,2.0,0.005,0.1124,2.3432,3.2705,298.3,0.8724637681159421,0.5424403183023873,0.5365761689291101,0.6011353104726599,0.5365761689291101,,,,
sklearn,logistic,Is-this-a-good-customer,binary,classification,ok,1378.0,345.0,13.0,40.0,2.0,0.2677,0.0003,1.8016,4.9321,174.8,0.8840579710144928,0.46923076923076923,0.49836601307189543,0.4433139534883721,0.49836601307189543,,,,
tuiml,logistic,Is-this-a-good-customer,binary,classification,ok,1378.0,345.0,13.0,40.0,2.0,0.0053,0.0001,0.0713,0.0713,292.0,0.8840579710144928,0.46923076923076923,0.49836601307189543,0.4433139534883721,0.49836601307189543,,,,
weka,logistic,Is-this-a-good-customer,binary,classification,ok,1378.0,345.0,13.0,40.0,2.0,0.1578,0.0191,1.8026,2.7356,304.0,0.881159420289855,0.46841294298921415,0.49673202614379086,0.44314868804664725,0.49673202614379086,,,,
sklearn,mlp,Is-this-a-good-customer,binary,classification,ok,1378.0,345.0,13.0,40.0,2.0,3.9475,0.0046,4.8716,12.4749,177.5,0.863768115942029,0.6115330250832515,0.5987933634992458,0.6328301036502929,0.5987933634992458,,,,
tuiml,mlp,Is-this-a-good-customer,binary,classification,ok,1378.0,345.0,13.0,40.0,2.0,0.6996,0.0004,0.7722,0.7722,297.4,0.8753623188405797,0.6015203201805045,0.5829562594268477,0.6523076923076923,0.5829562594268477,,,,
weka,mlp,Is-this-a-good-customer,binary,classification,ok,1378.0,345.0,13.0,40.0,2.0,7.3533,0.0208,9.1161,10.1789,305.7,0.8260869565217391,0.5564032230413166,0.5551784816490699,0.5577834327834328,0.5551784816490699,,,,
sklearn,naive_bayes,Is-this-a-good-customer,binary,classification,ok,1378.0,345.0,13.0,40.0,2.0,0.0013,0.0002,1.5919,3.5355,178.6,0.1536231884057971,0.1491554054054054,0.5228758169934641,0.5589123867069486,0.5228758169934641,,,,
tuiml,naive_bayes,Is-this-a-good-customer,binary,classification,ok,1378.0,345.0,13.0,40.0,2.0,0.142,0.1209,0.3423,0.3423,292.8,0.1536231884057971,0.1491554054054054,0.5228758169934641,0.5589123867069486,0.5228758169934641,,,,
weka,naive_bayes,Is-this-a-good-customer,binary,classification,ok,1378.0,345.0,13.0,40.0,2.0,0.034,0.0328,1.6555,2.4484,296.1,0.8376811594202899,0.628060988757123,0.640020110608346,0.6193060117092675,0.640020110608346,,,,
sklearn,random_forest,Is-this-a-good-customer,binary,classification,ok,1378.0,345.0,13.0,40.0,2.0,0.312,0.0281,1.756,3.7607,187.8,0.8898550724637682,0.4957692307692308,0.5128205128205128,0.9447674418604651,0.5128205128205128,,,,
tuiml,random_forest,Is-this-a-good-customer,binary,classification,ok,1378.0,345.0,13.0,40.0,2.0,0.8544,0.0081,0.9624,1.0261,328.6,0.8898550724637682,0.4957692307692308,0.5128205128205128,0.9447674418604651,0.5128205128205128,,,,
weka,random_forest,Is-this-a-good-customer,binary,classification,ok,1378.0,345.0,13.0,40.0,2.0,0.5063,0.0483,2.4398,3.8701,468.3,0.8898550724637682,0.4957692307692308,0.5128205128205128,0.9447674418604651,0.5128205128205128,,,,
sklearn,svm,Is-this-a-good-customer,binary,classification,ok,1378.0,345.0,13.0,40.0,2.0,0.0791,0.0146,1.8214,3.8949,183.9,0.8869565217391304,0.4700460829493088,0.5,0.4434782608695652,0.5,,,,
tuiml,svm,Is-this-a-good-customer,binary,classification,ok,1378.0,345.0,13.0,40.0,2.0,0.0485,0.0071,0.1302,0.1302,298.0,0.8869565217391304,0.4700460829493088,0.5,0.4434782608695652,0.5,,,,
weka,svm,Is-this-a-good-customer,binary,classification,ok,1378.0,345.0,13.0,40.0,2.0,0.1477,0.02,1.8896,2.8876,297.8,0.8869565217391304,0.4700460829493088,0.5,0.4434782608695652,0.5,,,,
sklearn,decision_tree,Marketing_Campaign,binary,classification,ok,1792.0,448.0,25.0,54.0,2.0,0.0426,0.0002,1.5465,3.8987,181.8,0.8214285714285714,0.6446136760272886,0.6428487483840639,0.6464751958224544,0.6428487483840639,,,,
tuiml,decision_tree,Marketing_Campaign,binary,classification,ok,1792.0,448.0,25.0,54.0,2.0,0.0365,0.0047,0.1205,0.1205,295.9,0.828125,0.6642234876137636,0.6652368080855564,0.663235294117647,0.6652368080855564,,,,
weka,decision_tree,Marketing_Campaign,binary,classification,ok,1792.0,448.0,25.0,54.0,2.0,0.2456,0.0224,2.3342,3.4277,306.1,0.8415178571428571,0.6608051186350307,0.6485094213969522,0.6781819890956947,0.6485094213969522,,,,
sklearn,knn,Marketing_Campaign,binary,classification,ok,1792.0,448.0,25.0,54.0,2.0,0.0007,0.4949,1.4271,12.3274,186.4,0.8526785714285714,0.652566271855612,0.6304696987503428,0.6995865044645533,0.6304696987503428,,,,
tuiml,knn,Marketing_Campaign,binary,classification,ok,1792.0,448.0,25.0,54.0,2.0,0.0001,0.0348,0.1109,0.1109,295.9,0.8526785714285714,0.652566271855612,0.6304696987503428,0.6995865044645533,0.6304696987503428,,,,
weka,knn,Marketing_Campaign,binary,classification,ok,1792.0,448.0,25.0,54.0,2.0,0.0036,0.1722,2.0503,2.9303,304.7,0.8616071428571429,0.6448263515932688,0.617267990754887,0.7315695830432428,0.617267990754887,,,,
sklearn,logistic,Marketing_Campaign,binary,classification,ok,1792.0,448.0,25.0,54.0,2.0,0.5296,0.0003,1.7406,6.0035,180.9,0.8928571428571429,0.7512838306731436,0.7155952520860265,0.8160206718346252,0.7155952520860265,,,,
tuiml,logistic,Marketing_Campaign,binary,classification,ok,1792.0,448.0,25.0,54.0,2.0,0.0095,0.0001,0.087,0.0871,296.7,0.8928571428571429,0.7473209249858996,0.7094449014768677,0.8203991130820398,0.7094449014768677,,,,
weka,logistic,Marketing_Campaign,binary,classification,ok,1792.0,448.0,25.0,54.0,2.0,0.2631,0.0237,2.1415,3.2306,307.2,0.8883928571428571,0.7325053737759732,0.6945195283425393,0.811297097360667,0.6945195283425393,,,,
sklearn,mlp,Marketing_Campaign,binary,classification,ok,1792.0,448.0,25.0,54.0,2.0,11.4858,0.0132,13.582,29.3428,182.9,0.8816964285714286,0.7467981871500933,0.7274846241234771,0.7729366422259824,0.7274846241234771,,,,
tuiml,mlp,Marketing_Campaign,binary,classification,ok,1792.0,448.0,25.0,54.0,2.0,1.0464,0.0004,1.1283,1.1282,299.4,0.8839285714285714,0.7532935146354894,0.7349473106906412,0.777469349988434,0.7349473106906412,,,,
weka,mlp,Marketing_Campaign,binary,classification,ok,1792.0,448.0,25.0,54.0,2.0,16.7115,0.0315,18.6056,19.6811,306.4,0.8571428571428571,0.7044733044733045,0.6945978767579426,0.7164393708335148,0.6945978767579426,,,,
sklearn,naive_bayes,Marketing_Campaign,binary,classification,ok,1792.0,448.0,25.0,54.0,2.0,0.0016,0.0003,1.7577,3.8625,182.4,0.18080357142857142,0.17004790437297768,0.5122223528029145,0.5451388888888888,0.5122223528029145,,,,
tuiml,naive_bayes,Marketing_Campaign,binary,classification,ok,1792.0,448.0,25.0,54.0,2.0,0.2532,0.2168,0.5496,0.5495,296.2,0.18080357142857142,0.17004790437297768,0.5122223528029145,0.5451388888888888,0.5122223528029145,,,,
weka,naive_bayes,Marketing_Campaign,binary,classification,ok,1792.0,448.0,25.0,54.0,2.0,0.0471,0.0426,1.9176,2.8067,297.1,0.7566964285714286,0.6226712514005331,0.6662945116935011,0.6114875512133627,0.6662945116935011,,,,
sklearn,random_forest,Marketing_Campaign,binary,classification,ok,1792.0,448.0,25.0,54.0,2.0,0.3784,0.011,1.6425,3.7496,185.9,0.8660714285714286,0.65,0.6198926626708975,0.7518722738869229,0.6198926626708975,,,,
tuiml,random_forest,Marketing_Campaign,binary,classification,ok,1792.0,448.0,25.0,54.0,2.0,1.4458,0.0111,1.5684,1.6743,368.2,0.8727678571428571,0.6705159800265796,0.6361303717632311,0.7771132376395534,0.6361303717632311,,,,
weka,random_forest,Marketing_Campaign,binary,classification,ok,1792.0,448.0,25.0,54.0,2.0,0.6711,0.0765,2.6041,4.1015,521.5,0.8727678571428571,0.6705159800265796,0.6361303717632311,0.7771132376395534,0.6361303717632311,,,,
sklearn,svm,Marketing_Campaign,binary,classification,ok,1792.0,448.0,25.0,54.0,2.0,0.0722,0.0183,1.226,3.8191,187.8,0.8794642857142857,0.6906552094522019,0.6523680808555647,0.8008818751450453,0.6523680808555647,,,,
tuiml,svm,Marketing_Campaign,binary,classification,ok,1792.0,448.0,25.0,54.0,2.0,0.0774,0.0135,0.1724,0.1724,303.0,0.8794642857142857,0.6906552094522019,0.6523680808555647,0.8008818751450453,0.6523680808555647,,,,
weka,svm,Marketing_Campaign,binary,classification,ok,1792.0,448.0,25.0,54.0,2.0,0.4656,0.0261,2.5338,3.8601,301.7,0.8794642857142857,0.7012890798636835,0.6646687820738826,0.7907990314769976,0.6646687820738826,,,,
sklearn,decision_tree,NATICUSdroid,binary,classification,ok,5992.0,1499.0,86.0,86.0,2.0,0.0577,0.0004,1.7678,3.5519,214.7,0.9059372915276851,0.8954871249675498,0.8911782536423194,0.9004584584584585,0.8911782536423194,,,,
tuiml,decision_tree,NATICUSdroid,binary,classification,ok,5992.0,1499.0,86.0,86.0,2.0,0.1026,0.0145,0.2413,0.2413,329.4,0.9052701801200801,0.8947951634777727,0.8906649066197321,0.8995345981383925,0.8906649066197321,,,,
weka,decision_tree,NATICUSdroid,binary,classification,ok,5992.0,1499.0,86.0,86.0,2.0,0.6322,0.0721,4.1969,5.8556,415.3,0.9206137424949966,0.912281288402538,0.9099354649457319,0.9148075370440729,0.9099354649457319,,,,
sklearn,knn,NATICUSdroid,binary,classification,ok,5992.0,1499.0,86.0,86.0,2.0,0.0021,0.9783,2.1897,22.8268,215.6,0.9152768512341561,0.9067203688595878,0.9058286887650338,0.9076382886776144,0.9058286887650338,,,,
tuiml,knn,NATICUSdroid,binary,classification,ok,5992.0,1499.0,86.0,86.0,2.0,0.0009,0.6415,0.773,0.7729,329.7,0.9159439626417611,0.9074136166307839,0.9063420357876211,0.9085230624041524,0.9063420357876211,,,,
weka,knn,NATICUSdroid,binary,classification,ok,5992.0,1499.0,86.0,86.0,2.0,0.008,1.9725,5.4368,6.6081,329.1,0.9399599733155437,0.93404224112643,0.93404224112643,0.93404224112643,0.93404224112643,,,,
sklearn,logistic,NATICUSdroid,binary,classification,ok,5992.0,1499.0,86.0,86.0,2.0,1.6135,0.0004,2.9853,41.762,216.1,0.9312875250166778,0.9244151237310282,0.9238564583944461,0.9249834311776217,0.9238564583944461,,,,
tuiml,logistic,NATICUSdroid,binary,classification,ok,5992.0,1499.0,86.0,86.0,2.0,0.0334,0.0003,0.1596,0.1596,327.6,0.9266177451634423,0.9194555273760351,0.9198239953065415,0.9190912924309509,0.9198239953065415,,,,
weka,logistic,NATICUSdroid,binary,classification,ok,5992.0,1499.0,86.0,86.0,2.0,0.8011,0.0771,4.2725,5.8659,419.8,0.9299533022014677,0.9230154448444878,0.9228297643492716,0.9232021922098257,0.9228297643492716,,,,
sklearn,mlp,NATICUSdroid,binary,classification,ok,5992.0,1499.0,86.0,86.0,2.0,46.6511,0.034,47.7313,180.8927,216.8,0.9226150767178118,0.9145314773308166,0.912353573873081,0.9168633777366563,0.912353573873081,,,,
tuiml,mlp,NATICUSdroid,binary,classification,ok,5992.0,1499.0,86.0,86.0,2.0,4.9569,0.0025,5.0945,5.0942,329.4,0.9412941961307538,0.9350435498548337,0.9319956976630488,0.9383739159770594,0.9319956976630488,,,,
weka,mlp,NATICUSdroid,binary,classification,ok,5992.0,1499.0,86.0,86.0,2.0,191.6018,0.1074,195.3208,196.9939,329.0,0.9166110740493663,0.9100095333463006,0.9178312310550504,0.9040370039787597,0.9178312310550504,,,,
sklearn,naive_bayes,NATICUSdroid,binary,classification,ok,5992.0,1499.0,86.0,86.0,2.0,0.0047,0.0012,1.2861,3.7281,215.5,0.5483655770513676,0.5378608103646527,0.6520250317786253,0.7166610925306578,0.6520250317786253,,,,
tuiml,naive_bayes,NATICUSdroid,binary,classification,ok,5992.0,1499.0,86.0,86.0,2.0,1.3126,1.1426,2.5831,2.5829,329.4,0.5483655770513676,0.5378608103646527,0.6520250317786253,0.7166610925306578,0.6520250317786253,,,,
weka,naive_bayes,NATICUSdroid,binary,classification,ok,5992.0,1499.0,86.0,86.0,2.0,0.1097,0.1428,3.6468,4.7046,396.1,0.9132755170113409,0.9055386435025401,0.9091180209250025,0.9023666647433308,0.9091180209250025,,,,
sklearn,random_forest,NATICUSdroid,binary,classification,ok,5992.0,1499.0,86.0,86.0,2.0,0.7939,0.0258,2.0106,4.0304,215.3,0.9292861907938625,0.9219700243576648,0.9201212476777159,0.9239265135369801,0.9201212476777159,,,,
tuiml,random_forest,NATICUSdroid,binary,classification,ok,5992.0,1499.0,86.0,86.0,2.0,5.1816,0.0311,5.3992,6.1113,677.1,0.9406270847231488,0.9342147371493859,0.9306042827808741,0.9382246874365618,0.9306042827808741,,,,
weka,random_forest,NATICUSdroid,binary,classification,ok,5992.0,1499.0,86.0,86.0,2.0,2.6547,0.2163,6.2956,8.4189,849.9,0.9312875250166778,0.9238664935549072,0.9203441869560967,0.9277830186801683,0.9203441869560967,,,,
sklearn,svm,NATICUSdroid,binary,classification,ok,5992.0,1499.0,86.0,86.0,2.0,1.1608,0.3683,3.5167,4.6858,228.6,0.9379586390927285,0.9313213570494299,0.9281118607607315,0.9348486774672843,0.9281118607607315,,,,
tuiml,svm,NATICUSdroid,binary,classification,ok,5992.0,1499.0,86.0,86.0,2.0,0.9654,0.1865,1.2918,1.2916,381.2,0.9379586390927285,0.9313213570494299,0.9281118607607315,0.9348486774672843,0.9281118607607315,,,,
weka,svm,NATICUSdroid,binary,classification,ok,5992.0,1499.0,86.0,86.0,2.0,3.3046,0.0773,7.1321,8.8204,359.4,0.9306204136090727,0.9240465379143686,0.9255382810208272,0.9226224464824677,0.9255382810208272,,,,
sklearn,decision_tree,bank-marketing,binary,classification,ok,36168.0,9043.0,13.0,37.0,2.0,0.4644,0.0024,2.9882,4.5079,219.4,0.8139997788344576,0.5785652285030758,0.5843284253438334,0.5743368230991934,0.5843284253438334,,,,
tuiml,decision_tree,bank-marketing,binary,classification,ok,36168.0,9043.0,13.0,37.0,2.0,0.7822,0.1713,1.3853,1.3852,337.5,0.8162114342585425,0.5797923546891024,0.5847608287277776,0.5759766010863585,0.5847608287277776,,,,
weka,decision_tree,bank-marketing,binary,classification,ok,36168.0,9043.0,13.0,37.0,2.0,4.1088,0.4047,12.4179,14.6159,880.7,0.8914077186774301,0.6074928590270455,0.5806038140985046,0.764734434178289,0.5806038140985046,,,,
sklearn,knn,bank-marketing,binary,classification,ok,36168.0,9043.0,13.0,37.0,2.0,0.0041,3.0507,4.8382,123.1424,261.7,0.8839986730067455,0.6099374208683758,0.5854278402439357,0.7062964678037611,0.5854278402439357,,,,
tuiml,knn,bank-marketing,binary,classification,ok,36168.0,9043.0,13.0,37.0,2.0,0.0009,10.1206,10.5589,10.5586,337.6,0.8839986730067455,0.6099374208683758,0.5854278402439357,0.7062964678037611,0.5854278402439357,,,,
weka,knn,bank-marketing,binary,classification,ok,36168.0,9043.0,13.0,37.0,2.0,0.0335,19.4973,27.8918,29.421,421.3,0.8842198385491541,0.6233158610048158,0.597032301823007,0.7080532611719224,0.597032301823007,,,,
sklearn,logistic,bank-marketing,binary,classification,ok,36168.0,9043.0,13.0,37.0,2.0,0.6051,0.0006,2.4351,22.2891,224.7,0.8952781156695787,0.6149266297567542,0.5848452852879868,0.8036955248821501,0.5848452852879868,,,,
tuiml,logistic,bank-marketing,binary,classification,ok,36168.0,9043.0,13.0,37.0,2.0,0.071,0.0011,0.5024,0.5023,338.4,0.8960521950680084,0.6206663946309722,0.5889733586012526,0.8063442477299033,0.5889733586012526,,,,
weka,logistic,bank-marketing,binary,classification,ok,36168.0,9043.0,13.0,37.0,2.0,1.1438,0.4303,9.6096,11.1783,678.8,0.8952781156695787,0.6149266297567542,0.5848452852879868,0.8036955248821501,0.5848452852879868,,,,
sklearn,mlp,bank-marketing,binary,classification,ok,36168.0,9043.0,13.0,37.0,2.0,85.8364,0.0428,87.5884,108.6595,223.1,0.8879796527700984,0.6195249144678993,0.591781790763163,0.7303300611987977,0.591781790763163,,,,
tuiml,mlp,bank-marketing,binary,classification,ok,36168.0,9043.0,13.0,37.0,2.0,30.1172,0.0083,30.5716,30.5683,449.8,0.8946146190423532,0.6146250981270726,0.584879553226572,0.7953129131177152,0.584879553226572,,,,
weka,mlp,bank-marketing,binary,classification,ok,36168.0,9043.0,13.0,37.0,2.0,159.5772,0.4605,167.9777,169.7504,419.6,0.8905230565077961,0.6361798093625555,0.6051111902870813,0.7429891069970469,0.6051111902870813,,,,
sklearn,naive_bayes,bank-marketing,binary,classification,ok,36168.0,9043.0,13.0,37.0,2.0,0.0364,0.0057,1.4966,4.4619,225.9,0.8000663496627225,0.6153052100960552,0.6514635783303524,0.6016805794498723,0.6514635783303524,,,,
tuiml,naive_bayes,bank-marketing,binary,classification,ok,36168.0,9043.0,13.0,37.0,2.0,3.4714,3.0551,6.9546,6.9544,338.3,0.8000663496627225,0.6153052100960552,0.6514635783303524,0.6016805794498723,0.6514635783303524,,,,
weka,naive_bayes,bank-marketing,binary,classification,ok,36168.0,9043.0,13.0,37.0,2.0,0.2055,0.6102,9.1902,10.5451,708.7,0.8161008514873382,0.6263790656329491,0.6539835442873156,0.6125266011693875,0.6539835442873156,,,,
sklearn,random_forest,bank-marketing,binary,classification,ok,36168.0,9043.0,13.0,37.0,2.0,6.6918,0.1795,8.6538,8.9442,295.6,0.885989162888422,0.6222727623174973,0.595164373654288,0.7175568800830003,0.595164373654288,,,,
tuiml,random_forest,bank-marketing,binary,classification,ok,36168.0,9043.0,13.0,37.0,2.0,22.3705,0.1357,23.218,26.678,1564.7,0.8942828707287405,0.6147394521480737,0.5851016733880753,0.791001950131992,0.5851016733880753,,,,
weka,random_forest,bank-marketing,binary,classification,ok,36168.0,9043.0,13.0,37.0,2.0,17.7491,2.5278,28.1284,31.2268,1005.1,0.8870949906004645,0.6212930535523827,0.5937406858085754,0.7242607975632811,0.5937406858085754,,,,
sklearn,svm,bank-marketing,binary,classification,ok,36168.0,9043.0,13.0,37.0,2.0,171.0075,9.3805,182.181,105.5616,456.3,0.8952781156695787,0.6252999961977475,0.5930447329764101,0.7912599127169571,0.5930447329764101,,,,
tuiml,svm,bank-marketing,binary,classification,ok,36168.0,9043.0,13.0,37.0,2.0,89.3738,3.8325,93.6371,93.5142,520.3,0.8949463673559659,0.6187273766600805,0.5879372121404383,0.794635208452313,0.5879372121404383,,,,
weka,svm,bank-marketing,binary,classification,ok,36168.0,9043.0,13.0,37.0,2.0,108.1369,0.4231,117.0413,119.4621,467.0,0.8952781156695787,0.6258026399426398,0.5934547053608313,0.7907285248625375,0.5934547053608313,,,,
sklearn,decision_tree,blood-transfusion-service-center,binary,classification,ok,598.0,150.0,4.0,4.0,2.0,0.0017,0.0001,1.0885,4.1764,180.0,0.68,0.5527950310559007,0.5519005847953217,0.5540060851926978,0.5519005847953217,,,,
tuiml,decision_tree,blood-transfusion-service-center,binary,classification,ok,598.0,150.0,4.0,4.0,2.0,0.0031,0.0011,0.0594,0.0594,292.7,0.68,0.5527950310559007,0.5519005847953217,0.5540060851926978,0.5519005847953217,,,,
weka,decision_tree,blood-transfusion-service-center,binary,classification,ok,598.0,150.0,4.0,4.0,2.0,0.0487,0.0171,1.495,2.1667,296.2,0.7733333333333333,0.6160794941282746,0.6038011695906433,0.6792929292929293,0.6038011695906433,,,,
sklearn,knn,blood-transfusion-service-center,binary,classification,ok,598.0,150.0,4.0,4.0,2.0,0.0008,0.0045,1.2422,4.5548,178.0,0.7733333333333333,0.6458333333333333,0.6323099415204678,0.6795634920634921,0.6323099415204678,,,,
tuiml,knn,blood-transfusion-service-center,binary,classification,ok,598.0,150.0,4.0,4.0,2.0,0.0001,0.0011,0.0612,0.0612,291.3,0.7666666666666667,0.6307757226246571,0.618421052631579,0.6663813762410133,0.618421052631579,,,,
weka,knn,blood-transfusion-service-center,binary,classification,ok,598.0,150.0,4.0,4.0,2.0,0.0017,0.0431,1.3068,1.9714,302.7,0.7733333333333333,0.6366486178398404,0.6228070175438596,0.6789772727272727,0.6228070175438596,,,,
sklearn,logistic,blood-transfusion-service-center,binary,classification,ok,598.0,150.0,4.0,4.0,2.0,0.0248,0.0002,0.9038,4.4895,181.0,0.7733333333333333,0.5472301136363636,0.5562865497076024,0.7033450704225352,0.5562865497076024,,,,
tuiml,logistic,blood-transfusion-service-center,binary,classification,ok,598.0,150.0,4.0,4.0,2.0,0.0023,0.0,0.0569,0.0569,289.4,0.7866666666666666,0.5570321151716501,0.5650584795321637,0.8090277777777778,0.5650584795321637,,,,
weka,logistic,blood-transfusion-service-center,binary,classification,ok,598.0,150.0,4.0,4.0,2.0,0.0271,0.0098,1.4587,2.0925,302.8,0.7733333333333333,0.5472301136363636,0.5562865497076024,0.7033450704225352,0.5562865497076024,,,,
sklearn,mlp,blood-transfusion-service-center,binary,classification,ok,598.0,150.0,4.0,4.0,2.0,0.3784,0.0004,2.046,4.5074,181.0,0.8066666666666666,0.6771799628942486,0.6542397660818713,0.75431900361591,0.6542397660818713,,,,
tuiml,mlp,blood-transfusion-service-center,binary,classification,ok,598.0,150.0,4.0,4.0,2.0,0.2467,0.0001,0.3061,0.306,293.7,0.8133333333333334,0.6926229508196722,0.6681286549707602,0.7653846153846153,0.6681286549707602,,,,
weka,mlp,blood-transfusion-service-center,binary,classification,ok,598.0,150.0,4.0,4.0,2.0,0.2146,0.0088,1.5853,2.4273,294.1,0.78,0.5520767351370917,0.560672514619883,0.7487512487512488,0.560672514619883,,,,
sklearn,naive_bayes,blood-transfusion-service-center,binary,classification,ok,598.0,150.0,4.0,4.0,2.0,0.001,0.0002,1.1941,4.1755,177.0,0.7533333333333333,0.5629577132057643,0.5621345029239766,0.625925925925926,0.5621345029239766,,,,
tuiml,naive_bayes,blood-transfusion-service-center,binary,classification,ok,598.0,150.0,4.0,4.0,2.0,0.0065,0.0053,0.0681,0.0681,289.9,0.7533333333333333,0.5629577132057643,0.5621345029239766,0.625925925925926,0.5621345029239766,,,,
weka,naive_bayes,blood-transfusion-service-center,binary,classification,ok,598.0,150.0,4.0,4.0,2.0,0.0058,0.0114,1.9033,2.5182,303.4,0.7666666666666667,0.5731360273192943,0.570906432748538,0.6633913531723751,0.570906432748538,,,,
sklearn,random_forest,blood-transfusion-service-center,binary,classification,ok,598.0,150.0,4.0,4.0,2.0,0.1519,0.0091,1.2284,3.7768,187.0,0.7466666666666667,0.6309246309246309,0.6242690058479532,0.6416666666666666,0.6242690058479532,,,,
tuiml,random_forest,blood-transfusion-service-center,binary,classification,ok,598.0,150.0,4.0,4.0,2.0,0.3978,0.0049,0.4827,0.504,296.7,0.76,0.6340471672539983,0.6235380116959064,0.657258064516129,0.6235380116959064,,,,
weka,random_forest,blood-transfusion-service-center,binary,classification,ok,598.0,150.0,4.0,4.0,2.0,0.2764,0.0232,1.6262,2.6712,324.7,0.7466666666666667,0.6226165254237288,0.6147660818713451,0.6378805620608899,0.6147660818713451,,,,
sklearn,svm,blood-transfusion-service-center,binary,classification,ok,598.0,150.0,4.0,4.0,2.0,0.0142,0.0027,1.416,3.9723,182.0,0.7866666666666666,0.5738636363636364,0.5745614035087719,0.7693661971830985,0.5745614035087719,,,,
tuiml,svm,blood-transfusion-service-center,binary,classification,ok,598.0,150.0,4.0,4.0,2.0,0.0068,0.0005,0.061,0.061,292.7,0.7866666666666666,0.5738636363636364,0.5745614035087719,0.7693661971830985,0.5745614035087719,,,,
weka,svm,blood-transfusion-service-center,binary,classification,ok,598.0,150.0,4.0,4.0,2.0,0.037,0.0093,1.4095,2.0397,294.7,0.76,0.4318181818181818,0.5,0.38,0.5,,,,
sklearn,decision_tree,churn,binary,classification,ok,4000.0,1000.0,19.0,19.0,2.0,0.0608,0.0002,1.2812,4.4565,186.0,0.922,0.8390013127585267,0.8390013127585267,0.8390013127585267,0.8390013127585267,,,,
tuiml,decision_tree,churn,binary,classification,ok,4000.0,1000.0,19.0,19.0,2.0,0.0629,0.0105,0.1436,0.1433,295.7,0.913,0.8240572400445723,0.8307986360521471,0.8177420378124604,0.8307986360521471,,,,
weka,decision_tree,churn,binary,classification,ok,4000.0,1000.0,19.0,19.0,2.0,0.2327,0.0483,2.1963,3.3266,296.4,0.942,0.8717948717948718,0.8476787291836954,0.9016682723032459,0.8476787291836954,,,,
sklearn,knn,churn,binary,classification,ok,4000.0,1000.0,19.0,19.0,2.0,0.0007,0.7674,1.7708,18.5531,191.8,0.894,0.7055555555555555,0.6596818005432673,0.8483582197085682,0.6596818005432673,,,,
tuiml,knn,churn,binary,classification,ok,4000.0,1000.0,19.0,19.0,2.0,0.0002,0.067,0.1369,0.1369,296.9,0.894,0.7055555555555555,0.6596818005432673,0.8483582197085682,0.6596818005432673,,,,
weka,knn,churn,binary,classification,ok,4000.0,1000.0,19.0,19.0,2.0,0.0061,0.3458,2.2065,3.154,306.1,0.893,0.7040921020246185,0.6590997283663174,0.8416666666666667,0.6590997283663174,,,,
sklearn,logistic,churn,binary,classification,ok,4000.0,1000.0,19.0,19.0,2.0,0.0347,0.0001,1.1123,4.8565,184.7,0.867,0.6289052145792817,0.6024694721719961,0.7271579178563585,0.6024694721719961,,,,
tuiml,logistic,churn,binary,classification,ok,4000.0,1000.0,19.0,19.0,2.0,0.0082,0.0001,0.0791,0.0791,296.9,0.87,0.628957312965944,0.6012516615890158,0.7443366340578987,0.6012516615890158,,,,
weka,logistic,churn,binary,classification,ok,4000.0,1000.0,19.0,19.0,2.0,0.2218,0.0488,2.1741,3.2093,309.3,0.868,0.6333333333333333,0.6060155714627763,0.7312811830184262,0.6060155714627763,,,,
sklearn,mlp,churn,binary,classification,ok,4000.0,1000.0,19.0,19.0,2.0,3.1352,0.0105,4.6758,7.6328,181.6,0.94,0.8673740053050398,0.8435505577159653,0.8968990547410791,0.8435505577159653,,,,
tuiml,mlp,churn,binary,classification,ok,4000.0,1000.0,19.0,19.0,2.0,1.7927,0.0006,1.8689,1.8688,309.4,0.924,0.8274672187715666,0.7986690775188039,0.8665876224931344,0.7986690775188039,,,,
weka,mlp,churn,binary,classification,ok,4000.0,1000.0,19.0,19.0,2.0,5.241,0.0524,7.378,8.4797,295.1,0.954,0.9008996587501292,0.8843038664453967,0.9198257434315555,0.8843038664453967,,,,
sklearn,naive_bayes,churn,binary,classification,ok,4000.0,1000.0,19.0,19.0,2.0,0.0017,0.0003,1.0968,4.7132,184.8,0.867,0.7340803077470603,0.7417787465220156,0.7271909136047666,0.7417787465220156,,,,
tuiml,naive_bayes,churn,binary,classification,ok,4000.0,1000.0,19.0,19.0,2.0,0.1966,0.1668,0.4348,0.4348,297.9,0.867,0.7340803077470603,0.7417787465220156,0.7271909136047666,0.7417787465220156,,,,
weka,naive_bayes,churn,binary,classification,ok,4000.0,1000.0,19.0,19.0,2.0,0.0429,0.0615,2.0117,2.8979,295.2,0.885,0.7380404055590104,0.716687720341152,0.7680796731358529,0.716687720341152,,,,
sklearn,random_forest,churn,binary,classification,ok,4000.0,1000.0,19.0,19.0,2.0,1.0629,0.0159,2.4971,5.7586,185.0,0.949,0.8838266146392133,0.8487892073085148,0.931511746680286,0.8487892073085148,,,,
tuiml,random_forest,churn,binary,classification,ok,4000.0,1000.0,19.0,19.0,2.0,3.2503,0.0322,3.3843,3.5976,346.9,0.956,0.8994285714285715,0.861755793888655,0.9511527095624954,0.861755793888655,,,,
weka,random_forest,churn,binary,classification,ok,4000.0,1000.0,19.0,19.0,2.0,1.4728,0.1116,3.6355,5.2605,671.6,0.955,0.896788754102647,0.8582096945978748,0.950361235675137,0.8582096945978748,,,,
sklearn,svm,churn,binary,classification,ok,4000.0,1000.0,19.0,19.0,2.0,0.2433,0.0604,1.3103,4.6631,198.6,0.919,0.7939764827970364,0.7424062285851105,0.8989130434782608,0.7424062285851105,,,,
tuiml,svm,churn,binary,classification,ok,4000.0,1000.0,19.0,19.0,2.0,0.1816,0.0246,0.2809,0.2809,330.7,0.919,0.7939764827970364,0.7424062285851105,0.8989130434782608,0.7424062285851105,,,,
weka,svm,churn,binary,classification,ok,4000.0,1000.0,19.0,19.0,2.0,0.4183,0.051,2.34,3.5587,301.6,0.859,0.46207638515330823,0.5,0.4295,0.5,,,,
sklearn,decision_tree,coil2000_insurance_policies,binary,classification,ok,7857.0,1965.0,85.0,130.0,2.0,0.1361,0.0006,1.3057,4.3312,227.4,0.8966921119592876,0.5214934772829509,0.5207639582639583,0.5223852689523125,0.5207639582639583,,,,
tuiml,decision_tree,coil2000_insurance_policies,binary,classification,ok,7857.0,1965.0,85.0,130.0,2.0,0.3399,0.0259,0.5604,0.5603,335.6,0.8946564885496183,0.5239675166682466,0.5236846486846487,0.5242685319457476,0.5236846486846487,,,,
weka,decision_tree,coil2000_insurance_policies,binary,classification,ok,7857.0,1965.0,85.0,130.0,2.0,1.7843,0.0915,7.1892,9.1213,712.1,0.9394402035623409,0.4926435649364598,0.5034618159618159,0.5954232534421213,0.5034618159618159,,,,
sklearn,knn,coil2000_insurance_policies,binary,classification,ok,7857.0,1965.0,85.0,130.0,2.0,0.0019,1.3977,3.0621,31.406,221.2,0.9374045801526718,0.4995765878989028,0.5063825063825064,0.5705882352941176,0.5063825063825064,,,,
tuiml,knn,coil2000_insurance_policies,binary,classification,ok,7857.0,1965.0,85.0,130.0,2.0,0.0002,1.7668,1.968,1.9679,337.7,0.9374045801526718,0.4995765878989028,0.5063825063825064,0.5705882352941176,0.5063825063825064,,,,
weka,knn,coil2000_insurance_policies,binary,classification,ok,7857.0,1965.0,85.0,130.0,2.0,0.0109,4.2919,9.5944,10.7602,337.6,0.9358778625954198,0.49880566801619436,0.505570818070818,0.5474661097099622,0.505570818070818,,,,
sklearn,logistic,coil2000_insurance_policies,binary,classification,ok,7857.0,1965.0,85.0,130.0,2.0,1.8276,0.0005,3.0233,64.1623,225.7,0.9394402035623409,0.4926435649364598,0.5034618159618159,0.5954232534421213,0.5034618159618159,,,,
tuiml,logistic,coil2000_insurance_policies,binary,classification,ok,7857.0,1965.0,85.0,130.0,2.0,0.0377,0.0007,0.2368,0.2368,338.8,0.9399491094147583,0.4928477690288714,0.5037323787323787,0.6371049949031601,0.5037323787323787,,,,
weka,logistic,coil2000_insurance_policies,binary,classification,ok,7857.0,1965.0,85.0,130.0,2.0,1.6594,0.1011,7.1496,8.8467,518.6,0.9389312977099237,0.492440418790467,0.5031912531912532,0.5704081632653061,0.5031912531912532,,,,
sklearn,mlp,coil2000_insurance_policies,binary,classification,ok,7857.0,1965.0,85.0,130.0,2.0,198.7336,0.0101,200.3005,7012.8549,223.8,0.9165394402035624,0.5122475420157893,0.5113011988011988,0.5217288846995216,0.5113011988011988,,,,
tuiml,mlp,coil2000_insurance_policies,binary,classification,ok,7857.0,1965.0,85.0,130.0,2.0,8.9411,0.0029,9.172,9.1699,339.7,0.934351145038168,0.5121920710644464,0.5127650127650127,0.5709511568123393,0.5127650127650127,,,,
weka,mlp,coil2000_insurance_policies,binary,classification,ok,7857.0,1965.0,85.0,130.0,2.0,419.761,0.2007,425.2893,427.1282,342.7,0.9404580152671755,0.5011705638450907,0.508005883005883,0.7206782253952065,0.508005883005883,,,,
sklearn,naive_bayes,coil2000_insurance_policies,binary,classification,ok,7857.0,1965.0,85.0,130.0,2.0,0.0233,0.0053,1.4027,4.5602,221.5,0.19745547073791347,0.19125904540639377,0.5372960372960374,0.5166486361496725,0.5372960372960374,,,,
tuiml,naive_bayes,coil2000_insurance_policies,binary,classification,ok,7857.0,1965.0,85.0,130.0,2.0,2.5982,2.1949,4.9877,4.9874,337.9,0.19745547073791347,0.19125904540639377,0.5372960372960374,0.5166486361496725,0.5372960372960374,,,,
weka,naive_bayes,coil2000_insurance_policies,binary,classification,ok,7857.0,1965.0,85.0,130.0,2.0,0.1517,0.2453,5.8783,7.0287,555.7,0.7755725190839695,0.5288207918805573,0.616487678987679,0.5384166598028718,0.616487678987679,,,,
sklearn,random_forest,coil2000_insurance_policies,binary,classification,ok,7857.0,1965.0,85.0,130.0,2.0,2.0115,0.0593,3.3522,5.4969,225.5,0.9297709923664123,0.5217460317460317,0.5183358308358308,0.5621823828345568,0.5183358308358308,,,,
tuiml,random_forest,coil2000_insurance_policies,binary,classification,ok,7857.0,1965.0,85.0,130.0,2.0,9.2079,0.0272,9.4919,10.6251,1135.6,0.934351145038168,0.5189572425414983,0.5167679542679543,0.5848149534459365,0.5167679542679543,,,,
weka,random_forest,coil2000_insurance_policies,binary,classification,ok,7857.0,1965.0,85.0,130.0,2.0,3.7815,0.2394,9.3352,11.632,876.8,0.9267175572519084,0.5252157805012282,0.5207153957153957,0.556779575072258,0.5207153957153957,,,,
sklearn,svm,coil2000_insurance_policies,binary,classification,ok,7857.0,1965.0,85.0,130.0,2.0,1.5834,0.983,3.8331,5.9891,264.8,0.9404580152671755,0.4846577498033045,0.5,0.47022900763358777,0.5,,,,
tuiml,svm,coil2000_insurance_policies,binary,classification,ok,7857.0,1965.0,85.0,130.0,2.0,2.576,0.5021,3.2892,3.288,447.4,0.9404580152671755,0.4846577498033045,0.5,0.47022900763358777,0.5,,,,
weka,svm,coil2000_insurance_policies,binary,classification,ok,7857.0,1965.0,85.0,130.0,2.0,36.5078,0.1018,42.0165,43.8744,373.1,0.9404580152671755,0.4846577498033045,0.5,0.47022900763358777,0.5,,,,
sklearn,decision_tree,credit-g,binary,classification,ok,800.0,200.0,20.0,61.0,2.0,0.012,0.0001,1.3272,3.8051,182.4,0.665,0.6030688112799549,0.6035714285714285,0.602606439438613,0.6035714285714285,,,,
tuiml,decision_tree,credit-g,binary,classification,ok,800.0,200.0,20.0,61.0,2.0,0.0106,0.0015,0.087,0.087,294.2,0.675,0.6073812328229289,0.605952380952381,0.6091890565574776,0.605952380952381,,,,
weka,decision_tree,credit-g,binary,classification,ok,800.0,200.0,20.0,61.0,2.0,0.1497,0.0114,1.7771,2.6216,306.3,0.665,0.5868150843328914,0.5845238095238096,0.5911307919394173,0.5845238095238096,,,,
sklearn,knn,credit-g,binary,classification,ok,800.0,200.0,20.0,61.0,2.0,0.0005,0.3661,1.4511,9.7582,182.4,0.74,0.638436935057711,0.6285714285714286,0.6913536498936924,0.6285714285714286,,,,
tuiml,knn,credit-g,binary,classification,ok,800.0,200.0,20.0,61.0,2.0,0.0,0.0082,0.0841,0.0841,294.0,0.74,0.638436935057711,0.6285714285714286,0.6913536498936924,0.6285714285714286,,,,
weka,knn,credit-g,binary,classification,ok,800.0,200.0,20.0,61.0,2.0,0.0021,0.0941,1.7404,2.4699,303.2,0.715,0.6363752352397053,0.6297619047619047,0.6515783618411903,0.6297619047619047,,,,
sklearn,logistic,credit-g,binary,classification,ok,800.0,200.0,20.0,61.0,2.0,0.3013,0.0002,1.2514,5.0212,181.5,0.78,0.7241379310344828,0.7142857142857143,0.74,0.7142857142857143,,,,
tuiml,logistic,credit-g,binary,classification,ok,800.0,200.0,20.0,61.0,2.0,0.0036,0.0001,0.0806,0.0806,294.0,0.77,0.714781746031746,0.7071428571428572,0.7260914760914761,0.7071428571428572,,,,
weka,logistic,credit-g,binary,classification,ok,800.0,200.0,20.0,61.0,2.0,0.144,0.0131,1.6529,2.5052,296.6,0.775,0.7224877432086584,0.7154761904761905,0.7323193428314723,0.7154761904761905,,,,
sklearn,mlp,credit-g,binary,classification,ok,800.0,200.0,20.0,61.0,2.0,5.5833,0.0005,6.9345,16.9369,180.5,0.76,0.7023809523809523,0.6952380952380952,0.7130977130977132,0.6952380952380952,,,,
tuiml,mlp,credit-g,binary,classification,ok,800.0,200.0,20.0,61.0,2.0,0.5208,0.0002,0.5961,0.5961,297.0,0.755,0.7040258524357464,0.7011904761904761,0.7073365231259968,0.7011904761904761,,,,
weka,mlp,credit-g,binary,classification,ok,800.0,200.0,20.0,61.0,2.0,9.3113,0.0163,11.0471,12.1355,301.3,0.705,0.6436229651777354,0.6416666666666667,0.6459943565206723,0.6416666666666667,,,,
sklearn,naive_bayes,credit-g,binary,classification,ok,800.0,200.0,20.0,61.0,2.0,0.0012,0.0002,1.1196,3.3551,182.0,0.74,0.7142857142857143,0.7380952380952381,0.7083333333333334,0.7380952380952381,,,,
tuiml,naive_bayes,credit-g,binary,classification,ok,800.0,200.0,20.0,61.0,2.0,0.1264,0.1078,0.3156,0.3156,294.0,0.74,0.7142857142857143,0.7380952380952381,0.7083333333333334,0.7380952380952381,,,,
weka,naive_bayes,credit-g,binary,classification,ok,800.0,200.0,20.0,61.0,2.0,0.0291,0.0271,1.613,2.3108,305.6,0.745,0.7006251650964164,0.7035714285714285,0.6981230448383733,0.7035714285714285,,,,
sklearn,random_forest,credit-g,binary,classification,ok,800.0,200.0,20.0,61.0,2.0,0.1759,0.0093,1.3261,3.854,186.0,0.75,0.6666666666666667,0.6547619047619048,0.703125,0.6547619047619048,,,,
tuiml,random_forest,credit-g,binary,classification,ok,800.0,200.0,20.0,61.0,2.0,0.742,0.0056,0.8489,0.902,323.0,0.735,0.6489949998344315,0.6392857142857142,0.679475379659457,0.6392857142857142,,,,
weka,random_forest,credit-g,binary,classification,ok,800.0,200.0,20.0,61.0,2.0,0.4042,0.0381,2.1229,3.2772,417.1,0.73,0.6245306633291614,0.6166666666666667,0.6736357193479802,0.6166666666666667,,,,
sklearn,svm,credit-g,binary,classification,ok,800.0,200.0,20.0,61.0,2.0,0.024,0.0079,1.5842,3.586,182.6,0.745,0.6427445623620889,0.6321428571428571,0.70141535111595,0.6321428571428571,,,,
tuiml,svm,credit-g,binary,classification,ok,800.0,200.0,20.0,61.0,2.0,0.0296,0.0053,0.113,0.113,296.0,0.745,0.6427445623620889,0.6321428571428571,0.70141535111595,0.6321428571428571,,,,
weka,svm,credit-g,binary,classification,ok,800.0,200.0,20.0,61.0,2.0,0.24,0.013,1.8025,2.7383,296.7,0.78,0.7141372141372141,0.7,0.7447552447552448,0.7,,,,
sklearn,decision_tree,credit_card_clients_default,binary,classification,ok,24000.0,6000.0,23.0,23.0,2.0,1.3684,0.0083,3.1965,4.6505,219.0,0.7248333333333333,0.6132322666740485,0.6172257179445293,0.6101818870784388,0.6172257179445293,,,,
tuiml,decision_tree,credit_card_clients_default,binary,classification,ok,24000.0,6000.0,23.0,23.0,2.0,0.7342,0.1151,1.0044,1.0044,333.1,0.7276666666666667,0.6173110315130548,0.6214728068748124,0.6141201730327808,0.6214728068748124,,,,
weka,decision_tree,credit_card_clients_default,binary,classification,ok,24000.0,6000.0,23.0,23.0,2.0,1.8839,0.2803,7.0623,9.0808,578.1,0.8006666666666666,0.6591628667632689,0.6405491890029964,0.707971196570734,0.6405491890029964,,,,
sklearn,knn,credit_card_clients_default,binary,classification,ok,24000.0,6000.0,23.0,23.0,2.0,0.0053,2.274,3.9819,73.8901,240.1,0.7928333333333333,0.6527331387341355,0.6365994680596303,0.6912556819259437,0.6365994680596303,,,,
tuiml,knn,credit_card_clients_default,binary,classification,ok,24000.0,6000.0,23.0,23.0,2.0,0.0012,2.9723,3.1291,3.129,332.8,0.793,0.6528893098850714,0.6367064657056821,0.6915905085996069,0.6367064657056821,,,,
weka,knn,credit_card_clients_default,binary,classification,ok,24000.0,6000.0,23.0,23.0,2.0,0.0256,6.8427,11.4561,13.1681,340.8,0.7935,0.6523678105686077,0.6359482902227696,0.6925813820673901,0.6359482902227696,,,,
sklearn,logistic,credit_card_clients_default,binary,classification,ok,24000.0,6000.0,23.0,23.0,2.0,0.8984,0.0004,2.0499,28.4618,220.4,0.8105,0.6237688729793087,0.6061234422247382,0.7656668082309683,0.6061234422247382,,,,
tuiml,logistic,credit_card_clients_default,binary,classification,ok,24000.0,6000.0,23.0,23.0,2.0,0.0254,0.0003,0.1835,0.1835,333.2,0.8098333333333333,0.6181605007619221,0.6019183621667934,0.7684900395766034,0.6019183621667934,,,,
weka,logistic,credit_card_clients_default,binary,classification,ok,24000.0,6000.0,23.0,23.0,2.0,0.6129,0.2875,5.4149,7.1542,478.7,0.8105,0.6237688729793087,0.6061234422247382,0.7656668082309683,0.6061234422247382,,,,
sklearn,mlp,credit_card_clients_default,binary,classification,ok,24000.0,6000.0,23.0,23.0,2.0,34.2632,0.043,35.4061,25.3596,219.8,0.8066666666666666,0.6741836005371102,0.6546532042610058,0.719726315707474,0.6546532042610058,,,,
tuiml,mlp,credit_card_clients_default,binary,classification,ok,24000.0,6000.0,23.0,23.0,2.0,18.5323,0.0036,18.6876,18.6861,382.1,0.8205,0.6767706921153808,0.6511235720410232,0.7617371836121836,0.6511235720410232,,,,
weka,mlp,credit_card_clients_default,binary,classification,ok,24000.0,6000.0,23.0,23.0,2.0,43.7647,0.2934,48.8925,50.2876,355.1,0.8218333333333333,0.6842024257527358,0.658454563735845,0.760975666762991,0.658454563735845,,,,
sklearn,naive_bayes,credit_card_clients_default,binary,classification,ok,24000.0,6000.0,23.0,23.0,2.0,0.0067,0.001,1.0249,3.8513,221.2,0.7175,0.6550459903064871,0.6969627504668146,0.6484852168838747,0.6969627504668146,,,,
tuiml,naive_bayes,credit_card_clients_default,binary,classification,ok,24000.0,6000.0,23.0,23.0,2.0,1.4288,1.2038,2.7872,2.7869,333.8,0.7175,0.6550459903064871,0.6969627504668146,0.6484852168838747,0.6969627504668146,,,,
weka,naive_bayes,credit_card_clients_default,binary,classification,ok,24000.0,6000.0,23.0,23.0,2.0,0.1279,0.3242,5.5269,6.6724,385.3,0.7123333333333334,0.6518991596638656,0.6966135365971459,0.6466094385197048,0.6966135365971459,,,,
sklearn,random_forest,credit_card_clients_default,binary,classification,ok,24000.0,6000.0,23.0,23.0,2.0,10.4454,0.2279,12.0253,11.2159,251.0,0.817,0.6816815563162728,0.6580495530530129,0.7458254940769459,0.6580495530530129,,,,
tuiml,random_forest,credit_card_clients_default,binary,classification,ok,24000.0,6000.0,23.0,23.0,2.0,22.6137,0.1144,23.0844,25.6462,1003.0,0.8201666666666667,0.6844379507963994,0.6595429241174628,0.7547634056728253,0.6595429241174628,,,,
weka,random_forest,credit_card_clients_default,binary,classification,ok,24000.0,6000.0,23.0,23.0,2.0,13.4789,1.7404,19.9304,22.7007,931.5,0.8156666666666667,0.6756699058621638,0.6520675218845261,0.7448260338001562,0.6520675218845261,,,,
sklearn,svm,credit_card_clients_default,binary,classification,ok,24000.0,6000.0,23.0,23.0,2.0,36.0841,5.241,42.6378,27.741,433.9,0.819,0.6720972250850252,0.6469230879633534,0.7595411399031038,0.6469230879633534,,,,
tuiml,svm,credit_card_clients_default,binary,classification,ok,24000.0,6000.0,23.0,23.0,2.0,20.3866,1.838,22.3928,22.3919,508.8,0.8191666666666667,0.6676774004143772,0.6424436198198666,0.7640575095153651,0.6424436198198666,,,,
weka,svm,credit_card_clients_default,binary,classification,ok,24000.0,6000.0,23.0,23.0,2.0,90.9322,0.2806,95.8476,97.9999,391.0,0.8118333333333333,0.6257177128070237,0.6075190076036865,0.7714008098879932,0.6075190076036865,,,,
sklearn,decision_tree,customer_satisfaction_in_airline,binary,classification,ok,103904.0,25976.0,21.0,25.0,2.0,1.0054,0.0075,3.2656,5.54,328.4,0.9322066522944257,0.9315855636217093,0.9315316558692041,0.9316402903634646,0.9315316558692041,,,,
tuiml,decision_tree,customer_satisfaction_in_airline,binary,classification,ok,103904.0,25976.0,21.0,25.0,2.0,1.5477,0.3442,2.9785,2.9781,439.4,0.9342469972282107,0.9336480348431937,0.9336161653088391,0.9336801883624923,0.9336161653088391,,,,
weka,decision_tree,customer_satisfaction_in_airline,binary,classification,ok,103904.0,25976.0,21.0,25.0,2.0,13.9891,1.1608,30.6864,33.4516,1085.8,0.9455266399753619,0.9450958217354868,0.9456115657959483,0.9446507128849313,0.9456115657959483,,,,
sklearn,knn,customer_satisfaction_in_airline,binary,classification,ok,103904.0,25976.0,21.0,25.0,2.0,0.0125,8.3513,10.099,332.3486,329.6,0.9203110563597167,0.9198950244621291,0.9217450487401421,0.9189956695509091,0.9217450487401421,,,,
tuiml,knn,customer_satisfaction_in_airline,binary,classification,ok,103904.0,25976.0,21.0,25.0,2.0,0.0025,66.9958,67.7417,67.7285,440.2,0.9203110563597167,0.9198950244621291,0.9217450487401421,0.9189956695509091,0.9217450487401421,,,,
weka,knn,customer_satisfaction_in_airline,binary,classification,ok,103904.0,25976.0,21.0,25.0,2.0,0.0764,212.6397,228.4979,230.4463,681.1,0.9221974129966123,0.9218266169999286,0.9239535340427545,0.9209399848471156,0.9239535340427545,,,,
sklearn,logistic,customer_satisfaction_in_airline,binary,classification,ok,103904.0,25976.0,21.0,25.0,2.0,1.3564,0.0112,3.671,37.8835,328.1,0.8298429319371727,0.8283431993527254,0.8284158444263348,0.8282728146359442,0.8284158444263348,,,,
tuiml,logistic,customer_satisfaction_in_airline,binary,classification,ok,103904.0,25976.0,21.0,25.0,2.0,0.2506,0.002,0.9886,0.9885,439.3,0.8283415460425008,0.8268248063635101,0.8268898664076034,0.8267615738838987,0.8268898664076034,,,,
weka,logistic,customer_satisfaction_in_airline,binary,classification,ok,103904.0,25976.0,21.0,25.0,2.0,2.3794,1.1912,19.1342,21.1989,985.3,0.8299584231598398,0.8284584628209565,0.8285287033761912,0.8283903347830275,0.8285287033761912,,,,
sklearn,mlp,customer_satisfaction_in_airline,binary,classification,ok,103904.0,25976.0,21.0,25.0,2.0,68.6185,0.0408,70.7251,56.2914,328.1,0.9479904527255929,0.9475309067945956,0.947619794130082,0.9474441194489419,0.947619794130082,,,,
tuiml,mlp,customer_satisfaction_in_airline,binary,classification,ok,103904.0,25976.0,21.0,25.0,2.0,94.0757,0.0225,94.8391,94.8309,734.6,0.916384354789036,0.9157702477780987,0.9165110672683425,0.915189040311562,0.9165110672683425,,,,
weka,mlp,customer_satisfaction_in_airline,binary,classification,ok,103904.0,25976.0,21.0,25.0,2.0,224.1813,1.2417,241.0707,243.0596,676.5,0.9425623652602402,0.9421281673584185,0.942807971228077,0.9415718278207226,0.942807971228077,,,,
sklearn,naive_bayes,customer_satisfaction_in_airline,binary,classification,ok,103904.0,25976.0,21.0,25.0,2.0,0.039,0.0058,1.8075,4.3761,325.8,0.8097474591931013,0.8080058818611555,0.807969726680597,0.8080426644026071,0.807969726680597,,,,
tuiml,naive_bayes,customer_satisfaction_in_airline,binary,classification,ok,103904.0,25976.0,21.0,25.0,2.0,6.6531,5.8663,13.321,13.3205,440.2,0.8097474591931013,0.8080058818611555,0.807969726680597,0.8080426644026071,0.807969726680597,,,,
weka,naive_bayes,customer_satisfaction_in_airline,binary,classification,ok,103904.0,25976.0,21.0,25.0,2.0,0.5105,1.5989,17.661,19.0754,946.6,0.8098629504157684,0.8074982647035507,0.806597590947879,0.808836695141556,0.806597590947879,,,,
sklearn,random_forest,customer_satisfaction_in_airline,binary,classification,ok,103904.0,25976.0,21.0,25.0,2.0,19.9499,0.4368,22.423,19.1108,329.5,0.9557668617185094,0.9554510776486611,0.9563633405107856,0.9547511604849437,0.9563633405107856,,,,
tuiml,random_forest,customer_satisfaction_in_airline,binary,classification,ok,103904.0,25976.0,21.0,25.0,2.0,55.369,0.3682,57.1191,67.8244,3186.4,0.9560363412380659,0.9557181296181745,0.9565801188212282,0.9550457351274877,0.9565801188212282,,,,
weka,random_forest,customer_satisfaction_in_airline,binary,classification,ok,103904.0,25976.0,21.0,25.0,2.0,42.749,5.3969,63.8245,68.0286,1144.1,0.9563443178318448,0.9560487988347202,0.9571555304836316,0.9552530162037185,0.9571555304836316,,,,
sklearn,svm,customer_satisfaction_in_airline,binary,classification,ok,103904.0,25976.0,21.0,25.0,2.0,437.2289,50.6237,489.962,343.7626,458.5,0.9409069910686788,0.9404670542935225,0.9412001282252335,0.9398781470395824,0.9412001282252335,,,,
tuiml,svm,customer_satisfaction_in_airline,binary,classification,ok,103904.0,25976.0,21.0,25.0,2.0,1318.1105,15.9444,1334.7937,1334.5042,546.4,0.9409454881429011,0.9405054411731024,0.9412352973889108,0.9399184815521457,0.9412352973889108,,,,
weka,svm,customer_satisfaction_in_airline,binary,classification,ok,103904.0,25976.0,21.0,25.0,2.0,1944.6576,1.151,1961.7208,1966.1759,762.8,0.8353480135509701,0.8342428948216469,0.8350991130677277,0.8336724789579617,0.8350991130677277,,,,
sklearn,decision_tree,diabetes,binary,classification,ok,614.0,154.0,8.0,8.0,2.0,0.0039,0.0002,1.0814,4.3022,181.0,0.6688311688311688,0.6162603214931353,0.6129629629629629,0.6278022208254765,0.6129629629629629,,,,
tuiml,decision_tree,diabetes,binary,classification,ok,614.0,154.0,8.0,8.0,2.0,0.0042,0.0011,0.061,0.061,292.0,0.6688311688311688,0.6118606375092661,0.6087037037037037,0.626699762572847,0.6087037037037037,,,,
weka,decision_tree,diabetes,binary,classification,ok,614.0,154.0,8.0,8.0,2.0,0.0446,0.0093,1.4681,2.1353,292.5,0.7727272727272727,0.7196650543506528,0.7057407407407408,0.778236914600551,0.7057407407407408,,,,
sklearn,knn,diabetes,binary,classification,ok,614.0,154.0,8.0,8.0,2.0,0.001,0.0025,1.354,3.5201,179.0,0.7402597402597403,0.6900161030595813,0.6807407407407408,0.721415607985481,0.6807407407407408,,,,
tuiml,knn,diabetes,binary,classification,ok,614.0,154.0,8.0,8.0,2.0,0.0,0.0011,0.056,0.056,291.0,0.7402597402597403,0.6900161030595813,0.6807407407407408,0.721415607985481,0.6807407407407408,,,,
weka,knn,diabetes,binary,classification,ok,614.0,154.0,8.0,8.0,2.0,0.0016,0.0435,1.5206,2.1788,294.4,0.7142857142857143,0.6590177133655395,0.6522222222222223,0.6864791288566243,0.6522222222222223,,,,
sklearn,logistic,diabetes,binary,classification,ok,614.0,154.0,8.0,8.0,2.0,0.0434,0.0001,1.0389,4.8739,181.0,0.7792207792207793,0.7257490048187722,0.7107407407407407,0.7914959016393442,0.7107407407407407,,,,
tuiml,logistic,diabetes,binary,classification,ok,614.0,154.0,8.0,8.0,2.0,0.0023,0.0,0.0614,0.0614,289.0,0.7922077922077922,0.7454545454545454,0.7292592592592593,0.8034313725490196,0.7292592592592593,,,,
weka,logistic,diabetes,binary,classification,ok,614.0,154.0,8.0,8.0,2.0,0.0319,0.0097,1.7871,2.4196,294.1,0.7792207792207793,0.7257490048187722,0.7107407407407407,0.7914959016393442,0.7107407407407407,,,,
sklearn,mlp,diabetes,binary,classification,ok,614.0,154.0,8.0,8.0,2.0,0.5935,0.0003,1.6183,4.6742,181.0,0.7662337662337663,0.7275943396226415,0.7177777777777778,0.75,0.7177777777777778,,,,
tuiml,mlp,diabetes,binary,classification,ok,614.0,154.0,8.0,8.0,2.0,0.2574,0.0001,0.3136,0.3136,293.7,0.7467532467532467,0.6996249062265567,0.69,0.7287625418060201,0.69,,,,
weka,mlp,diabetes,binary,classification,ok,614.0,154.0,8.0,8.0,2.0,0.3535,0.0089,1.6838,2.5014,300.9,0.7597402597402597,0.7216006253969804,0.7127777777777777,0.7407291011942174,0.7127777777777777,,,,
sklearn,naive_bayes,diabetes,binary,classification,ok,614.0,154.0,8.0,8.0,2.0,0.0011,0.0002,1.2585,4.2727,181.0,0.7402597402597403,0.6937760986279579,0.685,0.7190789473684212,0.685,,,,
tuiml,naive_bayes,diabetes,binary,classification,ok,614.0,154.0,8.0,8.0,2.0,0.0139,0.0107,0.0798,0.0798,291.3,0.7402597402597403,0.6937760986279579,0.685,0.7190789473684212,0.685,,,,
weka,naive_bayes,diabetes,binary,classification,ok,614.0,154.0,8.0,8.0,2.0,0.0084,0.0128,1.5023,2.1005,299.7,0.7467532467532467,0.7031875463306152,0.6942592592592592,0.7264191668465357,0.6942592592592592,,,,
sklearn,random_forest,diabetes,binary,classification,ok,614.0,154.0,8.0,8.0,2.0,0.164,0.0094,1.1874,3.9654,187.0,0.7467532467532467,0.6876267748478702,0.6772222222222222,0.7396694214876034,0.6772222222222222,,,,
tuiml,random_forest,diabetes,binary,classification,ok,614.0,154.0,8.0,8.0,2.0,0.4232,0.0052,0.5115,0.5327,296.0,0.7532467532467533,0.6934841818562749,0.6822222222222223,0.7520491803278688,0.6822222222222223,,,,
weka,random_forest,diabetes,binary,classification,ok,614.0,154.0,8.0,8.0,2.0,0.2775,0.0209,1.6529,2.6659,317.8,0.8051948051948052,0.772995283018868,0.7605555555555557,0.7991071428571428,0.7605555555555557,,,,
sklearn,svm,diabetes,binary,classification,ok,614.0,154.0,8.0,8.0,2.0,0.0089,0.0027,1.1329,4.3331,180.0,0.7467532467532467,0.6876267748478702,0.6772222222222222,0.7396694214876034,0.6772222222222222,,,,
tuiml,svm,diabetes,binary,classification,ok,614.0,154.0,8.0,8.0,2.0,0.007,0.0008,0.0642,0.0642,292.7,0.7467532467532467,0.6876267748478702,0.6772222222222222,0.7396694214876034,0.6772222222222222,,,,
weka,svm,diabetes,binary,classification,ok,614.0,154.0,8.0,8.0,2.0,0.0441,0.011,1.3405,2.0082,294.3,0.7662337662337663,0.7053571428571428,0.6922222222222222,0.7790322580645161,0.6922222222222222,,,,
sklearn,decision_tree,hazelnut-spread-contaminant-detection,binary,classification,ok,1920.0,480.0,30.0,30.0,2.0,0.069,0.0004,1.2432,4.2136,183.7,0.8645833333333334,0.8644839313558991,0.8645833333333334,0.8656561787188104,0.8645833333333334,,,,
tuiml,decision_tree,hazelnut-spread-contaminant-detection,binary,classification,ok,1920.0,480.0,30.0,30.0,2.0,0.0593,0.0047,0.1317,0.1317,293.4,0.8729166666666667,0.8728233817339976,0.8729166666666667,0.8740140342323832,0.8729166666666667,,,,
weka,decision_tree,hazelnut-spread-contaminant-detection,binary,classification,ok,1920.0,480.0,30.0,30.0,2.0,0.1977,0.0238,1.9127,2.9444,306.1,0.8520833333333333,0.8518512078386709,0.8520833333333333,0.8543038837156485,0.8520833333333333,,,,
sklearn,knn,hazelnut-spread-contaminant-detection,binary,classification,ok,1920.0,480.0,30.0,30.0,2.0,0.0008,0.4563,2.0048,15.4904,183.4,0.8791666666666667,0.8786928104575162,0.8791666666666667,0.8851851851851852,0.8791666666666667,,,,
tuiml,knn,hazelnut-spread-contaminant-detection,binary,classification,ok,1920.0,480.0,30.0,30.0,2.0,0.0001,0.0243,0.0934,0.0934,295.7,0.8791666666666667,0.8786928104575162,0.8791666666666667,0.8851851851851852,0.8791666666666667,,,,
weka,knn,hazelnut-spread-contaminant-detection,binary,classification,ok,1920.0,480.0,30.0,30.0,2.0,0.0037,0.1477,1.8665,2.7973,297.2,0.8854166666666666,0.8849367369976333,0.8854166666666666,0.8919560726707746,0.8854166666666666,,,,
sklearn,logistic,hazelnut-spread-contaminant-detection,binary,classification,ok,1920.0,480.0,30.0,30.0,2.0,0.1341,0.0003,1.2394,5.9993,183.0,0.9083333333333333,0.9081739130434783,0.9083333333333333,0.9111888111888111,0.9083333333333333,,,,
tuiml,logistic,hazelnut-spread-contaminant-detection,binary,classification,ok,1920.0,480.0,30.0,30.0,2.0,0.0129,0.0001,0.082,0.082,294.5,0.8895833333333333,0.8893292324825663,0.8895833333333334,0.8931944420108286,0.8895833333333334,,,,
weka,logistic,hazelnut-spread-contaminant-detection,binary,classification,ok,1920.0,480.0,30.0,30.0,2.0,0.1689,0.0254,1.8953,2.8535,307.7,0.9145833333333333,0.914476057207174,0.9145833333333333,0.9166739369405523,0.9145833333333333,,,,
sklearn,mlp,hazelnut-spread-contaminant-detection,binary,classification,ok,1920.0,480.0,30.0,30.0,2.0,4.5503,0.0083,5.6494,10.3926,184.5,0.9479166666666666,0.9478784351368843,0.9479166666666666,0.9492347338545385,0.9479166666666666,,,,
tuiml,mlp,hazelnut-spread-contaminant-detection,binary,classification,ok,1920.0,480.0,30.0,30.0,2.0,0.9126,0.0003,0.9838,0.9838,301.1,0.9458333333333333,0.9457994579945799,0.9458333333333333,0.9469507101086049,0.9458333333333333,,,,
weka,mlp,hazelnut-spread-contaminant-detection,binary,classification,ok,1920.0,480.0,30.0,30.0,2.0,5.9417,0.0264,8.0406,9.0529,307.1,0.94375,0.9437204434620612,0.94375,0.9446841455140138,0.94375,,,,
sklearn,naive_bayes,hazelnut-spread-contaminant-detection,binary,classification,ok,1920.0,480.0,30.0,30.0,2.0,0.0017,0.0003,1.1012,3.6615,182.6,0.7229166666666667,0.7041143127285536,0.7229166666666667,0.7988896389580763,0.7229166666666667,,,,
tuiml,naive_bayes,hazelnut-spread-contaminant-detection,binary,classification,ok,1920.0,480.0,30.0,30.0,2.0,0.1461,0.1277,0.3436,0.3435,296.3,0.7229166666666667,0.7041143127285536,0.7229166666666667,0.7988896389580763,0.7229166666666667,,,,
weka,naive_bayes,hazelnut-spread-contaminant-detection,binary,classification,ok,1920.0,480.0,30.0,30.0,2.0,0.0378,0.0436,1.8092,2.6637,306.2,0.7229166666666667,0.7041143127285536,0.7229166666666667,0.7988896389580763,0.7229166666666667,,,,
sklearn,random_forest,hazelnut-spread-contaminant-detection,binary,classification,ok,1920.0,480.0,30.0,30.0,2.0,1.123,0.0184,2.5567,4.9222,185.2,0.9125,0.9124756876910253,0.9125000000000001,0.9129588431590656,0.9125000000000001,,,,
tuiml,random_forest,hazelnut-spread-contaminant-detection,binary,classification,ok,1920.0,480.0,30.0,30.0,2.0,2.3382,0.0198,2.4525,2.6007,324.2,0.91875,0.9187327165933727,0.91875,0.9191065315980609,0.91875,,,,
weka,random_forest,hazelnut-spread-contaminant-detection,binary,classification,ok,1920.0,480.0,30.0,30.0,2.0,0.8335,0.0562,2.95,4.584,466.0,0.9166666666666666,0.9166304819800261,0.9166666666666667,0.9173913043478261,0.9166666666666667,,,,
sklearn,svm,hazelnut-spread-contaminant-detection,binary,classification,ok,1920.0,480.0,30.0,30.0,2.0,0.0773,0.0229,1.0466,4.8671,189.7,0.9145833333333333,0.9143509955391144,0.9145833333333333,0.919131197893813,0.9145833333333333,,,,
tuiml,svm,hazelnut-spread-contaminant-detection,binary,classification,ok,1920.0,480.0,30.0,30.0,2.0,0.0684,0.0109,0.149,0.1489,305.2,0.9145833333333333,0.9143509955391144,0.9145833333333333,0.919131197893813,0.9145833333333333,,,,
weka,svm,hazelnut-spread-contaminant-detection,binary,classification,ok,1920.0,480.0,30.0,30.0,2.0,0.1962,0.025,1.955,2.9807,303.1,0.89375,0.8933607482172339,0.89375,0.8995842069099174,0.89375,,,,
sklearn,decision_tree,heloc,binary,classification,ok,8367.0,2092.0,23.0,23.0,2.0,0.1536,0.0007,1.3136,3.9595,195.2,0.6462715105162524,0.6454614076744936,0.6454175824175824,0.6455241935483871,0.6454175824175824,,,,
tuiml,decision_tree,heloc,binary,classification,ok,8367.0,2092.0,23.0,23.0,2.0,0.1417,0.027,0.2585,0.2584,306.2,0.6419694072657743,0.6412295626796389,0.6412124542124542,0.641249318732453,0.6412124542124542,,,,
weka,decision_tree,heloc,binary,classification,ok,8367.0,2092.0,23.0,23.0,2.0,0.5834,0.0989,3.3238,4.8673,400.1,0.6797323135755258,0.6789388425269284,0.6788589743589744,0.6790636184943966,0.6788589743589744,,,,
sklearn,knn,heloc,binary,classification,ok,8367.0,2092.0,23.0,23.0,2.0,0.001,1.1371,2.1741,31.0996,203.9,0.6859464627151052,0.6856429852073502,0.6859065934065934,0.6856082943620829,0.6859065934065934,,,,
tuiml,knn,heloc,binary,classification,ok,8367.0,2092.0,23.0,23.0,2.0,0.0004,0.3641,0.4535,0.4535,307.2,0.6859464627151052,0.6856429852073502,0.6859065934065934,0.6856082943620829,0.6859065934065934,,,,
weka,knn,heloc,binary,classification,ok,8367.0,2092.0,23.0,23.0,2.0,0.0105,1.4637,4.0524,5.1305,303.3,0.6845124282982792,0.6840029587532224,0.6840695970695971,0.6839563931353598,0.6840695970695971,,,,
sklearn,logistic,heloc,binary,classification,ok,8367.0,2092.0,23.0,23.0,2.0,0.2296,0.0002,1.4955,5.8825,193.6,0.7194072657743786,0.7188027171629393,0.7187582417582417,0.7188554440387902,0.7187582417582417,,,,
tuiml,logistic,heloc,binary,classification,ok,8367.0,2092.0,23.0,23.0,2.0,0.0329,0.0001,0.1194,0.1194,307.2,0.7093690248565966,0.7092518344115024,0.7098589743589743,0.7094561740243122,0.7098589743589743,,,,
weka,logistic,heloc,binary,classification,ok,8367.0,2092.0,23.0,23.0,2.0,0.2922,0.1017,3.3602,4.5978,330.7,0.72131931166348,0.7207674775602905,0.7207582417582417,0.7207770441988192,0.7207582417582417,,,,
sklearn,mlp,heloc,binary,classification,ok,8367.0,2092.0,23.0,23.0,2.0,9.4533,0.0133,10.8508,11.1684,192.0,0.7112810707456979,0.7111532947097379,0.7117326007326007,0.7113238864028546,0.7117326007326007,,,,
tuiml,mlp,heloc,binary,classification,ok,8367.0,2092.0,23.0,23.0,2.0,4.5886,0.0012,4.6776,4.6773,329.5,0.7256214149139579,0.7244569028501356,0.7241630036630036,0.7253981525134068,0.7241630036630036,,,,
weka,mlp,heloc,binary,classification,ok,8367.0,2092.0,23.0,23.0,2.0,15.2828,0.1043,17.9293,19.2183,308.3,0.7026768642447419,0.7022414317044328,0.7057234432234432,0.708348790621754,0.7057234432234432,,,,
sklearn,naive_bayes,heloc,binary,classification,ok,8367.0,2092.0,23.0,23.0,2.0,0.003,0.0006,1.0542,5.1342,195.1,0.6835564053537285,0.6810893361777071,0.6887564102564103,0.6979627666113467,0.6887564102564103,,,,
tuiml,naive_bayes,heloc,binary,classification,ok,8367.0,2092.0,23.0,23.0,2.0,0.493,0.4012,0.9802,0.98,305.6,0.6835564053537285,0.6810893361777071,0.6887564102564103,0.6979627666113467,0.6887564102564103,,,,
weka,naive_bayes,heloc,binary,classification,ok,8367.0,2092.0,23.0,23.0,2.0,0.0672,0.1185,2.6554,3.7209,302.5,0.6763862332695985,0.6736082448092571,0.6817619047619048,0.6914030443734058,0.6817619047619048,,,,
sklearn,random_forest,heloc,binary,classification,ok,8367.0,2092.0,23.0,23.0,2.0,1.9296,0.0439,3.3531,5.7857,207.2,0.7222753346080306,0.7204509852220715,0.7201153846153847,0.7227700611777528,0.7201153846153847,,,,
tuiml,random_forest,heloc,binary,classification,ok,8367.0,2092.0,23.0,23.0,2.0,8.4605,0.0436,8.697,9.4103,505.0,0.7246653919694073,0.7227473823037568,0.722404761904762,0.7253491591601622,0.722404761904762,,,,
weka,random_forest,heloc,binary,classification,ok,8367.0,2092.0,23.0,23.0,2.0,3.3529,0.4206,6.2996,8.3813,849.2,0.7232313575525813,0.7214563391455822,0.7211153846153846,0.7236809560202877,0.7211153846153846,,,,
sklearn,svm,heloc,binary,classification,ok,8367.0,2092.0,23.0,23.0,2.0,3.0467,1.1359,5.5385,6.6715,370.1,0.7294455066921606,0.7282630547434032,0.7279523809523809,0.7292852589964371,0.7279523809523809,,,,
tuiml,svm,heloc,binary,classification,ok,8367.0,2092.0,23.0,23.0,2.0,6.6905,0.318,7.1006,7.1003,497.7,0.7299235181644359,0.7287602734932115,0.7284523809523809,0.7297494554881727,0.7284523809523809,,,,
weka,svm,heloc,binary,classification,ok,8367.0,2092.0,23.0,23.0,2.0,1.5259,0.1017,4.64,6.2863,310.2,0.7203632887189293,0.7195738086492582,0.7194212454212454,0.7198458377947887,0.7194212454212454,,,,
sklearn,decision_tree,in_vehicle_coupon_recommendation,binary,classification,ok,10147.0,2537.0,24.0,104.0,2.0,0.1416,0.0011,1.6431,4.6697,208.6,0.6886085928261726,0.6841627364883178,0.6851993996162103,0.6835895220851362,0.6851993996162103,,,,
tuiml,decision_tree,in_vehicle_coupon_recommendation,binary,classification,ok,10147.0,2537.0,24.0,104.0,2.0,0.3305,0.035,0.6356,0.6355,320.9,0.6870319274733938,0.6825635604705371,0.6835926763310725,0.6819967655176051,0.6835926763310725,,,,
weka,decision_tree,in_vehicle_coupon_recommendation,binary,classification,ok,10147.0,2537.0,24.0,104.0,2.0,1.7677,0.1429,7.5211,9.5616,842.0,0.6976744186046512,0.6882987341034082,0.6868013730295949,0.6917711807655048,0.6868013730295949,,,,
sklearn,knn,in_vehicle_coupon_recommendation,binary,classification,ok,10147.0,2537.0,24.0,104.0,2.0,0.0019,1.6648,3.3143,36.5765,213.4,0.6878202601497833,0.6781842922599096,0.6768142926807643,0.6814556331006979,0.6768142926807643,,,,
tuiml,knn,in_vehicle_coupon_recommendation,binary,classification,ok,10147.0,2537.0,24.0,104.0,2.0,0.0003,2.3476,2.6239,2.6238,319.9,0.686637761135199,0.6774579674198029,0.6762135922330097,0.6801693558726742,0.6762135922330097,,,,
weka,knn,in_vehicle_coupon_recommendation,binary,classification,ok,10147.0,2537.0,24.0,104.0,2.0,0.0122,5.0286,10.6556,11.8405,345.9,0.6949152542372882,0.6881007232822681,0.687560719193915,0.6888163137794949,0.687560719193915,,,,
sklearn,logistic,in_vehicle_coupon_recommendation,binary,classification,ok,10147.0,2537.0,24.0,104.0,2.0,1.608,0.0005,3.2664,54.8809,208.6,0.7087110760741032,0.6965441168734791,0.6943125035624038,0.7049272576445931,0.6943125035624038,,,,
tuiml,logistic,in_vehicle_coupon_recommendation,binary,classification,ok,10147.0,2537.0,24.0,104.0,2.0,0.0221,0.0007,0.2955,0.2955,327.6,0.7106819077650769,0.6987454508275223,0.6964857282186714,0.7069430362860192,0.6964857282186714,,,,
weka,logistic,in_vehicle_coupon_recommendation,binary,classification,ok,10147.0,2537.0,24.0,104.0,2.0,1.1764,0.1253,6.9524,8.7817,502.0,0.7098935750886874,0.6978256507188494,0.6955724862095389,0.7061640863359304,0.6955724862095389,,,,
sklearn,mlp,in_vehicle_coupon_recommendation,binary,classification,ok,10147.0,2537.0,24.0,104.0,2.0,218.089,0.0058,219.495,8063.4221,209.5,0.7520693732755223,0.7470894107470276,0.7468483017625192,0.7473502112596507,0.7468483017625192,,,,
tuiml,mlp,in_vehicle_coupon_recommendation,binary,classification,ok,10147.0,2537.0,24.0,104.0,2.0,10.0374,0.004,10.3109,10.3096,349.4,0.7564052029956642,0.7513710647302398,0.7509920898802399,0.7517980400727857,0.7509920898802399,,,,
weka,mlp,in_vehicle_coupon_recommendation,binary,classification,ok,10147.0,2537.0,24.0,104.0,2.0,346.096,0.2037,351.8662,353.8433,343.0,0.7189594008671659,0.7145872848396432,0.715414600472454,0.7140101752160629,0.715414600472454,,,,
sklearn,naive_bayes,in_vehicle_coupon_recommendation,binary,classification,ok,10147.0,2537.0,24.0,104.0,2.0,0.0096,0.002,1.152,4.8487,211.4,0.6511627906976745,0.6453789868990916,0.6457760973787041,0.6450913427657614,0.6457760973787041,,,,
tuiml,naive_bayes,in_vehicle_coupon_recommendation,binary,classification,ok,10147.0,2537.0,24.0,104.0,2.0,2.7279,2.2661,5.2694,5.2691,320.5,0.6511627906976745,0.6453789868990916,0.6457760973787041,0.6450913427657614,0.6457760973787041,,,,
weka,naive_bayes,in_vehicle_coupon_recommendation,binary,classification,ok,10147.0,2537.0,24.0,104.0,2.0,0.1743,0.2378,5.9301,7.1437,485.6,0.6862435947970044,0.6755299936630843,0.6739988853634284,0.6799895311693382,0.6739988853634284,,,,
sklearn,random_forest,in_vehicle_coupon_recommendation,binary,classification,ok,10147.0,2537.0,24.0,104.0,2.0,2.3525,0.1073,4.0663,6.0234,242.5,0.7709893575088688,0.7628502370456678,0.7598658002900588,0.7697415821927713,0.7598658002900588,,,,
tuiml,random_forest,in_vehicle_coupon_recommendation,binary,classification,ok,10147.0,2537.0,24.0,104.0,2.0,13.4398,0.0493,13.9731,15.4503,1365.1,0.773354355538037,0.7657877992747133,0.7630450477837099,0.7715943911080072,0.7630450477837099,,,,
weka,random_forest,in_vehicle_coupon_recommendation,binary,classification,ok,10147.0,2537.0,24.0,104.0,2.0,6.1149,0.8095,12.6448,15.0818,941.4,0.7717776901852582,0.7649627304794036,0.7627568888973331,0.7690128836066318,0.7627568888973331,,,,
sklearn,svm,in_vehicle_coupon_recommendation,binary,classification,ok,10147.0,2537.0,24.0,104.0,2.0,11.948,2.3253,15.8548,11.3105,399.3,0.7607410327158061,0.7518584124413126,0.7488726971038449,0.7593588093588093,0.7488726971038449,,,,
tuiml,svm,in_vehicle_coupon_recommendation,binary,classification,ok,10147.0,2537.0,24.0,104.0,2.0,23.9394,1.7482,25.9749,25.7982,512.3,0.7611351990540007,0.7524576765682178,0.749549078841538,0.7595429425829442,0.749549078841538,,,,
weka,svm,in_vehicle_coupon_recommendation,binary,classification,ok,10147.0,2537.0,24.0,104.0,2.0,140.6932,0.1299,147.0265,149.4406,385.6,0.7150177374852188,0.7025202364786459,0.7000801145035751,0.7121679885563085,0.7000801145035751,,,,
sklearn,decision_tree,jm1,binary,classification,ok,8708.0,2177.0,21.0,21.0,2.0,0.1465,0.0007,1.4825,4.4506,190.8,0.7423059255856683,0.6001679475532202,0.603699430253383,0.5973736888766954,0.603699430253383,,,,
tuiml,decision_tree,jm1,binary,classification,ok,8708.0,2177.0,21.0,21.0,2.0,0.1625,0.0298,0.2869,0.2868,305.5,0.7423059255856683,0.5994866411594157,0.6027965198383283,0.5968365495377025,0.6027965198383283,,,,
weka,decision_tree,jm1,binary,classification,ok,8708.0,2177.0,21.0,21.0,2.0,0.4964,0.1021,3.1155,4.604,361.4,0.793752870923289,0.5860910032118531,0.575998003452026,0.6337441261468,0.575998003452026,,,,
sklearn,knn,jm1,binary,classification,ok,8708.0,2177.0,21.0,21.0,2.0,0.0011,1.2511,2.7291,30.0754,198.2,0.7923748277446027,0.5973968374504521,0.585978714309676,0.6362307534035184,0.585978714309676,,,,
tuiml,knn,jm1,binary,classification,ok,8708.0,2177.0,21.0,21.0,2.0,0.0004,0.3586,0.4523,0.4523,303.0,0.7928341754708315,0.5987847820286024,0.587166362765733,0.6376129156256006,0.587166362765733,,,,
weka,knn,jm1,binary,classification,ok,8708.0,2177.0,21.0,21.0,2.0,0.0107,1.2228,3.7591,4.9854,315.2,0.7969683050068902,0.5909397764914739,0.5797969905691515,0.6422090225781412,0.5797969905691515,,,,
sklearn,logistic,jm1,binary,classification,ok,8708.0,2177.0,21.0,21.0,2.0,0.4007,0.0003,1.5782,5.6149,193.6,0.8112080845199816,0.5315963469889358,0.5407696178423214,0.6936744162136459,0.5407696178423214,,,,
tuiml,logistic,jm1,binary,classification,ok,8708.0,2177.0,21.0,21.0,2.0,0.0115,0.0001,0.1043,0.1043,306.5,0.8089113458888378,0.5182419004089692,0.5330255547319269,0.6778481934731935,0.5330255547319269,,,,
weka,logistic,jm1,binary,classification,ok,8708.0,2177.0,21.0,21.0,2.0,0.2828,0.1059,3.0846,4.2668,344.3,0.8121267799724391,0.5387408417009739,0.5449507355845449,0.6980865522174535,0.5449507355845449,,,,
sklearn,mlp,jm1,binary,classification,ok,8708.0,2177.0,21.0,21.0,2.0,10.486,0.0066,11.8815,10.2567,187.9,0.8167202572347267,0.5789174402387396,0.5703708763709359,0.7107579808783018,0.5703708763709359,,,,
tuiml,mlp,jm1,binary,classification,ok,8708.0,2177.0,21.0,21.0,2.0,5.2576,0.0018,5.3574,5.3357,329.3,0.8102893890675241,0.5405964421939549,0.5456176042506452,0.683450106619087,0.5456176042506452,,,,
weka,mlp,jm1,binary,classification,ok,8708.0,2177.0,21.0,21.0,2.0,13.4194,0.1063,16.0202,17.2894,301.6,0.8070739549839229,0.48954913914383336,0.5183429463420969,0.6626310234822863,0.5183429463420969,,,,
sklearn,naive_bayes,jm1,binary,classification,ok,8708.0,2177.0,21.0,21.0,2.0,0.003,0.0007,1.23,3.6847,192.8,0.8066146072576941,0.590219551507754,0.5785532061097615,0.6666250624063904,0.5785532061097615,,,,
tuiml,naive_bayes,jm1,binary,classification,ok,8708.0,2177.0,21.0,21.0,2.0,0.4724,0.4126,0.9798,0.9797,304.7,0.8066146072576941,0.590219551507754,0.5785532061097615,0.6666250624063904,0.5785532061097615,,,,
weka,naive_bayes,jm1,binary,classification,ok,8708.0,2177.0,21.0,21.0,2.0,0.0635,0.1174,2.6952,3.7472,311.3,0.8075333027101516,0.5910083653436149,0.579122682191766,0.66961520617062,0.579122682191766,,,,
sklearn,random_forest,jm1,binary,classification,ok,8708.0,2177.0,21.0,21.0,2.0,2.9482,0.0567,4.5275,5.8533,202.1,0.8167202572347267,0.6138157470617919,0.596555278407523,0.7006087313319581,0.596555278407523,,,,
tuiml,random_forest,jm1,binary,classification,ok,8708.0,2177.0,21.0,21.0,2.0,8.5971,0.0379,8.8071,9.501,479.7,0.8203950390445567,0.608266737232072,0.5916098994151034,0.7173864198085651,0.5916098994151034,,,,
weka,random_forest,jm1,binary,classification,ok,8708.0,2177.0,21.0,21.0,2.0,3.7161,0.3255,7.0729,9.244,840.5,0.8167202572347267,0.6170337434335106,0.5992640096526872,0.7001120770522917,0.5992640096526872,,,,
sklearn,svm,jm1,binary,classification,ok,8708.0,2177.0,21.0,21.0,2.0,2.551,0.5978,4.3969,5.7419,328.9,0.8112080845199816,0.5282693979595441,0.538963797012212,0.6953013763644993,0.538963797012212,,,,
tuiml,svm,jm1,binary,classification,ok,8708.0,2177.0,21.0,21.0,2.0,2.2429,0.2058,2.5595,2.5594,496.5,0.8107487367937529,0.5279605747895905,0.5386790589712097,0.6912343003892301,0.5386790589712097,,,,
weka,svm,jm1,binary,classification,ok,8708.0,2177.0,21.0,21.0,2.0,1.1614,0.1062,3.9636,5.3867,326.0,0.8079926504363804,0.4538948101205051,0.503562945368171,0.9038638454461821,0.503562945368171,,,,
sklearn,decision_tree,kddcup09_appetency,binary,classification,ok,40000.0,10000.0,212.0,626.0,2.0,8.9671,0.093,15.8373,12.653,884.4,0.9623,0.5226392453091075,0.5257247545638203,0.5204489911906791,0.5257247545638203,,,,
tuiml,decision_tree,kddcup09_appetency,binary,classification,ok,40000.0,10000.0,212.0,626.0,2.0,22.242,0.2091,27.3424,26.9884,966.0,0.9611,0.5213942315086232,0.525113881014645,0.5189758889045916,0.525113881014645,,,,
weka,decision_tree,kddcup09_appetency,binary,classification,ok,40000.0,10000.0,212.0,626.0,2.0,118.7496,0.4387,205.345,211.5474,1917.9,0.9822,0.4955100393502169,0.5,0.4911,0.5,,,,
sklearn,knn,kddcup09_appetency,binary,classification,ok,40000.0,10000.0,212.0,626.0,2.0,0.0165,12.7082,16.7316,16.7265,888.9,0.9821,0.4954845870541345,0.4999490938709021,0.4910991099109911,0.4999490938709021,,,,
tuiml,knn,kddcup09_appetency,binary,classification,ok,40000.0,10000.0,212.0,626.0,2.0,0.0011,249.9987,254.3935,254.3559,1011.1,0.9821,0.4954845870541345,0.4999490938709021,0.4910991099109911,0.4999490938709021,,,,
weka,knn,kddcup09_appetency,binary,classification,ok,40000.0,10000.0,212.0,626.0,2.0,0.056,794.8333,880.6351,883.2263,1844.7,0.9819,0.49543367475654676,0.4998472816127062,0.49109732919875965,0.4998472816127062,,,,
sklearn,logistic,kddcup09_appetency,binary,classification,ok,40000.0,10000.0,212.0,626.0,2.0,4.9595,0.0208,10.8906,150.3788,886.8,0.981,0.49520444220090865,0.49938912645082467,0.49108930716860233,0.49938912645082467,,,,
tuiml,logistic,kddcup09_appetency,binary,classification,ok,40000.0,10000.0,212.0,626.0,2.0,2.2985,0.0255,6.1108,6.1104,1004.5,0.9821,0.4954845870541345,0.4999490938709021,0.4910991099109911,0.4999490938709021,,,,
weka,logistic,kddcup09_appetency,binary,classification,ok,40000.0,10000.0,212.0,626.0,2.0,2429.8784,0.5086,2516.8568,2532.6134,2268.4,0.9804,0.4950515047465159,0.499083689676237,0.4910839511120016,0.499083689676237,,,,
sklearn,mlp,kddcup09_appetency,binary,classification,ok,40000.0,10000.0,212.0,626.0,2.0,513.4866,0.0096,518.0099,19774.5099,889.0,0.9752,0.5167952614761125,0.512985066772826,0.5279142628086898,0.512985066772826,,,,
tuiml,mlp,kddcup09_appetency,binary,classification,ok,40000.0,10000.0,212.0,626.0,2.0,7.0505,0.0591,10.8758,10.8739,1013.1,0.9822,0.4955100393502169,0.5,0.4911,0.5,,,,
weka,mlp,kddcup09_appetency,binary,classification,timeout,,,,,,,,,,,,,,,,,,,killed by per-job timeout (computation too slow to finish)
sklearn,naive_bayes,kddcup09_appetency,binary,classification,ok,40000.0,10000.0,212.0,626.0,2.0,0.4627,0.1187,8.4881,7.6084,884.3,0.1455,0.1344675687631584,0.5236358873338687,0.5036370274264944,0.5236358873338687,,,,
tuiml,naive_bayes,kddcup09_appetency,binary,classification,ok,40000.0,10000.0,212.0,626.0,2.0,64.8996,53.2441,123.0031,122.984,1011.2,0.1455,0.1344675687631584,0.5236358873338687,0.5036370274264944,0.5236358873338687,,,,
weka,naive_bayes,kddcup09_appetency,binary,classification,ok,40000.0,10000.0,212.0,626.0,2.0,2.0283,2.9604,90.5594,92.2118,1894.0,0.6413,0.4181364075456305,0.629850095749281,0.5098190084332168,0.629850095749281,,,,
sklearn,random_forest,kddcup09_appetency,binary,classification,ok,40000.0,10000.0,212.0,626.0,2.0,25.0447,0.7601,34.1367,21.5709,886.9,0.9822,0.4955100393502169,0.5,0.4911,0.5,,,,
tuiml,random_forest,kddcup09_appetency,binary,classification,ok,40000.0,10000.0,212.0,626.0,2.0,210.2028,0.6338,214.3524,415.9059,16289.2,0.9822,0.4955100393502169,0.5,0.4911,0.5,,,,
weka,random_forest,kddcup09_appetency,binary,classification,ok,40000.0,10000.0,212.0,626.0,2.0,50.0049,1.7306,138.5066,142.8585,1962.5,0.9822,0.4955100393502169,0.5,0.4911,0.5,,,,
sklearn,svm,kddcup09_appetency,binary,classification,ok,40000.0,10000.0,212.0,626.0,2.0,456.7702,77.0048,539.2415,355.095,887.3,0.9822,0.4955100393502169,0.5,0.4911,0.5,,,,
tuiml,svm,kddcup09_appetency,binary,classification,ok,40000.0,10000.0,212.0,626.0,2.0,1448.4879,41.1196,1493.8789,1493.6356,1010.6,0.9822,0.4955100393502169,0.5,0.4911,0.5,,,,
weka,svm,kddcup09_appetency,binary,classification,timeout,,,,,,,,,,,,,,,,,,,killed by per-job timeout (computation too slow to finish)
sklearn,decision_tree,online_shoppers_intention,binary,classification,ok,9864.0,2466.0,17.0,29.0,2.0,0.1111,0.0007,1.595,4.7588,190.6,0.8657745336577454,0.7508049839858026,0.7581008632211514,0.7442265839229871,0.7581008632211514,,,,
tuiml,decision_tree,online_shoppers_intention,binary,classification,ok,9864.0,2466.0,17.0,29.0,2.0,0.1234,0.0259,0.2741,0.2741,302.5,0.8661800486618005,0.7538177637947725,0.7636856729406799,0.7452118065938995,0.7636856729406799,,,,
weka,decision_tree,online_shoppers_intention,binary,classification,ok,9864.0,2466.0,17.0,29.0,2.0,0.5711,0.1118,3.4643,5.089,364.8,0.8998377939983779,0.7936503043063627,0.7729095275899147,0.8206482034933917,0.7729095275899147,,,,
sklearn,knn,online_shoppers_intention,binary,classification,ok,9864.0,2466.0,17.0,29.0,2.0,0.0014,1.2195,2.374,33.8482,204.3,0.8763179237631792,0.7167070628315735,0.6841655696355177,0.7817895438881084,0.6841655696355177,,,,
tuiml,knn,online_shoppers_intention,binary,classification,ok,9864.0,2466.0,17.0,29.0,2.0,0.0003,0.6062,0.7312,0.7312,302.5,0.8763179237631792,0.7167070628315735,0.6841655696355177,0.7817895438881084,0.6841655696355177,,,,
weka,knn,online_shoppers_intention,binary,classification,ok,9864.0,2466.0,17.0,29.0,2.0,0.0115,2.1992,5.7555,7.0803,315.2,0.8487429034874291,0.5956408492343132,0.5780566972495502,0.7002649143218097,0.5780566972495502,,,,
sklearn,logistic,online_shoppers_intention,binary,classification,ok,9864.0,2466.0,17.0,29.0,2.0,0.2617,0.0003,1.3937,5.0406,190.7,0.8844282238442822,0.7228084609265275,0.682550170332928,0.8192118875819577,0.682550170332928,,,,
tuiml,logistic,online_shoppers_intention,binary,classification,ok,9864.0,2466.0,17.0,29.0,2.0,0.0226,0.0002,0.1453,0.1452,302.9,0.8828061638280617,0.7138005992455818,0.6730386590427189,0.8200953635736244,0.6730386590427189,,,,
weka,logistic,online_shoppers_intention,binary,classification,ok,9864.0,2466.0,17.0,29.0,2.0,0.3747,0.1158,3.3373,4.6036,373.5,0.8856447688564477,0.7269420392059545,0.6864768719036086,0.8217090549747751,0.6864768719036086,,,,
sklearn,mlp,online_shoppers_intention,binary,classification,ok,9864.0,2466.0,17.0,29.0,2.0,21.6362,0.0133,23.1527,32.423,189.3,0.8921330089213301,0.7894791570385433,0.783316668509009,0.7961276075037288,0.783316668509009,,,,
tuiml,mlp,online_shoppers_intention,binary,classification,ok,9864.0,2466.0,17.0,29.0,2.0,5.747,0.0024,5.8738,5.8732,334.7,0.8953771289537713,0.7862504837877354,0.768132417521681,0.8091930680448689,0.768132417521681,,,,
weka,mlp,online_shoppers_intention,binary,classification,ok,9864.0,2466.0,17.0,29.0,2.0,27.3788,0.1253,30.3363,31.7407,318.2,0.8876723438767234,0.7861730350549607,0.7870913768327119,0.7852649512909003,0.7870913768327119,,,,
sklearn,naive_bayes,online_shoppers_intention,binary,classification,ok,9864.0,2466.0,17.0,29.0,2.0,0.0047,0.001,1.1089,4.66,193.1,0.6954582319545823,0.6220158964418838,0.7471272020178674,0.6343274206554312,0.7471272020178674,,,,
tuiml,naive_bayes,online_shoppers_intention,binary,classification,ok,9864.0,2466.0,17.0,29.0,2.0,0.7589,0.6592,1.5408,1.5408,302.5,0.6954582319545823,0.6220158964418838,0.7471272020178674,0.6343274206554312,0.7471272020178674,,,,
weka,naive_bayes,online_shoppers_intention,binary,classification,ok,9864.0,2466.0,17.0,29.0,2.0,0.0877,0.1678,3.6839,4.867,346.6,0.8150851581508516,0.7144398226447868,0.7740764840067932,0.69063799671478,0.7740764840067932,,,,
sklearn,random_forest,online_shoppers_intention,binary,classification,ok,9864.0,2466.0,17.0,29.0,2.0,1.5252,0.0536,3.153,5.2111,201.1,0.8986212489862125,0.7878258499355735,0.7636379395242737,0.8211476784468301,0.7636379395242737,,,,
tuiml,random_forest,online_shoppers_intention,binary,classification,ok,9864.0,2466.0,17.0,29.0,2.0,6.9512,0.028,7.1699,7.811,510.2,0.9002433090024331,0.7907069173710539,0.7656666097215383,0.8254755309325946,0.7656666097215383,,,,
weka,random_forest,online_shoppers_intention,binary,classification,ok,9864.0,2466.0,17.0,29.0,2.0,2.819,0.2863,6.2098,8.21,845.1,0.9034874290348743,0.7994834266035299,0.77613781391002,0.8307385385698638,0.77613781391002,,,,
sklearn,svm,online_shoppers_intention,binary,classification,ok,9864.0,2466.0,17.0,29.0,2.0,1.83,0.4337,3.8631,5.7881,308.0,0.8961881589618816,0.771391489756188,0.7376119223000472,0.8275792798658927,0.7376119223000472,,,,
tuiml,svm,online_shoppers_intention,binary,classification,ok,9864.0,2466.0,17.0,29.0,2.0,3.1378,0.2263,3.5001,3.4998,497.3,0.8961881589618816,0.771391489756188,0.7376119223000472,0.8275792798658927,0.7376119223000472,,,,
weka,svm,online_shoppers_intention,binary,classification,ok,9864.0,2466.0,17.0,29.0,2.0,16.542,0.1194,19.7154,21.5968,334.5,0.8872668288726683,0.7217237549684359,0.6778157691109525,0.840536652489367,0.6778157691109525,,,,
sklearn,decision_tree,polish_companies_bankruptcy,binary,classification,ok,4728.0,1182.0,64.0,64.0,2.0,0.9141,0.0005,2.1816,4.3401,200.9,0.9153976311336718,0.7053250897487037,0.7288248337028824,0.6873638344226579,0.7288248337028824,,,,
tuiml,decision_tree,polish_companies_bankruptcy,binary,classification,ok,4728.0,1182.0,64.0,64.0,2.0,0.5004,0.0139,0.639,0.639,313.8,0.9153976311336718,0.6930571713478477,0.7062527716186253,0.6819070713391739,0.7062527716186253,,,,
weka,decision_tree,polish_companies_bankruptcy,binary,classification,ok,4728.0,1182.0,64.0,64.0,2.0,0.5623,0.0577,3.2646,4.6459,340.8,0.9306260575296108,0.6928157604492844,0.6692904656319291,0.7268270944741533,0.6692904656319291,,,,
sklearn,knn,polish_companies_bankruptcy,binary,classification,ok,4728.0,1182.0,64.0,64.0,2.0,0.0043,0.8748,2.1832,19.0626,202.3,0.9323181049069373,0.5823321554770318,0.557339246119734,0.7468499427262314,0.557339246119734,,,,
tuiml,knn,polish_companies_bankruptcy,binary,classification,ok,4728.0,1182.0,64.0,64.0,2.0,0.0005,0.2854,0.4059,0.4059,313.5,0.9323181049069373,0.5823321554770318,0.557339246119734,0.7468499427262314,0.557339246119734,,,,
weka,knn,polish_companies_bankruptcy,binary,classification,ok,4728.0,1182.0,64.0,64.0,2.0,0.0065,0.773,3.3696,4.3907,311.9,0.9297800338409475,0.5538588170023511,0.5390465631929047,0.7011996572407884,0.5390465631929047,,,,
sklearn,logistic,polish_companies_bankruptcy,binary,classification,ok,4728.0,1182.0,64.0,64.0,2.0,0.3633,0.0002,1.6134,6.075,199.3,0.9255499153976311,0.5405653710247349,0.5311308203991131,0.634020618556701,0.5311308203991131,,,,
tuiml,logistic,polish_companies_bankruptcy,binary,classification,ok,4728.0,1182.0,64.0,64.0,2.0,0.018,0.0002,0.1393,0.1393,313.8,0.9255499153976311,0.512531633705127,0.5142017738359201,0.5912393162393162,0.5142017738359201,,,,
weka,logistic,polish_companies_bankruptcy,binary,classification,ok,4728.0,1182.0,64.0,64.0,2.0,1.2435,0.0591,3.9635,5.6146,486.7,0.9323181049069373,0.6250951535143365,0.5911973392461197,0.7380208333333333,0.5911973392461197,,,,
sklearn,mlp,polish_companies_bankruptcy,binary,classification,ok,4728.0,1182.0,64.0,64.0,2.0,23.3155,0.0158,24.7851,62.3022,201.2,0.9390862944162437,0.6788867591348838,0.6343348115299334,0.7937027341477603,0.6343348115299334,,,,
tuiml,mlp,polish_companies_bankruptcy,binary,classification,ok,4728.0,1182.0,64.0,64.0,2.0,3.0853,0.0011,3.2085,3.2083,315.9,0.9289340101522843,0.5696676548603526,0.5498780487804878,0.6935886402753872,0.5498780487804878,,,,
weka,mlp,polish_companies_bankruptcy,binary,classification,ok,4728.0,1182.0,64.0,64.0,2.0,60.9247,0.0826,63.6901,65.0411,312.8,0.9255499153976311,0.5222663139329806,0.5198447893569845,0.6094667318982387,0.5198447893569845,,,,
sklearn,naive_bayes,polish_companies_bankruptcy,binary,classification,ok,4728.0,1182.0,64.0,64.0,2.0,0.0029,0.0008,1.2818,3.7966,202.0,0.9238578680203046,0.5555425572806123,0.5415077605321508,0.6347150259067358,0.5415077605321508,,,,
tuiml,naive_bayes,polish_companies_bankruptcy,binary,classification,ok,4728.0,1182.0,64.0,64.0,2.0,0.7927,0.6825,1.5981,1.598,313.0,0.9238578680203046,0.5555425572806123,0.5415077605321508,0.6347150259067358,0.5415077605321508,,,,
weka,naive_bayes,polish_companies_bankruptcy,binary,classification,ok,4728.0,1182.0,64.0,64.0,2.0,0.1011,0.0863,3.1963,4.2874,307.9,0.922165820642978,0.5536840031520882,0.5405986696230599,0.621839233430929,0.5405986696230599,,,,
sklearn,random_forest,polish_companies_bankruptcy,binary,classification,ok,4728.0,1182.0,64.0,64.0,2.0,5.4593,0.0354,6.7185,7.5014,201.2,0.9416243654822335,0.6994948471461259,0.6526274944567627,0.8088363954505686,0.6526274944567627,,,,
tuiml,random_forest,polish_companies_bankruptcy,binary,classification,ok,4728.0,1182.0,64.0,64.0,2.0,10.2868,0.0364,10.4633,11.1768,496.3,0.9416243654822335,0.7129240159240265,0.6695565410199557,0.7989152741131633,0.6695565410199557,,,,
weka,random_forest,polish_companies_bankruptcy,binary,classification,ok,4728.0,1182.0,64.0,64.0,2.0,2.6167,0.1254,5.3797,7.4581,798.3,0.937394247038917,0.6699669468886307,0.6277827050997783,0.7793775450843514,0.6277827050997783,,,,
sklearn,svm,polish_companies_bankruptcy,binary,classification,ok,4728.0,1182.0,64.0,64.0,2.0,0.2033,0.0578,1.4641,4.6238,202.5,0.9314720812182741,0.5166961973558675,0.5173835920177383,0.7664401019541207,0.5173835920177383,,,,
tuiml,svm,polish_companies_bankruptcy,binary,classification,ok,4728.0,1182.0,64.0,64.0,2.0,0.3308,0.0537,0.5071,0.507,333.0,0.9314720812182741,0.5166961973558675,0.5173835920177383,0.7664401019541207,0.5173835920177383,,,,
weka,svm,polish_companies_bankruptcy,binary,classification,ok,4728.0,1182.0,64.0,64.0,2.0,0.6795,0.0647,3.3477,4.7484,316.9,0.9306260575296108,0.4820333041191937,0.5,0.4653130287648054,0.5,,,,
sklearn,decision_tree,qsar-biodeg,binary,classification,ok,843.0,211.0,41.0,41.0,2.0,0.0137,0.0003,1.0076,3.6973,184.5,0.8720379146919431,0.8551745176297125,0.8515090543259557,0.8593171534348005,0.8515090543259557,,,,
tuiml,decision_tree,qsar-biodeg,binary,classification,ok,843.0,211.0,41.0,41.0,2.0,0.0164,0.0017,0.0819,0.082,294.7,0.8672985781990521,0.8492549499897939,0.8444668008048289,0.8548922056384742,0.8444668008048289,,,,
weka,decision_tree,qsar-biodeg,binary,classification,ok,843.0,211.0,41.0,41.0,2.0,0.1651,0.0128,1.9477,2.8395,302.8,0.8815165876777251,0.8627624424382756,0.8517102615694165,0.8784368911019702,0.8517102615694165,,,,
sklearn,knn,qsar-biodeg,binary,classification,ok,843.0,211.0,41.0,41.0,2.0,0.0008,0.4275,2.2442,11.237,180.0,0.8767772511848341,0.8638574548342267,0.8689637826961771,0.8595588235294118,0.8689637826961771,,,,
tuiml,knn,qsar-biodeg,binary,classification,ok,843.0,211.0,41.0,41.0,2.0,0.0001,0.0065,0.0705,0.0705,294.7,0.8767772511848341,0.8638574548342267,0.8689637826961771,0.8595588235294118,0.8689637826961771,,,,
weka,knn,qsar-biodeg,binary,classification,ok,843.0,211.0,41.0,41.0,2.0,0.0019,0.071,1.5099,2.1686,304.4,0.8672985781990521,0.8524180655475619,0.8548792756539236,0.8501588246972405,0.8548792756539236,,,,
sklearn,logistic,qsar-biodeg,binary,classification,ok,843.0,211.0,41.0,41.0,2.0,0.1512,0.0002,1.4105,4.0358,181.8,0.8815165876777251,0.8638534004387664,0.8551810865191147,0.875265731292517,0.8551810865191147,,,,
tuiml,logistic,qsar-biodeg,binary,classification,ok,843.0,211.0,41.0,41.0,2.0,0.0095,0.0001,0.0729,0.0729,293.7,0.8672985781990521,0.8481077745783627,0.8409959758551308,0.8571654373024236,0.8409959758551308,,,,
weka,logistic,qsar-biodeg,binary,classification,ok,843.0,211.0,41.0,41.0,2.0,0.1204,0.013,1.874,2.7079,292.3,0.8862559241706162,0.870789957134109,0.8656941649899397,0.876762023217247,0.8656941649899397,,,,
sklearn,mlp,qsar-biodeg,binary,classification,ok,843.0,211.0,41.0,41.0,2.0,3.8072,0.0004,5.065,10.6818,183.7,0.8862559241706162,0.8717325227963526,0.8691649899396379,0.8745152071851399,0.8691649899396379,,,,
tuiml,mlp,qsar-biodeg,binary,classification,ok,843.0,211.0,41.0,41.0,2.0,0.4626,0.0002,0.5263,0.5263,295.2,0.8862559241706162,0.8717325227963526,0.8691649899396379,0.8745152071851399,0.8691649899396379,,,,
weka,mlp,qsar-biodeg,binary,classification,ok,843.0,211.0,41.0,41.0,2.0,4.5889,0.0141,5.945,6.8485,304.9,0.8815165876777251,0.8668635319653719,0.8655935613682093,0.8681864235055725,0.8655935613682093,,,,
sklearn,naive_bayes,qsar-biodeg,binary,classification,ok,843.0,211.0,41.0,41.0,2.0,0.0013,0.0002,1.1112,4.6225,182.0,0.6729857819905213,0.6728682170542635,0.7466297786720322,0.740343137254902,0.7466297786720322,,,,
tuiml,naive_bayes,qsar-biodeg,binary,classification,ok,843.0,211.0,41.0,41.0,2.0,0.0902,0.0765,0.2284,0.2284,293.8,0.6729857819905213,0.6728682170542635,0.7466297786720322,0.740343137254902,0.7466297786720322,,,,
weka,naive_bayes,qsar-biodeg,binary,classification,ok,843.0,211.0,41.0,41.0,2.0,0.027,0.0231,1.5827,2.2674,292.9,0.7867298578199052,0.7810446212383259,0.8219315895372233,0.7875112309074572,0.8219315895372233,,,,
sklearn,random_forest,qsar-biodeg,binary,classification,ok,843.0,211.0,41.0,41.0,2.0,0.2306,0.0095,1.4099,5.6729,185.4,0.9052132701421801,0.8888303477344572,0.8730382293762575,0.9134701159678857,0.8730382293762575,,,,
tuiml,random_forest,qsar-biodeg,binary,classification,ok,843.0,211.0,41.0,41.0,2.0,0.6735,0.0133,0.7764,0.8234,308.7,0.8957345971563981,0.8777133825079031,0.8624245472837022,0.9017060660124889,0.8624245472837022,,,,
weka,random_forest,qsar-biodeg,binary,classification,ok,843.0,211.0,41.0,41.0,2.0,0.3555,0.0284,1.9528,3.1046,363.8,0.909952606635071,0.8948348679205687,0.8800804828973843,0.9169977924944812,0.8800804828973843,,,,
sklearn,svm,qsar-biodeg,binary,classification,ok,843.0,211.0,41.0,41.0,2.0,0.0314,0.0057,1.1943,4.0623,183.6,0.8862559241706162,0.870789957134109,0.8656941649899397,0.876762023217247,0.8656941649899397,,,,
tuiml,svm,qsar-biodeg,binary,classification,ok,843.0,211.0,41.0,41.0,2.0,0.0175,0.0032,0.0849,0.0849,294.7,0.8862559241706162,0.870789957134109,0.8656941649899397,0.876762023217247,0.8656941649899397,,,,
weka,svm,qsar-biodeg,binary,classification,ok,843.0,211.0,41.0,41.0,2.0,0.0783,0.013,1.6953,2.4969,295.1,0.8530805687203792,0.8311782165440702,0.8233400402414487,0.841624149659864,0.8233400402414487,,,,
sklearn,decision_tree,seismic-bumps,binary,classification,ok,2067.0,517.0,15.0,21.0,2.0,0.0305,0.0002,1.4952,3.7666,182.4,0.8897485493230174,0.590281543274244,0.5992266471806114,0.5834955933592949,0.5992266471806114,,,,
tuiml,decision_tree,seismic-bumps,binary,classification,ok,2067.0,517.0,15.0,21.0,2.0,0.0177,0.0047,0.0968,0.0968,293.7,0.8955512572533849,0.6070101351351351,0.6160029229082937,0.5998427672955975,0.6160029229082937,,,,
weka,decision_tree,seismic-bumps,binary,classification,ok,2067.0,517.0,15.0,21.0,2.0,0.1292,0.0244,1.7286,2.6761,306.2,0.9342359767891683,0.483,0.5,0.4671179883945841,0.5,,,,
sklearn,knn,seismic-bumps,binary,classification,ok,2067.0,517.0,15.0,21.0,2.0,0.0006,0.7309,2.0539,16.8134,187.3,0.9284332688588007,0.5876393110435664,0.5652478382657411,0.663537851037851,0.5652478382657411,,,,
tuiml,knn,seismic-bumps,binary,classification,ok,2067.0,517.0,15.0,21.0,2.0,0.0001,0.0211,0.0964,0.0964,294.7,0.9284332688588007,0.5876393110435664,0.5652478382657411,0.663537851037851,0.5652478382657411,,,,
weka,knn,seismic-bumps,binary,classification,ok,2067.0,517.0,15.0,21.0,2.0,0.0041,0.1547,1.806,2.7071,306.4,0.9381044487427466,0.6202020202020202,0.5840945073681646,0.7723865877712032,0.5840945073681646,,,,
sklearn,logistic,seismic-bumps,binary,classification,ok,2067.0,517.0,15.0,21.0,2.0,0.4664,0.0002,1.5925,4.6138,182.9,0.9323017408123792,0.5336941115835588,0.5263061746437705,0.66875,0.5263061746437705,,,,
tuiml,logistic,seismic-bumps,binary,classification,ok,2067.0,517.0,15.0,21.0,2.0,0.0073,0.0001,0.083,0.083,294.7,0.9342359767891683,0.5355633058549989,0.5273413713311411,0.7188109161793372,0.5273413713311411,,,,
weka,logistic,seismic-bumps,binary,classification,ok,2067.0,517.0,15.0,21.0,2.0,0.1384,0.0269,1.7547,2.6632,295.6,0.9323017408123792,0.5336941115835588,0.5263061746437705,0.66875,0.5263061746437705,,,,
sklearn,mlp,seismic-bumps,binary,classification,ok,2067.0,517.0,15.0,21.0,2.0,1.7408,0.0045,3.0093,5.8992,181.8,0.9284332688588007,0.5701831254915178,0.5515771526001705,0.6521739130434783,0.5515771526001705,,,,
tuiml,mlp,seismic-bumps,binary,classification,ok,2067.0,517.0,15.0,21.0,2.0,0.9111,0.0003,0.9859,0.9858,300.7,0.9342359767891683,0.5781009984639016,0.5546827426622822,0.7205304518664047,0.5546827426622822,,,,
weka,mlp,seismic-bumps,binary,classification,ok,2067.0,517.0,15.0,21.0,2.0,3.4069,0.0279,5.2066,6.2499,290.8,0.9284332688588007,0.5876393110435664,0.5652478382657411,0.663537851037851,0.5652478382657411,,,,
sklearn,naive_bayes,seismic-bumps,binary,classification,ok,2067.0,517.0,15.0,21.0,2.0,0.0015,0.0003,1.8776,4.0485,182.4,0.07930367504835589,0.07747788274104064,0.47990500548045306,0.4407114624505929,0.47990500548045306,,,,
tuiml,naive_bayes,seismic-bumps,binary,classification,ok,2067.0,517.0,15.0,21.0,2.0,0.1128,0.0967,0.2849,0.2849,294.7,0.07930367504835589,0.07747788274104064,0.47990500548045306,0.4407114624505929,0.47990500548045306,,,,
weka,naive_bayes,seismic-bumps,binary,classification,ok,2067.0,517.0,15.0,21.0,2.0,0.0313,0.0387,1.641,2.48,304.1,0.8762088974854932,0.6392813535670678,0.7013457556935818,0.6140487030905077,0.7013457556935818,,,,
sklearn,random_forest,seismic-bumps,binary,classification,ok,2067.0,517.0,15.0,21.0,2.0,0.2982,0.0118,1.3476,4.6864,186.9,0.9342359767891683,0.5107437096415052,0.5136706856655705,0.7179611650485437,0.5136706856655705,,,,
tuiml,random_forest,seismic-bumps,binary,classification,ok,2067.0,517.0,15.0,21.0,2.0,0.9351,0.0102,1.0497,1.1226,326.7,0.9342359767891683,0.483,0.5,0.4671179883945841,0.5,,,,
weka,random_forest,seismic-bumps,binary,classification,ok,2067.0,517.0,15.0,21.0,2.0,0.5818,0.0622,2.2103,3.674,452.5,0.941972920696325,0.5902029169308813,0.5588235294117647,0.9707602339181287,0.5588235294117647,,,,
sklearn,svm,seismic-bumps,binary,classification,ok,2067.0,517.0,15.0,21.0,2.0,0.0807,0.0261,1.3499,4.6981,183.5,0.9342359767891683,0.483,0.5,0.4671179883945841,0.5,,,,
tuiml,svm,seismic-bumps,binary,classification,ok,2067.0,517.0,15.0,21.0,2.0,0.0661,0.0057,0.1473,0.1473,301.7,0.9342359767891683,0.483,0.5,0.4671179883945841,0.5,,,,
weka,svm,seismic-bumps,binary,classification,ok,2067.0,517.0,15.0,21.0,2.0,0.3175,0.0277,2.031,3.1469,310.5,0.9342359767891683,0.483,0.5,0.4671179883945841,0.5,,,,
sklearn,decision_tree,taiwanese_bankruptcy_prediction,binary,classification,ok,5455.0,1364.0,94.0,94.0,2.0,0.6993,0.0006,1.8626,7.5265,210.7,0.9508797653958945,0.634645291542567,0.6450757575757575,0.6258306826157729,0.6450757575757575,,,,
tuiml,decision_tree,taiwanese_bankruptcy_prediction,binary,classification,ok,5455.0,1364.0,94.0,94.0,2.0,0.7057,0.0151,0.9228,0.9227,330.0,0.9545454545454546,0.6278013485203247,0.625,0.6307542684244651,0.625,,,,
weka,decision_tree,taiwanese_bankruptcy_prediction,binary,classification,ok,5455.0,1364.0,94.0,94.0,2.0,0.5206,0.0643,4.1348,5.3829,359.0,0.9574780058651027,0.6437936748072906,0.6375,0.6507930513595166,0.6375,,,,
sklearn,knn,taiwanese_bankruptcy_prediction,binary,classification,ok,5455.0,1364.0,94.0,94.0,2.0,0.0024,0.9117,2.0452,26.238,217.0,0.967741935483871,0.625087456271864,0.5878787878787879,0.736646884272997,0.5878787878787879,,,,
tuiml,knn,taiwanese_bankruptcy_prediction,binary,classification,ok,5455.0,1364.0,94.0,94.0,2.0,0.0013,0.6094,0.8155,0.8154,330.2,0.967741935483871,0.625087456271864,0.5878787878787879,0.736646884272997,0.5878787878787879,,,,
weka,knn,taiwanese_bankruptcy_prediction,binary,classification,ok,5455.0,1364.0,94.0,94.0,2.0,0.0078,1.4338,4.943,6.0566,326.6,0.967741935483871,0.5517849141150112,0.5329545454545455,0.7349042709867453,0.5329545454545455,,,,
sklearn,logistic,taiwanese_bankruptcy_prediction,binary,classification,ok,5455.0,1364.0,94.0,94.0,2.0,1.1262,0.0004,2.4756,53.073,217.6,0.9706744868035191,0.6699174793698425,0.6223484848484848,0.7932970117219746,0.6223484848484848,,,,
tuiml,logistic,taiwanese_bankruptcy_prediction,binary,classification,ok,5455.0,1364.0,94.0,94.0,2.0,0.0329,0.0003,0.239,0.239,329.7,0.9699413489736071,0.619603441825664,0.578030303030303,0.8045084996304508,0.578030303030303,,,,
weka,logistic,taiwanese_bankruptcy_prediction,binary,classification,ok,5455.0,1364.0,94.0,94.0,2.0,1.6835,0.0684,5.2146,7.212,550.1,0.967741935483871,0.6369092273068268,0.5988636363636364,0.736998514115899,0.5988636363636364,,,,
sklearn,mlp,taiwanese_bankruptcy_prediction,binary,classification,ok,5455.0,1364.0,94.0,94.0,2.0,63.6261,0.0431,64.924,237.0496,217.3,0.9633431085043989,0.652742418379193,0.6295454545454545,0.6880059970014993,0.6295454545454545,,,,
tuiml,mlp,taiwanese_bankruptcy_prediction,binary,classification,ok,5455.0,1364.0,94.0,94.0,2.0,4.6661,0.0022,4.8726,4.8724,329.6,0.967008797653959,0.6344143661216832,0.5984848484848485,0.723830952846801,0.5984848484848485,,,,
weka,mlp,taiwanese_bankruptcy_prediction,binary,classification,ok,5455.0,1364.0,94.0,94.0,2.0,150.0639,0.1047,153.7669,155.2653,332.0,0.967008797653959,0.6915190350546552,0.6643939393939394,0.7310577644411103,0.6643939393939394,,,,
sklearn,naive_bayes,taiwanese_bankruptcy_prediction,binary,classification,ok,5455.0,1364.0,94.0,94.0,2.0,0.0055,0.0011,1.2512,5.7222,215.3,0.21334310850439883,0.19405718691061277,0.5496212121212121,0.5101911278487951,0.5496212121212121,,,,
tuiml,naive_bayes,taiwanese_bankruptcy_prediction,binary,classification,ok,5455.0,1364.0,94.0,94.0,2.0,1.3177,1.158,2.6758,2.6756,330.3,0.21334310850439883,0.19405718691061277,0.5496212121212121,0.5101911278487951,0.5496212121212121,,,,
weka,naive_bayes,taiwanese_bankruptcy_prediction,binary,classification,ok,5455.0,1364.0,94.0,94.0,2.0,0.1313,0.1138,3.7674,4.8757,344.5,0.34457478005865105,0.2868712104199416,0.6284090909090909,0.5185234859322843,0.6284090909090909,,,,
sklearn,random_forest,taiwanese_bankruptcy_prediction,binary,classification,ok,5455.0,1364.0,94.0,94.0,2.0,2.9979,0.0294,4.2412,7.6282,217.4,0.969208211143695,0.6032577079697499,0.5666666666666667,0.7859675036927622,0.5666666666666667,,,,
tuiml,random_forest,taiwanese_bankruptcy_prediction,binary,classification,ok,5455.0,1364.0,94.0,94.0,2.0,9.173,0.0386,9.4443,10.4416,653.8,0.9714076246334311,0.650594100376362,0.6007575757575757,0.8332004782781985,0.6007575757575757,,,,
weka,random_forest,taiwanese_bankruptcy_prediction,binary,classification,ok,5455.0,1364.0,94.0,94.0,2.0,2.0286,0.1188,6.3097,8.4127,687.4,0.9743401759530792,0.6752712308267863,0.6132575757575758,0.941980783444198,0.6132575757575758,,,,
sklearn,svm,taiwanese_bankruptcy_prediction,binary,classification,ok,5455.0,1364.0,94.0,94.0,2.0,0.2726,0.1502,1.678,5.6225,215.7,0.967741935483871,0.4918032786885246,0.5,0.4838709677419355,0.5,,,,
tuiml,svm,taiwanese_bankruptcy_prediction,binary,classification,ok,5455.0,1364.0,94.0,94.0,2.0,0.439,0.0835,0.7228,0.7228,334.7,0.967741935483871,0.4918032786885246,0.5,0.4838709677419355,0.5,,,,
weka,svm,taiwanese_bankruptcy_prediction,binary,classification,ok,5455.0,1364.0,94.0,94.0,2.0,1.0771,0.0712,4.8246,6.4543,338.7,0.967008797653959,0.49161386507640703,0.49962121212121213,0.4838591342626559,0.49962121212121213,,,,
sklearn,decision_tree,MIC,multiclass,classification,ok,1359.0,340.0,111.0,111.0,8.0,0.095,0.0002,1.2861,5.8029,190.4,0.7852941176470588,0.21758625984701946,0.2208041958041958,0.216360513739546,0.2208041958041958,,,,
tuiml,decision_tree,MIC,multiclass,classification,ok,1359.0,340.0,111.0,111.0,8.0,0.0609,0.0051,0.1495,0.1494,303.8,0.7794117647058824,0.21952155250520974,0.22307692307692306,0.2231227106227106,0.22307692307692306,,,,
weka,decision_tree,MIC,multiclass,classification,ok,1359.0,340.0,111.0,111.0,8.0,0.4562,0.0182,2.5612,3.8529,353.7,0.8558823529411764,0.18194001738626486,0.1743881118881119,0.2028831269349845,0.1743881118881119,,,,
sklearn,knn,MIC,multiclass,classification,ok,1359.0,340.0,111.0,111.0,8.0,0.0013,0.5488,1.9884,13.0061,188.5,0.8558823529411764,0.16143317230273752,0.1534090909090909,0.23171641791044778,0.1534090909090909,,,,
tuiml,knn,MIC,multiclass,classification,ok,1359.0,340.0,111.0,111.0,8.0,0.0003,0.046,0.1306,0.1306,302.2,0.8558823529411764,0.16143317230273752,0.1534090909090909,0.23171641791044778,0.1534090909090909,,,,
weka,knn,MIC,multiclass,classification,ok,1359.0,340.0,111.0,111.0,8.0,0.0029,0.2623,2.2211,3.1754,298.6,0.8470588235294118,0.1445498392282958,0.14160839160839161,0.2310267857142857,0.14160839160839161,,,,
sklearn,logistic,MIC,multiclass,classification,ok,1359.0,340.0,111.0,111.0,8.0,1.4379,0.0003,2.7696,13.3889,190.7,0.8058823529411765,0.21431655563779917,0.20769230769230768,0.2233818868844466,0.20769230769230768,,,,
tuiml,logistic,MIC,multiclass,classification,ok,1359.0,340.0,111.0,111.0,8.0,0.063,0.0001,0.1468,0.1469,303.8,0.8352941176470589,0.21338239238991374,0.20638111888111887,0.22551049755536381,0.20638111888111887,,,,
weka,logistic,MIC,multiclass,classification,ok,1359.0,340.0,111.0,111.0,8.0,40.7243,0.0249,42.7824,47.1599,833.5,0.7088235294117647,0.1709210927960928,0.17285839160839161,0.18493589743589742,0.17285839160839161,,,,
sklearn,mlp,MIC,multiclass,classification,ok,1359.0,340.0,111.0,111.0,8.0,46.4392,0.0092,47.7688,1276.3424,189.2,0.8441176470588235,0.21916463954002655,0.2076923076923077,0.2388501213592233,0.2076923076923077,,,,
tuiml,mlp,MIC,multiclass,classification,ok,1359.0,340.0,111.0,111.0,8.0,1.2962,0.0004,1.3805,1.3805,303.8,0.8529411764705882,0.2571550572278526,0.2230769230769231,0.3796536796536797,0.2230769230769231,,,,
weka,mlp,MIC,multiclass,classification,ok,1359.0,340.0,111.0,111.0,8.0,57.5127,0.0336,60.0039,61.1588,299.9,0.8470588235294118,0.20694142851603398,0.20017482517482516,0.22020123839009287,0.20017482517482516,,,,
sklearn,naive_bayes,MIC,multiclass,classification,ok,1359.0,340.0,111.0,111.0,8.0,0.0034,0.0011,1.1944,3.938,192.2,0.03823529411764706,0.02768729026211567,0.1283653846153846,0.1207496804270998,0.1283653846153846,,,,
tuiml,naive_bayes,MIC,multiclass,classification,ok,1359.0,340.0,111.0,111.0,8.0,0.3938,1.3495,1.8256,1.8256,303.8,0.03823529411764706,0.02768729026211567,0.1283653846153846,0.1207496804270998,0.1283653846153846,,,,
weka,naive_bayes,MIC,multiclass,classification,ok,1359.0,340.0,111.0,111.0,8.0,0.0543,0.121,2.2127,3.1199,415.0,0.7205882352941176,0.272692094490875,0.3313374125874126,0.26133360426123586,0.3313374125874126,,,,
sklearn,random_forest,MIC,multiclass,classification,ok,1359.0,340.0,111.0,111.0,8.0,0.4047,0.0225,1.4943,6.4136,189.6,0.861764705882353,0.17999424896742824,0.1700174825174825,0.2187395099026519,0.1700174825174825,,,,
tuiml,random_forest,MIC,multiclass,classification,ok,1359.0,340.0,111.0,111.0,8.0,1.5804,0.0197,1.7106,1.8599,395.4,0.861764705882353,0.17999424896742824,0.1700174825174825,0.2187395099026519,0.1700174825174825,,,,
weka,random_forest,MIC,multiclass,classification,ok,1359.0,340.0,111.0,111.0,8.0,0.7169,0.0511,2.9295,4.5904,582.2,0.861764705882353,0.17999424896742824,0.1700174825174825,0.2187395099026519,0.1700174825174825,,,,
sklearn,svm,MIC,multiclass,classification,ok,1359.0,340.0,111.0,111.0,8.0,0.23,0.0451,1.8668,3.9161,190.4,0.8647058823529412,0.18236245954692556,0.17045454545454547,0.23268072289156627,0.17045454545454547,,,,
tuiml,svm,MIC,multiclass,classification,ok,1359.0,340.0,111.0,111.0,8.0,0.2741,0.1061,0.4651,0.4651,303.8,0.8647058823529412,0.18236245954692556,0.17045454545454547,0.23268072289156627,0.17045454545454547,,,,
weka,svm,MIC,multiclass,classification,ok,1359.0,340.0,111.0,111.0,8.0,0.6453,0.0343,3.2227,4.5417,717.0,0.8558823529411764,0.18043068957401742,0.1743881118881119,0.19635154565061108,0.1743881118881119,,,,
sklearn,decision_tree,SDSS17,multiclass,classification,ok,62442.0,15611.0,11.0,11.0,3.0,3.7197,0.0062,6.1232,4.7184,232.1,0.9620780219076293,0.9549193450506607,0.9567436290329537,0.9531637248904122,0.9567436290329537,,,,
tuiml,decision_tree,SDSS17,multiclass,classification,ok,62442.0,15611.0,11.0,11.0,3.0,1.2694,0.2334,1.7438,1.7437,344.5,0.9621420793030555,0.9550011464798943,0.9568627191841984,0.9532106020788773,0.9568627191841984,,,,
weka,decision_tree,SDSS17,multiclass,classification,ok,62442.0,15611.0,11.0,11.0,3.0,1.7939,0.7049,9.5368,11.3587,627.6,0.9732240087118058,0.9679877069620528,0.96564837837694,0.9705760090842667,0.96564837837694,,,,
sklearn,knn,SDSS17,multiclass,classification,ok,62442.0,15611.0,11.0,11.0,3.0,0.1385,2.0526,3.5614,6.1253,232.2,0.9044263660239574,0.8880173231237661,0.8644469168974588,0.917724730648367,0.8644469168974588,,,,
tuiml,knn,SDSS17,multiclass,classification,ok,62442.0,15611.0,11.0,11.0,3.0,0.0022,10.7111,10.9541,10.9538,344.8,0.9044263660239574,0.8880173231237661,0.8644469168974588,0.917724730648367,0.8644469168974588,,,,
weka,knn,SDSS17,multiclass,classification,ok,62442.0,15611.0,11.0,11.0,3.0,0.0565,32.9975,40.6227,42.0767,446.8,0.8540772532188842,0.8217654871309724,0.7839105414828073,0.8802107830124183,0.7839105414828073,,,,
sklearn,logistic,SDSS17,multiclass,classification,ok,62442.0,15611.0,11.0,11.0,3.0,3.0138,0.0008,4.354,30.5899,233.1,0.95375056050221,0.944536132993564,0.9408939466142247,0.9500296220095161,0.9408939466142247,,,,
tuiml,logistic,SDSS17,multiclass,classification,ok,62442.0,15611.0,11.0,11.0,3.0,1.1197,0.0007,1.3689,1.3688,344.1,0.8902056242393185,0.8692604351482075,0.83758524794244,0.9127156161416505,0.83758524794244,,,,
weka,logistic,SDSS17,multiclass,classification,ok,62442.0,15611.0,11.0,11.0,3.0,3.779,0.6989,11.6636,13.8784,881.5,0.9616296201396451,0.9534958110250283,0.9480451582732918,0.9599470180648145,0.9480451582732918,,,,
sklearn,mlp,SDSS17,multiclass,classification,ok,62442.0,15611.0,11.0,11.0,3.0,57.3916,0.0361,58.7575,46.3841,233.7,0.9718147460124271,0.9666627046334378,0.9659228434808945,0.9676221167739852,0.9659228434808945,,,,
tuiml,mlp,SDSS17,multiclass,classification,ok,62442.0,15611.0,11.0,11.0,3.0,55.5362,0.0117,55.7962,55.7868,519.4,0.9500992889629107,0.9410202121781776,0.9352058258694842,0.9489423958128486,0.9352058258694842,,,,
weka,mlp,SDSS17,multiclass,classification,ok,62442.0,15611.0,11.0,11.0,3.0,44.6932,0.7248,52.9649,54.6445,434.5,0.967330728332586,0.9611976528258168,0.9601400086780907,0.9626545787072537,0.9601400086780907,,,,
sklearn,naive_bayes,SDSS17,multiclass,classification,ok,62442.0,15611.0,11.0,11.0,3.0,0.0256,0.0037,2.3831,3.1536,231.6,0.73653193261162,0.6069265563030386,0.638574525664137,0.7958408243235295,0.638574525664137,,,,
tuiml,naive_bayes,SDSS17,multiclass,classification,ok,62442.0,15611.0,11.0,11.0,3.0,1.7768,2.3167,4.3347,4.3344,344.3,0.7365959900070463,0.6069684570624935,0.6386095286393899,0.7965053683947442,0.6386095286393899,,,,
weka,naive_bayes,SDSS17,multiclass,classification,ok,62442.0,15611.0,11.0,11.0,3.0,0.2004,0.8166,8.0889,9.3673,556.4,0.7363397604253411,0.6067129999980162,0.6383854295623866,0.7956252150369917,0.6383854295623866,,,,
sklearn,random_forest,SDSS17,multiclass,classification,ok,62442.0,15611.0,11.0,11.0,3.0,49.2059,0.2318,51.9105,26.8953,233.7,0.9776439689962206,0.9729770078160144,0.9699574803265208,0.9761995707176826,0.9699574803265208,,,,
tuiml,random_forest,SDSS17,multiclass,classification,ok,62442.0,15611.0,11.0,11.0,3.0,39.8009,0.1893,40.4076,45.8681,981.1,0.9778361411824995,0.9731616286278276,0.9698943149002964,0.9766439103712591,0.9698943149002964,,,,
weka,random_forest,SDSS17,multiclass,classification,ok,62442.0,15611.0,11.0,11.0,3.0,28.1062,1.7457,36.8362,39.764,915.9,0.9779642559733521,0.9733308866037129,0.970216582378777,0.9766429126892878,0.970216582378777,,,,
sklearn,svm,SDSS17,multiclass,classification,ok,62442.0,15611.0,11.0,11.0,3.0,37.7005,13.7635,52.7953,40.3169,420.3,0.9582345781820512,0.9511870224692736,0.9484217530428181,0.9554447953552748,0.9484217530428181,,,,
tuiml,svm,SDSS17,multiclass,classification,ok,62442.0,15611.0,11.0,11.0,3.0,111.6941,3.431,115.3714,115.3622,515.5,0.9582345781820512,0.9511870224692736,0.9484217530428181,0.9554447953552748,0.9484217530428181,,,,
weka,svm,SDSS17,multiclass,classification,ok,62442.0,15611.0,11.0,11.0,3.0,97.6832,0.7285,105.3465,108.2291,532.5,0.9356223175965666,0.9243136375418365,0.9132617403052866,0.9384686597693571,0.9132617403052866,,,,
sklearn,decision_tree,anneal,multiclass,classification,ok,718.0,180.0,38.0,81.0,5.0,0.003,0.0003,1.2863,4.7251,183.7,0.9944444444444445,0.9326060606060607,0.9,0.9985507246376812,0.9,,,,
tuiml,decision_tree,anneal,multiclass,classification,ok,718.0,180.0,38.0,81.0,5.0,0.0056,0.0008,0.1016,0.1016,294.7,0.9944444444444445,0.9326060606060607,0.9,0.9985507246376812,0.9,,,,
weka,decision_tree,anneal,multiclass,classification,ok,718.0,180.0,38.0,81.0,5.0,0.0929,0.0114,2.1826,2.9769,307.8,0.9944444444444445,0.9875026933850464,0.9985401459854014,0.9777777777777779,0.9985401459854014,,,,
sklearn,knn,anneal,multiclass,classification,ok,718.0,180.0,38.0,81.0,5.0,0.0007,0.3847,1.5654,11.4597,183.6,0.9833333333333333,0.9143496697949253,0.8831555306007861,0.9803583278035835,0.8831555306007861,,,,
tuiml,knn,anneal,multiclass,classification,ok,718.0,180.0,38.0,81.0,5.0,0.0001,0.0092,0.1019,0.1019,295.0,0.9833333333333333,0.9143496697949253,0.8831555306007861,0.9803583278035835,0.8831555306007861,,,,
weka,knn,anneal,multiclass,classification,ok,718.0,180.0,38.0,81.0,5.0,0.0026,0.0768,1.89,2.7282,307.8,0.9888888888888889,0.9772173913043478,0.9596153846153846,0.9971223021582734,0.9596153846153846,,,,
sklearn,logistic,anneal,multiclass,classification,ok,718.0,180.0,38.0,81.0,5.0,0.2231,0.0002,1.2706,5.628,183.6,0.9944444444444445,0.9943893504869115,0.9985401459854014,0.9904761904761905,0.9985401459854014,,,,
tuiml,logistic,anneal,multiclass,classification,ok,718.0,180.0,38.0,81.0,5.0,0.0294,0.0001,0.1259,0.1259,294.9,0.9888888888888889,0.9803287638715803,0.9735401459854014,0.9890163364615919,0.9735401459854014,,,,
weka,logistic,anneal,multiclass,classification,ok,718.0,180.0,38.0,81.0,5.0,0.6654,0.0148,2.3688,4.0292,463.6,1.0,1.0,1.0,1.0,1.0,,,,
sklearn,mlp,anneal,multiclass,classification,ok,718.0,180.0,38.0,81.0,5.0,4.7188,0.0008,5.838,25.6335,182.8,1.0,1.0,1.0,1.0,1.0,,,,
tuiml,mlp,anneal,multiclass,classification,ok,718.0,180.0,38.0,81.0,5.0,0.5715,0.0002,0.6642,0.6642,295.7,1.0,1.0,1.0,1.0,1.0,,,,
weka,mlp,anneal,multiclass,classification,ok,718.0,180.0,38.0,81.0,5.0,15.8827,0.0163,17.5039,18.5002,294.9,1.0,1.0,1.0,1.0,1.0,,,,
sklearn,naive_bayes,anneal,multiclass,classification,ok,718.0,180.0,38.0,81.0,5.0,0.0014,0.0004,1.1773,4.408,183.7,0.9555555555555556,0.929915698336751,0.9883211678832117,0.8961038961038961,0.9883211678832117,,,,
tuiml,naive_bayes,anneal,multiclass,classification,ok,718.0,180.0,38.0,81.0,5.0,0.1504,0.3192,0.5632,0.5628,291.8,0.9555555555555556,0.929915698336751,0.9883211678832117,0.8961038961038961,0.9883211678832117,,,,
weka,naive_bayes,anneal,multiclass,classification,ok,718.0,180.0,38.0,81.0,5.0,0.0356,0.0473,1.741,2.5414,313.5,0.9055555555555556,0.878933437419953,0.9751824817518248,0.8428571428571429,0.9751824817518248,,,,
sklearn,random_forest,anneal,multiclass,classification,ok,718.0,180.0,38.0,81.0,5.0,0.2078,0.0188,1.5195,4.4728,186.5,1.0,1.0,1.0,1.0,1.0,,,,
tuiml,random_forest,anneal,multiclass,classification,ok,718.0,180.0,38.0,81.0,5.0,0.3993,0.0048,0.5146,0.5546,321.5,1.0,1.0,1.0,1.0,1.0,,,,
weka,random_forest,anneal,multiclass,classification,ok,718.0,180.0,38.0,81.0,5.0,0.3162,0.0248,1.8996,3.0129,360.8,1.0,1.0,1.0,1.0,1.0,,,,
sklearn,svm,anneal,multiclass,classification,ok,718.0,180.0,38.0,81.0,5.0,0.0133,0.0037,1.0054,4.6862,183.0,0.9777777777777777,0.7749610389610389,0.7735401459854014,0.7789196310935441,0.7735401459854014,,,,
tuiml,svm,anneal,multiclass,classification,ok,718.0,180.0,38.0,81.0,5.0,0.0213,0.0057,0.1191,0.1191,293.2,0.9777777777777777,0.7749610389610389,0.7735401459854014,0.7789196310935441,0.7735401459854014,,,,
weka,svm,anneal,multiclass,classification,ok,718.0,180.0,38.0,81.0,5.0,0.1819,0.0136,2.1879,3.0822,433.6,0.9944444444444445,0.9859393939393939,0.975,0.9985507246376812,0.975,,,,
sklearn,decision_tree,hiva_agnostic,multiclass,classification,ok,3076.0,769.0,1617.0,1617.0,3.0,0.8406,0.0017,3.6195,5.5048,556.9,0.929778933680104,0.3389483160974685,0.33829857663025487,0.3396006932079861,0.33829857663025487,,,,
tuiml,decision_tree,hiva_agnostic,multiclass,classification,ok,3076.0,769.0,1617.0,1617.0,3.0,3.5736,0.014,4.4049,4.4038,676.2,0.9323797139141743,0.33919704922684074,0.33919704922684074,0.33919704922684074,0.33919704922684074,,,,
weka,decision_tree,hiva_agnostic,multiclass,classification,ok,3076.0,769.0,1617.0,1617.0,3.0,11.7126,0.0358,29.831,32.2237,1055.4,0.9648894668400521,0.3273770130156629,0.3333333333333333,0.32162982228001735,0.3333333333333333,,,,
sklearn,knn,hiva_agnostic,multiclass,classification,ok,3076.0,769.0,1617.0,1617.0,3.0,0.0177,0.7218,3.0749,20.0385,559.3,0.9648894668400521,0.3273770130156629,0.3333333333333333,0.32162982228001735,0.3333333333333333,,,,
tuiml,knn,hiva_agnostic,multiclass,classification,ok,3076.0,769.0,1617.0,1617.0,3.0,0.0128,4.0361,5.3664,5.365,680.3,0.9648894668400521,0.3273770130156629,0.3333333333333333,0.32162982228001735,0.3333333333333333,,,,
weka,knn,hiva_agnostic,multiclass,classification,ok,3076.0,769.0,1617.0,1617.0,3.0,0.0071,10.5982,29.3764,30.6847,672.4,0.9648894668400521,0.3273770130156629,0.3333333333333333,0.32162982228001735,0.3333333333333333,,,,
sklearn,logistic,hiva_agnostic,multiclass,classification,ok,3076.0,769.0,1617.0,1617.0,3.0,5.5542,0.008,7.4936,194.7697,561.7,0.94148244473342,0.3232864478678276,0.3252470799640611,0.32134931202840655,0.3252470799640611,,,,
tuiml,logistic,hiva_agnostic,multiclass,classification,ok,3076.0,769.0,1617.0,1617.0,3.0,1.267,0.0052,2.5766,2.5764,678.8,0.951885565669701,0.3251165889407062,0.3288409703504043,0.3214756258234519,0.3288409703504043,,,,
weka,logistic,hiva_agnostic,multiclass,classification,ok,3076.0,769.0,1617.0,1617.0,3.0,44.9265,0.0723,63.3627,67.1988,1277.2,0.8387516254876463,0.3043170559094126,0.28975741239892183,0.3204172876304024,0.28975741239892183,,,,
sklearn,mlp,hiva_agnostic,multiclass,classification,ok,3076.0,769.0,1617.0,1617.0,3.0,142.8774,0.1724,145.025,2977.6254,562.2,0.9570871261378413,0.32602436323366557,0.3306379155435759,0.3215377894276977,0.3306379155435759,,,,
tuiml,mlp,hiva_agnostic,multiclass,classification,ok,3076.0,769.0,1617.0,1617.0,3.0,26.8736,0.0125,27.7661,27.7633,679.2,0.9609882964889467,0.32670203359858535,0.33198562443845464,0.32158398607484767,0.33198562443845464,,,,
weka,mlp,hiva_agnostic,multiclass,classification,timeout,,,,,,,,,,,,,,,,,,,killed by per-job timeout (computation too slow to finish)
sklearn,naive_bayes,hiva_agnostic,multiclass,classification,ok,3076.0,769.0,1617.0,1617.0,3.0,0.0534,0.0146,2.644,5.9306,559.0,0.5929778933680104,0.2664903788374959,0.3144476757932567,0.32989524221121386,0.3144476757932567,,,,
tuiml,naive_bayes,hiva_agnostic,multiclass,classification,ok,3076.0,769.0,1617.0,1617.0,3.0,13.1586,16.7744,31.2632,31.2606,680.4,0.5929778933680104,0.2664903788374959,0.3144476757932567,0.32989524221121386,0.3144476757932567,,,,
weka,naive_bayes,hiva_agnostic,multiclass,classification,ok,3076.0,769.0,1617.0,1617.0,3.0,0.4518,0.8883,19.4985,20.7531,1052.0,0.6540962288686606,0.28276648372020596,0.3184671584621932,0.33309728630830215,0.3184671584621932,,,,
sklearn,random_forest,hiva_agnostic,multiclass,classification,ok,3076.0,769.0,1617.0,1617.0,3.0,1.4178,0.0203,3.7847,6.0985,558.8,0.9648894668400521,0.3273770130156629,0.3333333333333333,0.32162982228001735,0.3333333333333333,,,,
tuiml,random_forest,hiva_agnostic,multiclass,classification,ok,3076.0,769.0,1617.0,1617.0,3.0,24.4525,0.4351,25.7467,55.6508,3708.9,0.9648894668400521,0.3273770130156629,0.3333333333333333,0.32162982228001735,0.3333333333333333,,,,
weka,random_forest,hiva_agnostic,multiclass,classification,ok,3076.0,769.0,1617.0,1617.0,3.0,3.8978,0.1083,22.174,24.4184,1055.1,0.9648894668400521,0.3273770130156629,0.3333333333333333,0.32162982228001735,0.3333333333333333,,,,
sklearn,svm,hiva_agnostic,multiclass,classification,ok,3076.0,769.0,1617.0,1617.0,3.0,6.3819,1.7795,9.9718,10.8006,564.4,0.9648894668400521,0.3273770130156629,0.3333333333333333,0.32162982228001735,0.3333333333333333,,,,
tuiml,svm,hiva_agnostic,multiclass,classification,ok,3076.0,769.0,1617.0,1617.0,3.0,9.0295,2.445,12.3488,12.3458,686.9,0.9648894668400521,0.3273770130156629,0.3333333333333333,0.32162982228001735,0.3333333333333333,,,,
weka,svm,hiva_agnostic,multiclass,classification,ok,3076.0,769.0,1617.0,1617.0,3.0,9.386,0.0682,27.8031,30.5614,674.1,0.9219765929778934,0.31980153360396935,0.31850853548966757,0.3211050724637681,0.31850853548966757,,,,
sklearn,decision_tree,maternal_health_risk,multiclass,classification,ok,811.0,203.0,6.0,6.0,3.0,0.0052,0.0001,1.6637,2.9387,181.0,0.8374384236453202,0.8381686203772093,0.8387668838746783,0.8377579737335834,0.8387668838746783,,,,
tuiml,decision_tree,maternal_health_risk,multiclass,classification,ok,811.0,203.0,6.0,6.0,3.0,0.0038,0.0016,0.0626,0.0626,291.7,0.8374384236453202,0.8381686203772093,0.8387668838746783,0.8377579737335834,0.8387668838746783,,,,
weka,decision_tree,maternal_health_risk,multiclass,classification,ok,811.0,203.0,6.0,6.0,3.0,0.0695,0.0126,1.992,2.7046,303.9,0.7536945812807881,0.7515346987045101,0.7571781943257897,0.7484146677695064,0.7571781943257897,,,,
sklearn,knn,maternal_health_risk,multiclass,classification,ok,811.0,203.0,6.0,6.0,3.0,0.0011,0.0111,1.5371,3.4306,181.0,0.6945812807881774,0.6914421876992586,0.6898783300110001,0.6956330857970202,0.6898783300110001,,,,
tuiml,knn,maternal_health_risk,multiclass,classification,ok,811.0,203.0,6.0,6.0,3.0,0.0001,0.0016,0.0566,0.0566,292.7,0.7093596059113301,0.7068511352813095,0.70199842538151,0.7170698924731184,0.70199842538151,,,,
weka,knn,maternal_health_risk,multiclass,classification,ok,811.0,203.0,6.0,6.0,3.0,0.0019,0.054,1.4489,2.0999,300.1,0.6748768472906403,0.6776842352219304,0.6742773227018666,0.6819605788884436,0.6742773227018666,,,,
sklearn,logistic,maternal_health_risk,multiclass,classification,ok,811.0,203.0,6.0,6.0,3.0,0.1262,0.0001,1.1199,4.7162,182.0,0.6403940886699507,0.6347089947089947,0.6338408965274637,0.6405793965620868,0.6338408965274637,,,,
tuiml,logistic,maternal_health_risk,multiclass,classification,ok,811.0,203.0,6.0,6.0,3.0,0.009,0.0,0.0639,0.0639,291.7,0.6502463054187192,0.6400853616166374,0.6412114511616999,0.6475200989486704,0.6412114511616999,,,,
weka,logistic,maternal_health_risk,multiclass,classification,ok,811.0,203.0,6.0,6.0,3.0,0.0394,0.0128,1.4681,2.1527,303.2,0.6403940886699507,0.6347089947089947,0.6338408965274637,0.6405793965620868,0.6338408965274637,,,,
sklearn,mlp,maternal_health_risk,multiclass,classification,ok,811.0,203.0,6.0,6.0,3.0,0.7527,0.0005,2.039,4.1241,180.0,0.6847290640394089,0.6807765151515152,0.6818734609779386,0.6811209894307689,0.6818734609779386,,,,
tuiml,mlp,maternal_health_risk,multiclass,classification,ok,811.0,203.0,6.0,6.0,3.0,0.3608,0.0002,0.4241,0.4241,295.7,0.6600985221674877,0.6584550865800866,0.659577533209374,0.658697774808572,0.659577533209374,,,,
weka,mlp,maternal_health_risk,multiclass,classification,ok,811.0,203.0,6.0,6.0,3.0,0.3755,0.0121,1.8773,2.6948,291.9,0.7339901477832512,0.7221983063970653,0.7265077530417497,0.7584304584304585,0.7265077530417497,,,,
sklearn,naive_bayes,maternal_health_risk,multiclass,classification,ok,811.0,203.0,6.0,6.0,3.0,0.0014,0.0034,1.7145,3.5289,178.0,0.6009852216748769,0.5650925994855125,0.5780681329603385,0.6147438820489436,0.5780681329603385,,,,
tuiml,naive_bayes,maternal_health_risk,multiclass,classification,ok,811.0,203.0,6.0,6.0,3.0,0.013,0.0165,0.0858,0.0858,292.7,0.6009852216748769,0.5650925994855125,0.5780681329603385,0.6147438820489436,0.5780681329603385,,,,
weka,naive_bayes,maternal_health_risk,multiclass,classification,ok,811.0,203.0,6.0,6.0,3.0,0.009,0.0158,1.352,1.954,301.1,0.5960591133004927,0.5518563758770559,0.5702877308184108,0.6059710898420576,0.5702877308184108,,,,
sklearn,random_forest,maternal_health_risk,multiclass,classification,ok,811.0,203.0,6.0,6.0,3.0,0.3185,0.0221,1.4902,4.0481,184.0,0.8423645320197044,0.8471805364932372,0.8463217023747703,0.8491305165833468,0.8463217023747703,,,,
tuiml,random_forest,maternal_health_risk,multiclass,classification,ok,811.0,203.0,6.0,6.0,3.0,0.4716,0.0111,0.5655,0.5903,298.0,0.8423645320197044,0.845801245563517,0.8454618043341094,0.846531824168955,0.8454618043341094,,,,
weka,random_forest,maternal_health_risk,multiclass,classification,ok,811.0,203.0,6.0,6.0,3.0,0.2806,0.0313,1.6715,2.7039,349.9,0.8571428571428571,0.8605005367686527,0.8595272794277768,0.8622261392573257,0.8595272794277768,,,,
sklearn,svm,maternal_health_risk,multiclass,classification,ok,811.0,203.0,6.0,6.0,3.0,0.0176,0.0065,1.2673,4.2252,181.0,0.6896551724137931,0.6796727567369768,0.6836345768352402,0.6882154882154882,0.6836345768352402,,,,
tuiml,svm,maternal_health_risk,multiclass,classification,ok,811.0,203.0,6.0,6.0,3.0,0.0125,0.002,0.0701,0.0701,294.7,0.6896551724137931,0.6796727567369768,0.6836345768352402,0.6882154882154882,0.6836345768352402,,,,
weka,svm,maternal_health_risk,multiclass,classification,ok,811.0,203.0,6.0,6.0,3.0,0.0676,0.0144,1.4836,2.1923,310.1,0.6748768472906403,0.6543703966384379,0.6540060639563127,0.6956376956376956,0.6540060639563127,,,,
sklearn,decision_tree,splice,multiclass,classification,ok,2552.0,638.0,60.0,284.0,3.0,0.0416,0.0005,1.745,4.623,196.1,0.9106583072100314,0.9010535013426978,0.9030750265866668,0.899118360512264,0.9030750265866668,,,,
tuiml,decision_tree,splice,multiclass,classification,ok,2552.0,638.0,60.0,284.0,3.0,0.1067,0.004,0.3379,0.3379,310.2,0.9169278996865203,0.9078843890680514,0.9082606767874228,0.9075399746452378,0.9082606767874228,,,,
weka,decision_tree,splice,multiclass,classification,ok,2552.0,638.0,60.0,284.0,3.0,0.5836,0.0306,4.7691,6.1798,389.1,0.9420062695924765,0.9358254667365385,0.9406768352920832,0.9315100514258999,0.9406768352920832,,,,
sklearn,knn,splice,multiclass,classification,ok,2552.0,638.0,60.0,284.0,3.0,0.0012,0.6623,2.2467,14.9418,195.7,0.780564263322884,0.7812432389041999,0.8333510706000488,0.7788045134062358,0.8333510706000488,,,,
tuiml,knn,splice,multiclass,classification,ok,2552.0,638.0,60.0,284.0,3.0,0.0001,0.4383,0.6664,0.6664,307.6,0.7774294670846394,0.777185750302321,0.827836319306019,0.7751089853990464,0.827836319306019,,,,
weka,knn,splice,multiclass,classification,ok,2552.0,638.0,60.0,284.0,3.0,0.0049,1.9937,6.1835,7.2966,309.9,0.8009404388714734,0.8020569867291178,0.8499858059125875,0.7948497807389147,0.8499858059125875,,,,
sklearn,logistic,splice,multiclass,classification,ok,2552.0,638.0,60.0,284.0,3.0,4.7182,0.0007,5.9413,30.9135,198.3,0.95141065830721,0.9488337665220348,0.953635554133155,0.9445606281355073,0.953635554133155,,,,
tuiml,logistic,splice,multiclass,classification,ok,2552.0,638.0,60.0,284.0,3.0,0.1686,0.0006,0.4057,0.4056,315.5,0.945141065830721,0.942678545101538,0.9496073567514833,0.9366781911650758,0.9496073567514833,,,,
weka,logistic,splice,multiclass,classification,ok,2552.0,638.0,60.0,284.0,3.0,2.3514,0.0404,6.4012,8.3977,835.0,0.9122257053291536,0.9054727965197736,0.907469551951514,0.9038520713430965,0.907469551951514,,,,
sklearn,mlp,splice,multiclass,classification,ok,2552.0,638.0,60.0,284.0,3.0,100.3962,0.037,102.1827,1979.4082,192.1,0.9545454545454546,0.9524392337954039,0.9556637998969615,0.9494348418876721,0.9556637998969615,,,,
tuiml,mlp,splice,multiclass,classification,ok,2552.0,638.0,60.0,284.0,3.0,4.601,0.0017,4.8456,4.8455,315.3,0.957680250783699,0.9539509654187248,0.9588636455528228,0.9495046318415884,0.9588636455528228,,,,
weka,mlp,splice,multiclass,classification,ok,2552.0,638.0,60.0,284.0,3.0,550.5468,0.1315,554.6648,556.4485,328.0,0.9561128526645768,0.9534971211655483,0.95668499631535,0.950528549019115,0.95668499631535,,,,
sklearn,naive_bayes,splice,multiclass,classification,ok,2552.0,638.0,60.0,284.0,3.0,0.0123,0.0018,1.4584,4.3504,198.2,0.7351097178683386,0.5513884521576095,0.6493964243208956,0.4808773582213089,0.6493964243208956,,,,
tuiml,naive_bayes,splice,multiclass,classification,ok,2552.0,638.0,60.0,284.0,3.0,1.9412,2.5199,4.6932,4.6929,311.5,0.7351097178683386,0.5513884521576095,0.6493964243208956,0.4808773582213089,0.6493964243208956,,,,
weka,naive_bayes,splice,multiclass,classification,ok,2552.0,638.0,60.0,284.0,3.0,0.1556,0.1447,4.4326,5.5067,424.7,0.9529780564263323,0.9490472617524047,0.9511702450213203,0.9470125957591627,0.9511702450213203,,,,
sklearn,random_forest,splice,multiclass,classification,ok,2552.0,638.0,60.0,284.0,3.0,0.5627,0.033,2.3209,5.0391,196.9,0.9670846394984326,0.9637971076328933,0.963748488806246,0.9638592815241495,0.963748488806246,,,,
tuiml,random_forest,splice,multiclass,classification,ok,2552.0,638.0,60.0,284.0,3.0,3.5967,0.0153,3.8761,4.3482,652.8,0.9702194357366771,0.9675135215154502,0.9669341873891367,0.9681013870931436,0.9669341873891367,,,,
weka,random_forest,splice,multiclass,classification,ok,2552.0,638.0,60.0,284.0,3.0,1.5795,0.0754,5.6479,7.4478,827.6,0.9733542319749217,0.9712746646591759,0.9689199919340314,0.9738404750441342,0.9689199919340314,,,,
sklearn,svm,splice,multiclass,classification,ok,2552.0,638.0,60.0,284.0,3.0,0.4725,0.2306,2.1101,4.2022,195.9,0.9670846394984326,0.963901850081411,0.9660633944444146,0.961829858721111,0.9660633944444146,,,,
tuiml,svm,splice,multiclass,classification,ok,2552.0,638.0,60.0,284.0,3.0,1.0505,0.3613,1.66,1.6599,313.8,0.9670846394984326,0.963901850081411,0.9660633944444146,0.961829858721111,0.9660633944444146,,,,
weka,svm,splice,multiclass,classification,ok,2552.0,638.0,60.0,284.0,3.0,1.4269,0.0439,5.5784,7.3286,364.6,0.9200626959247649,0.9129849982213208,0.9195626921768737,0.9075201190234665,0.9195626921768737,,,,
sklearn,decision_tree,students_dropout_and_academic_success,multiclass,classification,ok,3539.0,885.0,36.0,192.0,3.0,0.1301,0.0008,2.0903,3.1935,198.5,0.6790960451977401,0.6168906065099836,0.6171055808274235,0.6170821796280034,0.6171055808274235,,,,
tuiml,decision_tree,students_dropout_and_academic_success,multiclass,classification,ok,3539.0,885.0,36.0,192.0,3.0,0.1912,0.0119,0.3585,0.3585,311.6,0.6779661016949152,0.6123183660982842,0.6128277343085616,0.612112372542836,0.6128277343085616,,,,
weka,decision_tree,students_dropout_and_academic_success,multiclass,classification,ok,3539.0,885.0,36.0,192.0,3.0,0.9308,0.0442,5.2035,6.9975,567.1,0.7502824858757062,0.6865237357160874,0.6788788977163397,0.6991136307663428,0.6788788977163397,,,,
sklearn,knn,students_dropout_and_academic_success,multiclass,classification,ok,3539.0,885.0,36.0,192.0,3.0,0.0075,0.9899,3.5825,17.5979,193.3,0.7254237288135593,0.6507449783879989,0.6402227264571139,0.6750996540850643,0.6402227264571139,,,,
tuiml,knn,students_dropout_and_academic_success,multiclass,classification,ok,3539.0,885.0,36.0,192.0,3.0,0.0001,0.5529,0.7065,0.7065,310.6,0.7254237288135593,0.6507449783879989,0.6402227264571139,0.6750996540850643,0.6402227264571139,,,,
weka,knn,students_dropout_and_academic_success,multiclass,classification,ok,3539.0,885.0,36.0,192.0,3.0,0.0059,1.9344,5.8947,7.0094,321.9,0.6180790960451977,0.5236501179419136,0.5233573720036335,0.5339803961299289,0.5233573720036335,,,,
sklearn,logistic,students_dropout_and_academic_success,multiclass,classification,ok,3539.0,885.0,36.0,192.0,3.0,22.3473,0.0041,24.011,112.2031,197.7,0.7898305084745763,0.7154602567728747,0.7037661095632677,0.7515719381430942,0.7037661095632677,,,,
tuiml,logistic,students_dropout_and_academic_success,multiclass,classification,ok,3539.0,885.0,36.0,192.0,3.0,0.177,0.0006,0.335,0.335,311.8,0.7762711864406779,0.6999676109710312,0.6899339537800716,0.7274128875273136,0.6899339537800716,,,,
weka,logistic,students_dropout_and_academic_success,multiclass,classification,ok,3539.0,885.0,36.0,192.0,3.0,8.9624,0.0537,13.0363,15.365,854.9,0.7762711864406779,0.7059601731878994,0.695806272794283,0.7304676244516882,0.695806272794283,,,,
sklearn,mlp,students_dropout_and_academic_success,multiclass,classification,ok,3539.0,885.0,36.0,192.0,3.0,142.6221,0.0114,145.378,4371.587,193.8,0.7175141242937854,0.6349432476719098,0.6323442566857551,0.6442250181380617,0.6323442566857551,,,,
tuiml,mlp,students_dropout_and_academic_success,multiclass,classification,ok,3539.0,885.0,36.0,192.0,3.0,4.7559,0.002,4.9096,4.9094,322.6,0.7378531073446327,0.6658647634368917,0.6600973170668815,0.6795141204124655,0.6600973170668815,,,,
weka,mlp,students_dropout_and_academic_success,multiclass,classification,ok,3539.0,885.0,36.0,192.0,3.0,554.2594,0.1399,558.4181,560.5055,315.5,0.6971751412429379,0.6546369025365201,0.6513173971592631,0.6868270901700942,0.6513173971592631,,,,
sklearn,naive_bayes,students_dropout_and_academic_success,multiclass,classification,ok,3539.0,885.0,36.0,192.0,3.0,0.0044,0.0015,1.9783,3.1124,196.7,0.23615819209039549,0.20487308893941913,0.3853909430381582,0.4382209800105572,0.3853909430381582,,,,
tuiml,naive_bayes,students_dropout_and_academic_success,multiclass,classification,ok,3539.0,885.0,36.0,192.0,3.0,1.7689,2.2262,4.1462,4.146,309.8,0.23615819209039549,0.20487308893941913,0.3853909430381582,0.4382209800105572,0.3853909430381582,,,,
weka,naive_bayes,students_dropout_and_academic_success,multiclass,classification,ok,3539.0,885.0,36.0,192.0,3.0,0.1437,0.2084,4.4004,5.4568,545.7,0.6644067796610169,0.6172274864533028,0.6213949175955397,0.6179205014041874,0.6213949175955397,,,,
sklearn,random_forest,students_dropout_and_academic_success,multiclass,classification,ok,3539.0,885.0,36.0,192.0,3.0,0.7917,0.0672,2.3982,4.9684,207.9,0.7717514124293785,0.6837625703687982,0.6734944800708975,0.7363430065869091,0.6734944800708975,,,,
tuiml,random_forest,students_dropout_and_academic_success,multiclass,classification,ok,3539.0,885.0,36.0,192.0,3.0,6.1211,0.0173,6.3471,7.019,778.9,0.7694915254237288,0.6720677786070502,0.6652747432163105,0.7233591301500896,0.6652747432163105,,,,
weka,random_forest,students_dropout_and_academic_success,multiclass,classification,ok,3539.0,885.0,36.0,192.0,3.0,2.4562,0.1357,7.2097,9.2841,858.9,0.7751412429378531,0.6807454083202703,0.670387770526896,0.7475154336013298,0.670387770526896,,,,
sklearn,svm,students_dropout_and_academic_success,multiclass,classification,ok,3539.0,885.0,36.0,192.0,3.0,1.1105,0.7121,4.765,4.4259,195.0,0.7728813559322034,0.6798796203362949,0.6712280952092741,0.7191997278522514,0.6712280952092741,,,,
tuiml,svm,students_dropout_and_academic_success,multiclass,classification,ok,3539.0,885.0,36.0,192.0,3.0,1.5398,0.5178,2.2137,2.2136,325.3,0.7728813559322034,0.6798796203362949,0.6712280952092741,0.7191997278522514,0.6712280952092741,,,,
weka,svm,students_dropout_and_academic_success,multiclass,classification,ok,3539.0,885.0,36.0,192.0,3.0,6.0896,0.0596,9.9876,11.6943,366.9,0.7796610169491526,0.6995053308666562,0.6882531374058786,0.73509609644859,0.6882531374058786,,,,
sklearn,decision_tree,website_phishing,multiclass,classification,ok,1082.0,271.0,9.0,25.0,3.0,0.0121,0.0002,1.2174,2.7365,179.8,0.8560885608856088,0.8060600828051724,0.802958152958153,0.8100255427841635,0.802958152958153,,,,
tuiml,decision_tree,website_phishing,multiclass,classification,ok,1082.0,271.0,9.0,25.0,3.0,0.0062,0.0017,0.077,0.077,292.7,0.8634686346863468,0.8289819289237893,0.8347041847041847,0.823905723905724,0.8347041847041847,,,,
weka,decision_tree,website_phishing,multiclass,classification,ok,1082.0,271.0,9.0,25.0,3.0,0.1055,0.0152,1.7165,2.5445,293.2,0.8966789667896679,0.8879189693511944,0.9113997113997113,0.8690690690690691,0.9113997113997113,,,,
sklearn,knn,website_phishing,multiclass,classification,ok,1082.0,271.0,9.0,25.0,3.0,0.0007,0.7429,2.5751,13.1223,181.0,0.8597785977859779,0.7343713450292397,0.7115440115440116,0.7892326563990731,0.7115440115440116,,,,
tuiml,knn,website_phishing,multiclass,classification,ok,1082.0,271.0,9.0,25.0,3.0,0.0001,0.0069,0.0757,0.0757,293.0,0.8597785977859779,0.7032076438930637,0.6865079365079364,0.7631954102542338,0.6865079365079364,,,,
weka,knn,website_phishing,multiclass,classification,ok,1082.0,271.0,9.0,25.0,3.0,0.0023,0.1106,1.6046,2.4159,293.5,0.8634686346863468,0.7201345755693582,0.7036796536796537,0.7647546897546897,0.7036796536796537,,,,
sklearn,logistic,website_phishing,multiclass,classification,ok,1082.0,271.0,9.0,25.0,3.0,0.3776,0.0002,2.1725,4.4812,180.7,0.8671586715867159,0.6911503655269972,0.6790764790764792,0.750505757858699,0.6790764790764792,,,,
tuiml,logistic,website_phishing,multiclass,classification,ok,1082.0,271.0,9.0,25.0,3.0,0.0182,0.0001,0.0926,0.0927,292.7,0.8597785977859779,0.6666229954931349,0.6608225108225109,0.7216303284185991,0.6608225108225109,,,,
weka,logistic,website_phishing,multiclass,classification,ok,1082.0,271.0,9.0,25.0,3.0,0.138,0.0172,1.6946,2.6119,299.7,0.8597785977859779,0.6855188505958866,0.6736652236652235,0.7449656617390291,0.6736652236652235,,,,
sklearn,mlp,website_phishing,multiclass,classification,ok,1082.0,271.0,9.0,25.0,3.0,1.7908,0.0008,3.724,4.1633,181.4,0.8819188191881919,0.8455946855946856,0.8607503607503607,0.832936507936508,0.8607503607503607,,,,
tuiml,mlp,website_phishing,multiclass,classification,ok,1082.0,271.0,9.0,25.0,3.0,0.5546,0.0003,0.6272,0.6272,296.7,0.8819188191881919,0.8500258187253703,0.8607503607503607,0.8406737634132786,0.8607503607503607,,,,
weka,mlp,website_phishing,multiclass,classification,ok,1082.0,271.0,9.0,25.0,3.0,2.6491,0.0165,4.2339,5.2081,304.3,0.8745387453874539,0.810584868945841,0.8148629148629148,0.8065852413678501,0.8148629148629148,,,,
sklearn,naive_bayes,website_phishing,multiclass,classification,ok,1082.0,271.0,9.0,25.0,3.0,0.0015,0.0003,3.9147,2.3566,178.8,0.5830258302583026,0.5055484055484056,0.6036796536796537,0.6180415828303153,0.6036796536796537,,,,
tuiml,naive_bayes,website_phishing,multiclass,classification,ok,1082.0,271.0,9.0,25.0,3.0,0.0725,0.0927,0.2315,0.2315,291.7,0.5830258302583026,0.5055484055484056,0.6036796536796537,0.6180415828303153,0.6036796536796537,,,,
weka,naive_bayes,website_phishing,multiclass,classification,ok,1082.0,271.0,9.0,25.0,3.0,0.0379,0.0445,1.9178,2.7273,299.1,0.8413284132841329,0.7105088980246292,0.7009379509379509,0.729285267650817,0.7009379509379509,,,,
sklearn,random_forest,website_phishing,multiclass,classification,ok,1082.0,271.0,9.0,25.0,3.0,0.4439,0.0188,2.1642,3.0832,185.0,0.8671586715867159,0.8088249400479617,0.7972582972582973,0.8233494363929146,0.7972582972582973,,,,
tuiml,random_forest,website_phishing,multiclass,classification,ok,1082.0,271.0,9.0,25.0,3.0,0.5102,0.0061,0.606,0.6437,311.0,0.8745387453874539,0.8239898382136649,0.8161616161616161,0.8333427984432679,0.8161616161616161,,,,
weka,random_forest,website_phishing,multiclass,classification,ok,1082.0,271.0,9.0,25.0,3.0,0.3647,0.0335,1.9364,3.2152,400.2,0.8671586715867159,0.8276943403384154,0.8242424242424242,0.83203490847169,0.8242424242424242,,,,
sklearn,svm,website_phishing,multiclass,classification,ok,1082.0,271.0,9.0,25.0,3.0,0.0433,0.0162,1.6911,3.1355,180.5,0.8745387453874539,0.8141878533337609,0.8020202020202021,0.8290554992682653,0.8020202020202021,,,,
tuiml,svm,website_phishing,multiclass,classification,ok,1082.0,271.0,9.0,25.0,3.0,0.0219,0.0044,0.0959,0.0959,294.7,0.8745387453874539,0.8141878533337609,0.8020202020202021,0.8290554992682653,0.8020202020202021,,,,
weka,svm,website_phishing,multiclass,classification,ok,1082.0,271.0,9.0,25.0,3.0,0.1458,0.0161,1.6246,2.5527,322.6,0.8782287822878229,0.729218607479477,0.7003607503607503,0.9157534246575342,0.7003607503607503,,,,
sklearn,decision_tree_reg,Another-Dataset-on-used-Fiat-500,regression,regression,ok,1230.0,308.0,7.0,9.0,,0.0059,0.0002,0.9784,9.2892,182.0,,,,,,1038.8421157993362,719.0714285714286,0.7381529723424548,
tuiml,decision_tree_reg,Another-Dataset-on-used-Fiat-500,regression,regression,ok,1230.0,308.0,7.0,9.0,,0.0144,0.0035,0.0765,0.0765,293.7,,,,,,1066.4170531123511,739.8571428571429,0.7240675895693364,
weka,decision_tree_reg,Another-Dataset-on-used-Fiat-500,regression,regression,ok,1230.0,308.0,7.0,9.0,,0.0785,0.0091,1.4363,2.1024,295.8,,,,,,827.6935911392758,612.2631583275896,0.833778293314871,
sklearn,knn_reg,Another-Dataset-on-used-Fiat-500,regression,regression,ok,1230.0,308.0,7.0,9.0,,0.0025,0.0037,1.0516,4.9781,181.0,,,,,,862.7521870350525,642.4045454545454,0.8193987757425464,
tuiml,knn_reg,Another-Dataset-on-used-Fiat-500,regression,regression,ok,1230.0,308.0,7.0,9.0,,0.0,0.0039,0.0618,0.0618,291.7,,,,,,862.7521870350525,642.4045454545454,0.8193987757425464,
weka,knn_reg,Another-Dataset-on-used-Fiat-500,regression,regression,ok,1230.0,308.0,7.0,9.0,,0.0058,0.0676,1.6286,2.3062,291.1,,,,,,843.9351971152846,619.1747835497835,0.8271908428233413,
sklearn,linear_regression,Another-Dataset-on-used-Fiat-500,regression,regression,ok,1230.0,308.0,7.0,9.0,,0.0128,0.0002,1.2403,2.8222,183.0,,,,,,782.9157781272697,616.0321809921229,0.8512768267551265,
tuiml,linear_regression,Another-Dataset-on-used-Fiat-500,regression,regression,ok,1230.0,308.0,7.0,9.0,,0.0013,0.0,0.0661,0.0661,293.7,,,,,,782.9157781283405,616.032180992949,0.8512768267547197,
weka,linear_regression,Another-Dataset-on-used-Fiat-500,regression,regression,ok,1230.0,308.0,7.0,9.0,,0.0888,0.0095,1.4972,2.1548,286.8,,,,,,782.0672457599563,616.0952273131805,0.8515990275416824,
sklearn,mlp_reg,Another-Dataset-on-used-Fiat-500,regression,regression,ok,1230.0,308.0,7.0,9.0,,0.9138,0.0003,2.121,7.8823,181.0,,,,,,6814.046599872355,6701.3273823928785,-10.265714754726543,
tuiml,mlp_reg,Another-Dataset-on-used-Fiat-500,regression,regression,ok,1230.0,308.0,7.0,9.0,,0.3931,0.0008,0.4479,0.4477,296.7,,,,,,783.3684165428356,599.7863057071489,0.8511048100884829,
weka,mlp_reg,Another-Dataset-on-used-Fiat-500,regression,regression,ok,1230.0,308.0,7.0,9.0,,0.5676,0.0098,2.4839,3.3506,301.5,,,,,,828.9517411844225,625.2216812515073,0.8332725728471451,
sklearn,random_forest_reg,Another-Dataset-on-used-Fiat-500,regression,regression,ok,1230.0,308.0,7.0,9.0,,0.6325,0.0117,1.6611,5.3527,190.0,,,,,,772.1516771468589,551.8208441558442,0.855338224730793,
tuiml,random_forest_reg,Another-Dataset-on-used-Fiat-500,regression,regression,ok,1230.0,308.0,7.0,9.0,,1.3614,0.0044,1.4539,1.5194,328.7,,,,,,775.617673153424,571.7297125421128,0.8540366088086672,
weka,random_forest_reg,Another-Dataset-on-used-Fiat-500,regression,regression,ok,1230.0,308.0,7.0,9.0,,0.5294,0.0463,1.9876,3.1416,490.4,,,,,,755.8008830450952,542.0176236845159,0.8613999642802628,
sklearn,svm_reg,Another-Dataset-on-used-Fiat-500,regression,regression,ok,1230.0,308.0,7.0,9.0,,0.0558,0.0159,1.1893,2.8654,186.0,,,,,,1984.553127590059,1567.9608447028736,0.044404685533368626,
tuiml,svm_reg,Another-Dataset-on-used-Fiat-500,regression,regression,ok,1230.0,308.0,7.0,9.0,,0.0412,0.0051,0.1107,0.1107,302.7,,,,,,1984.5531276718991,1567.96084470313,0.04440468545455367,
weka,svm_reg,Another-Dataset-on-used-Fiat-500,regression,regression,ok,1230.0,308.0,7.0,9.0,,0.5137,0.0103,2.1027,3.0269,300.6,,,,,,783.0713403145835,611.7892263571714,0.8512177195017905,
sklearn,decision_tree_reg,Food_Delivery_Time,regression,regression,ok,36360.0,9091.0,9.0,34.0,,0.401,0.0065,1.8,4.2428,217.3,,,,,,10.515815780874812,8.120852124812085,-0.28002801519107856,
tuiml,decision_tree_reg,Food_Delivery_Time,regression,regression,ok,36360.0,9091.0,9.0,34.0,,1.1068,0.2007,1.5604,1.5586,354.7,,,,,,10.486887903029668,8.085670809958566,-0.27299526297657595,
weka,decision_tree_reg,Food_Delivery_Time,regression,regression,ok,36360.0,9091.0,9.0,34.0,,1.3478,0.2236,8.8463,10.4673,849.2,,,,,,7.747762312953068,6.0783874401705695,0.30515791646956847,
sklearn,knn_reg,Food_Delivery_Time,regression,regression,ok,36360.0,9091.0,9.0,34.0,,0.0011,1.5304,2.4765,2.4717,217.2,,,,,,8.574296030256702,6.727994720052799,0.14899819104470935,
tuiml,knn_reg,Food_Delivery_Time,regression,regression,ok,36360.0,9091.0,9.0,34.0,,0.0001,9.1533,9.391,9.3908,329.0,,,,,,8.57507317060334,6.727928720712793,0.14884392116425638,
weka,knn_reg,Food_Delivery_Time,regression,regression,ok,36360.0,9091.0,9.0,34.0,,0.0449,10.7048,17.9641,19.348,362.8,,,,,,8.638111909615985,6.833763114749805,0.13628355524818436,
sklearn,linear_regression,Food_Delivery_Time,regression,regression,ok,36360.0,9091.0,9.0,34.0,,0.3258,0.0005,1.5537,3.9747,217.5,,,,,,8.296657387091823,6.576215395796928,0.20321738734605155,
tuiml,linear_regression,Food_Delivery_Time,regression,regression,ok,36360.0,9091.0,9.0,34.0,,0.0684,0.0017,0.3078,0.3077,362.7,,,,,,8.296657387091816,6.576215395796938,0.203217387346053,
weka,linear_regression,Food_Delivery_Time,regression,regression,ok,36360.0,9091.0,9.0,34.0,,0.9551,0.2283,8.3042,9.739,524.4,,,,,,8.296022655391692,6.574473222787474,0.20333929760772773,
sklearn,mlp_reg,Food_Delivery_Time,regression,regression,ok,36360.0,9091.0,9.0,34.0,,75.051,0.0359,76.1137,95.9499,214.0,,,,,,7.933423471867282,6.22770942882334,0.27145763770466347,
tuiml,mlp_reg,Food_Delivery_Time,regression,regression,ok,36360.0,9091.0,9.0,34.0,,27.2694,0.0068,27.5168,27.235,445.6,,,,,,8.091263135485,6.372274593918283,0.24217978459097678,
weka,mlp_reg,Food_Delivery_Time,regression,regression,ok,36360.0,9091.0,9.0,34.0,,135.9599,0.2736,143.4139,144.9829,373.7,,,,,,8.578313168334553,6.606964551774961,0.1482005995969321,
sklearn,random_forest_reg,Food_Delivery_Time,regression,regression,ok,36360.0,9091.0,9.0,34.0,,51.5344,0.8098,53.6139,28.2716,480.5,,,,,,7.843364436395109,6.140088106936391,0.2879043620948879,
tuiml,random_forest_reg,Food_Delivery_Time,regression,regression,ok,36360.0,9091.0,9.0,34.0,,19.8127,0.1099,20.2898,23.0414,1310.5,,,,,,7.657685284545735,6.006961779630451,0.321220740724679,
weka,random_forest_reg,Food_Delivery_Time,regression,regression,ok,36360.0,9091.0,9.0,34.0,,23.1963,5.1653,35.5765,39.3522,1360.5,,,,,,7.830256662052762,6.1292534266324,0.29028247152989095,
sklearn,svm_reg,Food_Delivery_Time,regression,regression,ok,36360.0,9091.0,9.0,34.0,,120.8999,31.8423,154.4196,85.6497,396.9,,,,,,8.052427230304687,6.239802256495524,0.24943699621306958,
tuiml,svm_reg,Food_Delivery_Time,regression,regression,ok,36360.0,9091.0,9.0,34.0,,157.6998,10.5303,168.5675,167.6739,507.7,,,,,,8.052416485078659,6.23980332464071,0.24943899932679225,
weka,svm_reg,Food_Delivery_Time,regression,regression,ok,36360.0,9091.0,9.0,34.0,,1946.3343,0.2372,1954.0827,1958.188,411.9,,,,,,8.332240447789001,6.498257461668336,0.19636818017652424,
sklearn,decision_tree_reg,QSAR-TID-11,regression,regression,ok,4593.0,1149.0,1024.0,1024.0,,1.2081,0.0018,4.0305,6.1449,530.5,,,,,,1.0234578488005062,0.6710831882796634,0.5476406322943436,
tuiml,decision_tree_reg,QSAR-TID-11,regression,regression,ok,4593.0,1149.0,1024.0,1024.0,,5.3396,0.0279,6.4224,6.4219,662.1,,,,,,1.0012462473504196,0.6568457354221062,0.567062236537433,
weka,decision_tree_reg,QSAR-TID-11,regression,regression,ok,4593.0,1149.0,1024.0,1024.0,,3.3614,0.0302,20.8137,22.7259,1064.8,,,,,,1.065305022676818,0.7582072624895176,0.5098921983278586,
sklearn,knn_reg,QSAR-TID-11,regression,regression,ok,4593.0,1149.0,1024.0,1024.0,,0.0231,0.9731,4.2283,22.8778,528.2,,,,,,0.8578653508210082,0.6128125326370757,0.6821794897339326,
tuiml,knn_reg,QSAR-TID-11,regression,regression,ok,4593.0,1149.0,1024.0,1024.0,,0.0127,5.5385,7.1902,7.1893,661.4,,,,,,0.8578260149490755,0.6126838990426458,0.68220863524087,
weka,knn_reg,QSAR-TID-11,regression,regression,ok,4593.0,1149.0,1024.0,1024.0,,0.0146,13.3541,30.4832,31.6966,635.4,,,,,,0.8042492280453489,0.5684582986397607,0.7206652464647035,
sklearn,linear_regression,QSAR-TID-11,regression,regression,ok,4593.0,1149.0,1024.0,1024.0,,22.227,0.0256,24.4209,590.5285,530.6,,,,,,0.9284374798648943,0.7170621457810552,0.6277377528171713,
tuiml,linear_regression,QSAR-TID-11,regression,regression,ok,4593.0,1149.0,1024.0,1024.0,,1.0398,0.0073,2.0508,2.0505,661.5,,,,,,0.9284374798612914,0.7170621457787076,0.6277377528200604,
weka,linear_regression,QSAR-TID-11,regression,regression,ok,4593.0,1149.0,1024.0,1024.0,,1106.4518,0.036,1123.97,1130.537,1057.0,,,,,,0.9251706307695283,0.7192888018416415,0.6303528670315692,
sklearn,mlp_reg,QSAR-TID-11,regression,regression,ok,4593.0,1149.0,1024.0,1024.0,,65.5323,0.0228,67.9103,2096.6858,530.3,,,,,,0.9794867932451865,0.7330839505817535,0.5856752892957691,
tuiml,mlp_reg,QSAR-TID-11,regression,regression,ok,4593.0,1149.0,1024.0,1024.0,,25.6563,0.0151,27.1585,27.0915,655.9,,,,,,0.9355172759306918,0.700307677762155,0.6220387380682066,
weka,mlp_reg,QSAR-TID-11,regression,regression,timeout,,,,,,,,,,,,,,,,,,,killed by per-job timeout (computation too slow to finish)
sklearn,random_forest_reg,QSAR-TID-11,regression,regression,ok,4593.0,1149.0,1024.0,1024.0,,81.8114,0.0405,84.0411,46.9912,528.5,,,,,,0.7302881635739455,0.5276847376672982,0.7696797146449657,
tuiml,random_forest_reg,QSAR-TID-11,regression,regression,ok,4593.0,1149.0,1024.0,1024.0,,34.2555,0.2158,35.6544,51.1501,2991.2,,,,,,0.7380985878525579,0.5465556122114522,0.7647268238749937,
weka,random_forest_reg,QSAR-TID-11,regression,regression,ok,4593.0,1149.0,1024.0,1024.0,,13.6635,0.4063,30.9626,34.3803,1088.4,,,,,,0.7489560747864471,0.5568365256286342,0.7577541409760451,
sklearn,svm_reg,QSAR-TID-11,regression,regression,ok,4593.0,1149.0,1024.0,1024.0,,20.2161,6.9075,30.0943,18.716,526.2,,,,,,0.7679068577543867,0.5725204780228992,0.7453399859895706,
tuiml,svm_reg,QSAR-TID-11,regression,regression,ok,4593.0,1149.0,1024.0,1024.0,,19.1434,5.6686,25.8895,25.3365,660.8,,,,,,0.7679075553800339,0.5725191225411975,0.7453395232838766,
weka,svm_reg,QSAR-TID-11,regression,regression,timeout,,,,,,,,,,,,,,,,,,,killed by per-job timeout (computation too slow to finish)
sklearn,decision_tree_reg,QSAR_fish_toxicity,regression,regression,ok,725.0,182.0,6.0,6.0,,0.0076,0.0001,1.9282,3.3302,180.0,,,,,,1.2655703347765717,0.8731110805860806,0.3605625552917999,
tuiml,decision_tree_reg,QSAR_fish_toxicity,regression,regression,ok,725.0,182.0,6.0,6.0,,0.009,0.002,0.0676,0.0676,292.7,,,,,,1.242993522785297,0.8712049450549451,0.383173216830634,
weka,decision_tree_reg,QSAR_fish_toxicity,regression,regression,ok,725.0,182.0,6.0,6.0,,0.0271,0.0056,1.4018,1.9127,294.9,,,,,,1.0588914853861005,0.7728873792610943,0.552360497839701,
sklearn,knn_reg,QSAR_fish_toxicity,regression,regression,ok,725.0,182.0,6.0,6.0,,0.0036,0.0012,1.9427,2.5401,178.0,,,,,,0.9011780845093826,0.6652340659340659,0.6757748236030079,
tuiml,knn_reg,QSAR_fish_toxicity,regression,regression,ok,725.0,182.0,6.0,6.0,,0.0,0.0013,0.0546,0.0547,291.7,,,,,,0.9017689859138226,0.6666824175824175,0.675349496075746,
weka,knn_reg,QSAR_fish_toxicity,regression,regression,ok,725.0,182.0,6.0,6.0,,0.0051,0.0507,1.3178,1.8868,293.4,,,,,,0.9153007892332486,0.684965508895866,0.6655330841791882,
sklearn,linear_regression,QSAR_fish_toxicity,regression,regression,ok,725.0,182.0,6.0,6.0,,0.0039,0.0001,1.1448,3.9158,182.0,,,,,,0.9552254663994554,0.7073203259230104,0.6357183656652929,
tuiml,linear_regression,QSAR_fish_toxicity,regression,regression,ok,725.0,182.0,6.0,6.0,,0.001,0.0,0.0533,0.0533,292.7,,,,,,0.955225466400652,0.7073203259237864,0.6357183656643802,
weka,linear_regression,QSAR_fish_toxicity,regression,regression,ok,725.0,182.0,6.0,6.0,,0.0613,0.0061,1.4483,2.0534,292.9,,,,,,0.9586405305514214,0.7083862855211406,0.6331089943454127,
sklearn,mlp_reg,QSAR_fish_toxicity,regression,regression,ok,725.0,182.0,6.0,6.0,,0.8928,0.0002,1.9455,4.0839,181.0,,,,,,0.8942146818553581,0.6689170581857852,0.6807660408299951,
tuiml,mlp_reg,QSAR_fish_toxicity,regression,regression,ok,725.0,182.0,6.0,6.0,,0.2566,0.0006,0.312,0.312,294.7,,,,,,0.8924443124958501,0.664599258176588,0.6820288305748119,
weka,mlp_reg,QSAR_fish_toxicity,regression,regression,ok,725.0,182.0,6.0,6.0,,0.2609,0.0064,1.5357,2.2884,297.5,,,,,,1.1647872706548883,0.8535519103647414,0.45835002997232566,
sklearn,random_forest_reg,QSAR_fish_toxicity,regression,regression,ok,725.0,182.0,6.0,6.0,,0.709,0.0332,2.209,3.7504,189.0,,,,,,0.9632255741421138,0.6624711463675211,0.6295910246981798,
tuiml,random_forest_reg,QSAR_fish_toxicity,regression,regression,ok,725.0,182.0,6.0,6.0,,1.0742,0.0039,1.1575,1.211,318.7,,,,,,0.925479992015786,0.6513855683295421,0.6580523998388117,
weka,random_forest_reg,QSAR_fish_toxicity,regression,regression,ok,725.0,182.0,6.0,6.0,,0.3519,0.0302,1.7329,2.7652,376.7,,,,,,0.9451731903693292,0.6641888600665207,0.6433450296410734,
sklearn,svm_reg,QSAR_fish_toxicity,regression,regression,ok,725.0,182.0,6.0,6.0,,0.0222,0.0054,1.8374,3.4949,181.0,,,,,,0.9095254221492471,0.6411000185773847,0.6697406081177132,
tuiml,svm_reg,QSAR_fish_toxicity,regression,regression,ok,725.0,182.0,6.0,6.0,,0.0156,0.0014,0.0766,0.0766,294.7,,,,,,0.9095254436588597,0.6411000329052,0.6697405924969257,
weka,svm_reg,QSAR_fish_toxicity,regression,regression,ok,725.0,182.0,6.0,6.0,,0.1227,0.0064,1.4598,2.1427,297.8,,,,,,0.9649154167084258,0.6966168316167554,0.6282902247082176,
sklearn,decision_tree_reg,airfoil_self_noise,regression,regression,ok,1202.0,301.0,5.0,5.0,,0.0108,0.0002,1.0995,3.8553,181.0,,,,,,2.4695328508973375,1.8026279069767446,0.8757729421395094,
tuiml,decision_tree_reg,airfoil_self_noise,regression,regression,ok,1202.0,301.0,5.0,5.0,,0.0147,0.003,0.0675,0.0675,292.7,,,,,,2.510330549636549,1.849481727574751,0.8716344733812964,
weka,decision_tree_reg,airfoil_self_noise,regression,regression,ok,1202.0,301.0,5.0,5.0,,0.0394,0.0095,1.3832,1.9487,294.2,,,,,,3.6114702525772224,2.670751256011556,0.7343225659307167,
sklearn,knn_reg,airfoil_self_noise,regression,regression,ok,1202.0,301.0,5.0,5.0,,0.0011,0.0019,1.2773,3.8542,178.0,,,,,,3.2609455750526033,2.4209561461794022,0.7833924025592119,
tuiml,knn_reg,airfoil_self_noise,regression,regression,ok,1202.0,301.0,5.0,5.0,,0.0,0.0028,0.0542,0.0542,291.7,,,,,,3.278379479290426,2.447394684385382,0.781070124783243,
weka,knn_reg,airfoil_self_noise,regression,regression,ok,1202.0,301.0,5.0,5.0,,0.0064,0.0592,1.526,2.171,295.4,,,,,,3.553764321524199,2.6789321151716496,0.7427449966947769,
sklearn,linear_regression,airfoil_self_noise,regression,regression,ok,1202.0,301.0,5.0,5.0,,0.0044,0.0001,1.3851,3.9758,182.0,,,,,,4.679642259201849,3.5071500706664054,0.5539208827826643,
tuiml,linear_regression,airfoil_self_noise,regression,regression,ok,1202.0,301.0,5.0,5.0,,0.0011,0.0,0.0497,0.0497,291.0,,,,,,4.6796422592076885,3.507150070678451,0.5539208827815512,
weka,linear_regression,airfoil_self_noise,regression,regression,ok,1202.0,301.0,5.0,5.0,,0.0715,0.0095,1.8621,2.4711,287.6,,,,,,4.6796422592076965,3.5071500706784526,0.5539208827815495,
sklearn,mlp_reg,airfoil_self_noise,regression,regression,ok,1202.0,301.0,5.0,5.0,,1.2145,0.0002,2.1626,4.3369,177.0,,,,,,13.168409727074305,10.240327633300346,-2.532264739391332,
tuiml,mlp_reg,airfoil_self_noise,regression,regression,ok,1202.0,301.0,5.0,5.0,,0.3698,0.0002,0.4218,0.4218,296.7,,,,,,2.519322403389061,1.786157773962626,0.8707132311497359,
weka,mlp_reg,airfoil_self_noise,regression,regression,ok,1202.0,301.0,5.0,5.0,,0.3196,0.009,1.697,2.4625,285.8,,,,,,4.4652823821975485,3.254028640672389,0.5938518853577128,
sklearn,random_forest_reg,airfoil_self_noise,regression,regression,ok,1202.0,301.0,5.0,5.0,,0.6165,0.0404,2.2125,3.6974,194.0,,,,,,1.9480845409329537,1.3711165448505018,0.9226959612434917,
tuiml,random_forest_reg,airfoil_self_noise,regression,regression,ok,1202.0,301.0,5.0,5.0,,1.2791,0.005,1.3722,1.4453,329.7,,,,,,2.378183874612114,1.7663690207190805,0.8847933775893088,
weka,random_forest_reg,airfoil_self_noise,regression,regression,ok,1202.0,301.0,5.0,5.0,,0.4284,0.0411,2.2073,3.3198,459.3,,,,,,1.9036960216412,1.341895612977186,0.9261786830051113,
sklearn,svm_reg,airfoil_self_noise,regression,regression,ok,1202.0,301.0,5.0,5.0,,0.0573,0.0142,1.4139,3.8626,184.0,,,,,,3.77098310064135,2.6793847781887443,0.7103351776482945,
tuiml,svm_reg,airfoil_self_noise,regression,regression,ok,1202.0,301.0,5.0,5.0,,0.0363,0.0041,0.0913,0.0913,302.7,,,,,,3.7709830814122616,2.6793847461894416,0.7103351806024263,
weka,svm_reg,airfoil_self_noise,regression,regression,ok,1202.0,301.0,5.0,5.0,,0.391,0.0097,2.1509,2.9979,297.9,,,,,,4.689713101080558,3.4110448855174633,0.551998844327291,
sklearn,decision_tree_reg,concrete_compressive_strength,regression,regression,ok,824.0,206.0,8.0,8.0,,0.0077,0.0002,1.1383,4.6794,183.0,,,,,,5.661700661607872,3.804059832884578,0.8840495560147944,
tuiml,decision_tree_reg,concrete_compressive_strength,regression,regression,ok,824.0,206.0,8.0,8.0,,0.0114,0.0021,0.0732,0.0732,292.7,,,,,,5.732290498641914,3.9216980494994647,0.8811402013638071,
weka,decision_tree_reg,concrete_compressive_strength,regression,regression,ok,824.0,206.0,8.0,8.0,,0.0357,0.0068,1.3415,1.9183,289.8,,,,,,7.071662402309767,5.284045524674506,0.8191070477862966,
sklearn,knn_reg,concrete_compressive_strength,regression,regression,ok,824.0,206.0,8.0,8.0,,0.0009,0.0016,2.4909,3.0714,176.0,,,,,,8.29834210956383,6.655340845616564,0.7509071406226961,
tuiml,knn_reg,concrete_compressive_strength,regression,regression,ok,824.0,206.0,8.0,8.0,,0.0,0.0018,0.0538,0.0538,291.7,,,,,,8.29834210956383,6.655340845616564,0.7509071406226961,
weka,knn_reg,concrete_compressive_strength,regression,regression,ok,824.0,206.0,8.0,8.0,,0.0051,0.0499,1.3213,1.9289,288.0,,,,,,8.529407264816097,6.878519572932297,0.7368421611915592,
sklearn,linear_regression,concrete_compressive_strength,regression,regression,ok,824.0,206.0,8.0,8.0,,0.0009,0.0001,1.1956,4.1485,179.0,,,,,,10.442085051401495,8.265921167807328,0.6055853297931472,
tuiml,linear_regression,concrete_compressive_strength,regression,regression,ok,824.0,206.0,8.0,8.0,,0.0011,0.0,0.0523,0.0523,291.6,,,,,,10.442085051500715,8.265921167895714,0.6055853297856517,
weka,linear_regression,concrete_compressive_strength,regression,regression,ok,824.0,206.0,8.0,8.0,,0.0728,0.0067,1.8614,2.4185,299.1,,,,,,10.485873357017685,8.300421343478227,0.6022704818483906,
sklearn,mlp_reg,concrete_compressive_strength,regression,regression,ok,824.0,206.0,8.0,8.0,,1.0551,0.0002,2.6228,3.4291,179.0,,,,,,9.287969636420053,7.452989371700495,0.6879528779296875,
tuiml,mlp_reg,concrete_compressive_strength,regression,regression,ok,824.0,206.0,8.0,8.0,,0.2819,0.0001,0.3344,0.3344,291.8,,,,,,4.789674567394244,3.7721723999519554,0.9170167154652429,
weka,mlp_reg,concrete_compressive_strength,regression,regression,ok,824.0,206.0,8.0,8.0,,0.4297,0.0076,1.8214,2.5374,287.8,,,,,,7.72762135171016,5.978835280772984,0.783991781473137,
sklearn,random_forest_reg,concrete_compressive_strength,regression,regression,ok,824.0,206.0,8.0,8.0,,0.6439,0.0234,1.6912,4.1807,192.0,,,,,,4.339789443229195,3.2294918630446845,0.9318735238339699,
tuiml,random_forest_reg,concrete_compressive_strength,regression,regression,ok,824.0,206.0,8.0,8.0,,1.0824,0.0054,1.1656,1.2098,320.7,,,,,,4.6138381917239055,3.665614009516144,0.9229977656894972,
weka,random_forest_reg,concrete_compressive_strength,regression,regression,ok,824.0,206.0,8.0,8.0,,0.3685,0.0344,1.7437,2.7289,424.5,,,,,,4.136329704933292,3.1442165276683345,0.9381116498272335,
sklearn,svm_reg,concrete_compressive_strength,regression,regression,ok,824.0,206.0,8.0,8.0,,0.0439,0.0113,1.1615,2.6209,183.0,,,,,,9.224843567417384,7.322483222610499,0.6921801458356203,
tuiml,svm_reg,concrete_compressive_strength,regression,regression,ok,824.0,206.0,8.0,8.0,,0.0168,0.0022,0.0802,0.0802,297.7,,,,,,9.224843575025899,7.322483227081431,0.6921801453278495,
weka,svm_reg,concrete_compressive_strength,regression,regression,ok,824.0,206.0,8.0,8.0,,0.1854,0.0072,1.5241,2.2423,294.5,,,,,,10.819646183993125,8.206430526202068,0.5765474761590161,
sklearn,decision_tree_reg,diamonds,regression,regression,ok,43152.0,10788.0,9.0,26.0,,0.8205,0.0051,3.0357,4.2989,213.4,,,,,,726.6209423640989,351.105858361142,0.9660710587814628,
tuiml,decision_tree_reg,diamonds,regression,regression,ok,43152.0,10788.0,9.0,26.0,,1.0787,0.1895,1.5279,1.5277,355.0,,,,,,724.9608042893352,350.1706989247312,0.9662259191164236,
weka,decision_tree_reg,diamonds,regression,regression,ok,43152.0,10788.0,9.0,26.0,,1.0226,0.2641,8.3905,9.8242,754.8,,,,,,612.9813182896745,327.9309344519195,0.9758537905529862,
sklearn,knn_reg,diamonds,regression,regression,ok,43152.0,10788.0,9.0,26.0,,0.0014,3.6938,5.1027,146.4808,257.4,,,,,,757.4465327395815,398.8556544308491,0.9631312469326063,
tuiml,knn_reg,diamonds,regression,regression,ok,43152.0,10788.0,9.0,26.0,,0.0001,10.4713,10.7054,10.7051,330.8,,,,,,757.4084317880063,398.8385057471264,0.9631349559712887,
weka,knn_reg,diamonds,regression,regression,ok,43152.0,10788.0,9.0,26.0,,0.0611,17.7228,25.1022,26.3301,375.0,,,,,,748.0829540608206,371.9468523226866,0.9640371581050008,
sklearn,linear_regression,diamonds,regression,regression,ok,43152.0,10788.0,9.0,26.0,,0.2177,0.0005,2.5669,4.2366,208.7,,,,,,1108.4896178604126,728.8029400385313,0.9210380717025799,
tuiml,linear_regression,diamonds,regression,regression,ok,43152.0,10788.0,9.0,26.0,,0.0581,0.0019,0.3,0.2979,356.7,,,,,,1108.4896178606402,728.8029400395932,0.9210380717025475,
weka,linear_regression,diamonds,regression,regression,ok,43152.0,10788.0,9.0,26.0,,0.5091,0.2717,8.4078,9.7336,407.0,,,,,,1108.4896178607273,728.8029400395639,0.921038071702535,
sklearn,mlp_reg,diamonds,regression,regression,ok,43152.0,10788.0,9.0,26.0,,47.7653,0.0447,49.5897,33.9273,211.6,,,,,,613.4498515453964,324.8713179464721,0.975816864057975,
tuiml,mlp_reg,diamonds,regression,regression,ok,43152.0,10788.0,9.0,26.0,,41.8828,0.022,42.1553,42.1504,463.3,,,,,,710.2626355685132,350.6346706568454,0.9675815368228656,
weka,mlp_reg,diamonds,regression,regression,ok,43152.0,10788.0,9.0,26.0,,90.2983,0.2995,97.5988,98.9706,383.5,,,,,,648.1423824429176,483.39510142477417,0.9730042543172737,
sklearn,random_forest_reg,diamonds,regression,regression,ok,43152.0,10788.0,9.0,26.0,,34.312,0.4968,36.6984,25.3456,523.2,,,,,,526.1167417756806,266.6799343406254,0.982212343687151,
tuiml,random_forest_reg,diamonds,regression,regression,ok,43152.0,10788.0,9.0,26.0,,42.9649,0.248,45.1948,50.4776,2416.9,,,,,,537.0133420575422,280.7407503414013,0.9814678998935346,
weka,random_forest_reg,diamonds,regression,regression,ok,43152.0,10788.0,9.0,26.0,,16.5084,3.4492,27.2753,29.7964,1111.5,,,,,,535.0970449674174,283.55508196113306,0.9815999250921744,
sklearn,svm_reg,diamonds,regression,regression,ok,43152.0,10788.0,9.0,26.0,,174.4996,44.8291,220.7247,132.5726,402.6,,,,,,2716.606611528536,1280.1626159882912,0.5257492870477753,
tuiml,svm_reg,diamonds,regression,regression,ok,43152.0,10788.0,9.0,26.0,,194.5916,13.1083,207.9656,207.5362,508.7,,,,,,2716.606569139916,1280.1626195858512,0.5257493018477344,
weka,svm_reg,diamonds,regression,regression,timeout,,,,,,,,,,,,,,,,,,,killed by per-job timeout (computation too slow to finish)
sklearn,decision_tree_reg,healthcare_insurance_expenses,regression,regression,ok,1070.0,268.0,6.0,11.0,,0.0175,0.0001,1.2641,3.3783,179.0,,,,,,6392.311168031854,2918.097036791045,0.6112704124025599,
tuiml,decision_tree_reg,healthcare_insurance_expenses,regression,regression,ok,1070.0,268.0,6.0,11.0,,0.0147,0.0029,0.0839,0.0839,293.7,,,,,,6467.064553385617,3037.148666936567,0.6021254371771689,
weka,decision_tree_reg,healthcare_insurance_expenses,regression,regression,ok,1070.0,268.0,6.0,11.0,,0.0716,0.0078,1.431,2.0631,293.9,,,,,,3965.8627865422723,2527.2487129270453,0.8503739708321241,
sklearn,knn_reg,healthcare_insurance_expenses,regression,regression,ok,1070.0,268.0,6.0,11.0,,0.0013,0.0027,0.9557,3.6112,181.0,,,,,,4992.714846156941,3255.646501101492,0.7628597314732675,
tuiml,knn_reg,healthcare_insurance_expenses,regression,regression,ok,1070.0,268.0,6.0,11.0,,0.0,0.0035,0.0707,0.0707,291.7,,,,,,4983.068672472238,3246.257692071642,0.7637751798855908,
weka,knn_reg,healthcare_insurance_expenses,regression,regression,ok,1070.0,268.0,6.0,11.0,,0.0056,0.0572,1.3971,2.0008,295.8,,,,,,5152.19206783136,3393.2965323564677,0.7474683178351302,
sklearn,linear_regression,healthcare_insurance_expenses,regression,regression,ok,1070.0,268.0,6.0,11.0,,0.0173,0.0001,1.5276,4.6018,179.0,,,,,,5506.546222784144,3932.7514112896333,0.711536837445458,
tuiml,linear_regression,healthcare_insurance_expenses,regression,regression,ok,1070.0,268.0,6.0,11.0,,0.0013,0.0,0.0728,0.0718,292.7,,,,,,5506.546222764303,3932.7514112916656,0.7115368374475368,
weka,linear_regression,healthcare_insurance_expenses,regression,regression,ok,1070.0,268.0,6.0,11.0,,0.0939,0.0084,1.5037,2.1809,304.3,,,,,,5503.296341488912,3935.431859092656,0.7118772302643809,
sklearn,mlp_reg,healthcare_insurance_expenses,regression,regression,ok,1070.0,268.0,6.0,11.0,,1.2015,0.0003,2.1392,5.1919,179.0,,,,,,14170.651350364373,9954.007663658016,-0.9103432502421078,
tuiml,mlp_reg,healthcare_insurance_expenses,regression,regression,ok,1070.0,268.0,6.0,11.0,,0.3813,0.0002,0.446,0.446,296.7,,,,,,4011.3774517888273,2577.1838087021492,0.8469198636758533,
weka,mlp_reg,healthcare_insurance_expenses,regression,regression,ok,1070.0,268.0,6.0,11.0,,0.6181,0.0093,1.8718,2.6653,296.5,,,,,,4328.821330701226,2670.2442949220463,0.8217329391113908,
sklearn,random_forest_reg,healthcare_insurance_expenses,regression,regression,ok,1070.0,268.0,6.0,11.0,,0.5018,0.0152,1.5765,4.1657,193.0,,,,,,4085.168057788634,2444.074076730448,0.8412361443858843,
tuiml,random_forest_reg,healthcare_insurance_expenses,regression,regression,ok,1070.0,268.0,6.0,11.0,,0.7334,0.0068,0.8305,0.8675,313.7,,,,,,3797.4338676270263,2491.8231922060886,0.862813233123478,
weka,random_forest_reg,healthcare_insurance_expenses,regression,regression,ok,1070.0,268.0,6.0,11.0,,0.4001,0.0378,1.9244,3.0324,430.2,,,,,,3911.6294110627764,2357.1048735168592,0.8544382768452247,
sklearn,svm_reg,healthcare_insurance_expenses,regression,regression,ok,1070.0,268.0,6.0,11.0,,0.0444,0.0132,1.3357,3.9002,182.0,,,,,,10526.776906004032,7022.94025776253,-0.05419904976623324,
tuiml,svm_reg,healthcare_insurance_expenses,regression,regression,ok,1070.0,268.0,6.0,11.0,,0.0324,0.0041,0.1061,0.1061,300.6,,,,,,10526.776906003464,7022.940257762473,-0.054199049766119556,
weka,svm_reg,healthcare_insurance_expenses,regression,regression,ok,1070.0,268.0,6.0,11.0,,1.4292,0.0093,3.2648,4.2067,299.3,,,,,,6809.973300583432,3202.3422633622044,0.5588131079691618,
sklearn,decision_tree_reg,houses,regression,regression,ok,16512.0,4128.0,8.0,8.0,,0.3323,0.0019,1.5847,3.672,189.3,,,,,,0.31846108844178517,0.22050061250563704,0.6870778933767165,
tuiml,decision_tree_reg,houses,regression,regression,ok,16512.0,4128.0,8.0,8.0,,0.3079,0.0654,0.4589,0.4588,315.2,,,,,,0.31652423076835495,0.2181403017222742,0.6908726583928491,
weka,decision_tree_reg,houses,regression,regression,ok,16512.0,4128.0,8.0,8.0,,0.2779,0.1044,3.0179,4.0273,330.2,,,,,,0.2700566801820805,0.19321474558105436,0.774973666401302,
sklearn,knn_reg,houses,regression,regression,ok,16512.0,4128.0,8.0,8.0,,0.063,0.1374,1.376,4.695,189.6,,,,,,0.2850391314821102,0.2083773195842425,0.7493126224641724,
tuiml,knn_reg,houses,regression,regression,ok,16512.0,4128.0,8.0,8.0,,0.0002,0.5437,0.62,0.6199,301.6,,,,,,0.2850391314821102,0.2083773195842425,0.7493126224641724,
weka,knn_reg,houses,regression,regression,ok,16512.0,4128.0,8.0,8.0,,0.0271,2.2924,4.9904,5.9073,305.5,,,,,,0.28460855941800944,0.20634350201605295,0.750069412987914,
sklearn,linear_regression,houses,regression,regression,ok,16512.0,4128.0,8.0,8.0,,0.0202,0.0002,1.1149,5.4781,189.0,,,,,,0.3394120743416078,0.25584160249875443,0.644550366292143,
tuiml,linear_regression,houses,regression,regression,ok,16512.0,4128.0,8.0,8.0,,0.007,0.0002,0.0871,0.084,299.9,,,,,,0.33941207434164694,0.25584160249885757,0.6445503662920611,
weka,linear_regression,houses,regression,regression,ok,16512.0,4128.0,8.0,8.0,,0.2444,0.1049,2.9129,3.8702,309.7,,,,,,0.33941207434164544,0.25584160249885446,0.6445503662920642,
sklearn,mlp_reg,houses,regression,regression,ok,16512.0,4128.0,8.0,8.0,,8.2886,0.01,9.295,9.9624,190.1,,,,,,0.26002111424004365,0.19131036873906077,0.791387309111915,
tuiml,mlp_reg,houses,regression,regression,ok,16512.0,4128.0,8.0,8.0,,7.6124,0.0028,7.6995,7.699,350.6,,,,,,0.2635459554155269,0.19213292172270466,0.7856930743086592,
weka,mlp_reg,houses,regression,regression,ok,16512.0,4128.0,8.0,8.0,,4.868,0.1115,7.4721,8.583,303.8,,,,,,0.4274094316857364,0.3521828117057085,0.43634716178951316,
sklearn,random_forest_reg,houses,regression,regression,ok,16512.0,4128.0,8.0,8.0,,15.8165,0.2752,17.1406,15.176,329.3,,,,,,0.22033729272702549,0.1529603481385731,0.8502042426604977,
tuiml,random_forest_reg,houses,regression,regression,ok,16512.0,4128.0,8.0,8.0,,29.0318,0.1171,29.9458,31.9289,1138.2,,,,,,0.23620401278191433,0.17054917471206624,0.8278535631714969,
weka,random_forest_reg,houses,regression,regression,ok,16512.0,4128.0,8.0,8.0,,7.6293,1.4789,11.7105,13.6822,1018.5,,,,,,0.221112385630404,0.15515882400949005,0.8491484990531897,
sklearn,svm_reg,houses,regression,regression,ok,16512.0,4128.0,8.0,8.0,,9.0552,2.673,12.7676,14.8046,382.4,,,,,,0.2585407366497234,0.1870677911322341,0.7937559354879349,
tuiml,svm_reg,houses,regression,regression,ok,16512.0,4128.0,8.0,8.0,,10.0395,0.561,10.6862,10.6517,495.7,,,,,,0.258571001315918,0.18709696025139355,0.7937076469807891,
weka,svm_reg,houses,regression,regression,ok,16512.0,4128.0,8.0,8.0,,84.2668,0.1172,86.8685,88.3904,314.0,,,,,,0.34080246441345863,0.2549264128158323,0.6416322266977454,
sklearn,decision_tree_reg,miami_housing,regression,regression,ok,11020.0,2756.0,15.0,15.0,,0.2502,0.0009,1.3144,4.8761,190.7,,,,,,134373.10838196165,64991.855950653124,0.8308203099527077,
tuiml,decision_tree_reg,miami_housing,regression,regression,ok,11020.0,2756.0,15.0,15.0,,0.2703,0.0441,0.4004,0.3996,310.9,,,,,,135880.20105819727,66097.2358490566,0.8270040805081834,
weka,decision_tree_reg,miami_housing,regression,regression,ok,11020.0,2756.0,15.0,15.0,,0.2824,0.0742,2.6866,3.748,341.3,,,,,,139890.1705203416,67413.23578466557,0.8166428301572971,
sklearn,knn_reg,miami_housing,regression,regression,ok,11020.0,2756.0,15.0,15.0,,0.036,0.661,2.1886,5.815,190.3,,,,,,117021.19565894152,56037.818142235126,0.8716923472348118,
tuiml,knn_reg,miami_housing,regression,regression,ok,11020.0,2756.0,15.0,15.0,,0.0002,0.4016,0.4886,0.4855,302.9,,,,,,117021.19565894152,56037.818142235126,0.8716923472348118,
weka,knn_reg,miami_housing,regression,regression,ok,11020.0,2756.0,15.0,15.0,,0.0204,1.6591,4.1737,5.0592,303.2,,,,,,126218.91946847229,60483.07452830189,0.8507300409403804,
sklearn,linear_regression,miami_housing,regression,regression,ok,11020.0,2756.0,15.0,15.0,,0.0497,0.0002,1.4121,4.8123,192.0,,,,,,181803.1310262908,115246.89990088913,0.690310689891509,
tuiml,linear_regression,miami_housing,regression,regression,ok,11020.0,2756.0,15.0,15.0,,0.0077,0.0002,0.0932,0.0885,302.8,,,,,,181803.13102640145,115246.89990077153,0.6903106898911322,
weka,linear_regression,miami_housing,regression,regression,ok,11020.0,2756.0,15.0,15.0,,0.2813,0.0726,3.0154,4.0378,306.2,,,,,,181781.35702490262,115163.16896938892,0.6903848665201013,
sklearn,mlp_reg,miami_housing,regression,regression,ok,11020.0,2756.0,15.0,15.0,,10.5208,0.0125,11.8653,10.9303,186.5,,,,,,410133.9291029771,317223.1864269118,-0.5760677955099576,
tuiml,mlp_reg,miami_housing,regression,regression,ok,11020.0,2756.0,15.0,15.0,,4.9029,0.0014,4.9894,4.9891,335.0,,,,,,111268.35339222121,57660.80271550159,0.8839976412398899,
weka,mlp_reg,miami_housing,regression,regression,ok,11020.0,2756.0,15.0,15.0,,9.3702,0.0772,11.8117,12.8966,301.2,,,,,,140593.34752608975,99170.82825397018,0.8147948576557661,
sklearn,random_forest_reg,miami_housing,regression,regression,ok,11020.0,2756.0,15.0,15.0,,18.4,0.1288,19.7578,17.2473,264.7,,,,,,95176.23671603035,45461.84270682148,0.9151248499172372,
tuiml,random_forest_reg,miami_housing,regression,regression,ok,11020.0,2756.0,15.0,15.0,,22.8518,0.0775,23.4757,24.3534,873.7,,,,,,96476.01744395657,45097.91746986661,0.9127908140650866,
weka,random_forest_reg,miami_housing,regression,regression,ok,11020.0,2756.0,15.0,15.0,,4.6458,0.8432,7.854,9.7059,910.9,,,,,,93821.66245167729,44868.856074853014,0.9175235905659463,
sklearn,svm_reg,miami_housing,regression,regression,ok,11020.0,2756.0,15.0,15.0,,8.026,2.5661,11.8211,11.9922,384.6,,,,,,339701.6305578208,179075.31578098642,-0.08123167684539645,
tuiml,svm_reg,miami_housing,regression,regression,ok,11020.0,2756.0,15.0,15.0,,6.7512,0.5101,7.3501,7.3499,496.1,,,,,,339701.6305577568,179075.31578098913,-0.08123167684498922,
weka,svm_reg,miami_housing,regression,regression,ok,11020.0,2756.0,15.0,15.0,,154.2143,0.0776,157.0629,159.0965,314.4,,,,,,212260.29153059944,102689.89804782365,0.5778556213099018,
sklearn,decision_tree_reg,physiochemical_protein,regression,regression,ok,36584.0,9146.0,9.0,9.0,,1.3543,0.0169,2.6329,4.8396,199.9,,,,,,4.988048657493863,2.8798215431153875,0.3364642227533613,
tuiml,decision_tree_reg,physiochemical_protein,regression,regression,ok,36584.0,9146.0,9.0,9.0,,0.8503,0.1719,1.1585,1.1585,340.9,,,,,,5.030129326767986,2.9011615824768566,0.32522142589525405,
weka,decision_tree_reg,physiochemical_protein,regression,regression,ok,36584.0,9146.0,9.0,9.0,,0.4903,0.2296,4.9658,6.2318,458.1,,,,,,4.441699949350816,3.0208772380587785,0.4738598836056941,
sklearn,knn_reg,physiochemical_protein,regression,regression,ok,36584.0,9146.0,9.0,9.0,,0.0503,0.5082,1.8825,4.4006,200.7,,,,,,3.8279416735120444,2.412050710693199,0.6092188509057517,
tuiml,knn_reg,physiochemical_protein,regression,regression,ok,36584.0,9146.0,9.0,9.0,,0.0003,3.048,3.1636,3.1614,313.4,,,,,,3.828361305463977,2.4126491362344193,0.609133168699169,
weka,knn_reg,physiochemical_protein,regression,regression,ok,36584.0,9146.0,9.0,9.0,,0.0441,10.6992,14.8518,15.8669,340.0,,,,,,3.8713382570431625,2.4657512130654897,0.6003082163575726,
sklearn,linear_regression,physiochemical_protein,regression,regression,ok,36584.0,9146.0,9.0,9.0,,0.0151,0.0002,1.6028,4.2629,196.4,,,,,,5.181381611809352,4.33745222606728,0.2840311279499784,
tuiml,linear_regression,physiochemical_protein,regression,regression,ok,36584.0,9146.0,9.0,9.0,,0.0163,0.0004,0.1428,0.1391,314.5,,,,,,5.182995624282633,4.339684460264126,0.28358500652526486,
weka,linear_regression,physiochemical_protein,regression,regression,ok,36584.0,9146.0,9.0,9.0,,0.3691,0.2294,4.9358,6.1917,333.9,,,,,,5.181381611809618,4.3374522260690895,0.2840311279499049,
sklearn,mlp_reg,physiochemical_protein,regression,regression,ok,36584.0,9146.0,9.0,9.0,,39.4236,0.0438,40.9167,28.1367,204.9,,,,,,4.421187611081028,3.375577910207814,0.47870822721694517,
tuiml,mlp_reg,physiochemical_protein,regression,regression,ok,36584.0,9146.0,9.0,9.0,,26.5525,0.0047,26.6765,26.6742,442.8,,,,,,4.651725091484365,3.700407845903392,0.4229265900360665,
weka,mlp_reg,physiochemical_protein,regression,regression,ok,36584.0,9146.0,9.0,9.0,,13.6229,0.239,18.117,19.2929,331.4,,,,,,5.122524394894392,4.302342745833629,0.3002046495488657,
sklearn,random_forest_reg,physiochemical_protein,regression,regression,ok,36584.0,9146.0,9.0,9.0,,60.8492,0.4406,62.7283,41.2299,503.8,,,,,,3.501643988371476,2.3641218943731146,0.6730005963110466,
tuiml,random_forest_reg,physiochemical_protein,regression,regression,ok,36584.0,9146.0,9.0,9.0,,61.4485,0.3003,63.6277,72.9397,2269.1,,,,,,3.487200927536538,2.4094843072301293,0.6756925502590778,
weka,random_forest_reg,physiochemical_protein,regression,regression,ok,36584.0,9146.0,9.0,9.0,,18.2382,3.2321,25.6481,28.1879,1146.1,,,,,,3.4830675109352986,2.3926313082430792,0.6764609048054933,
sklearn,svm_reg,physiochemical_protein,regression,regression,ok,36584.0,9146.0,9.0,9.0,,86.7357,26.7362,114.7367,66.8269,386.9,,,,,,4.91623526199458,3.6257119429377997,0.35543265882114594,
tuiml,svm_reg,physiochemical_protein,regression,regression,ok,36584.0,9146.0,9.0,9.0,,81.8326,4.4782,86.4393,86.0556,500.0,,,,,,4.91622883279422,3.6257098949975397,0.3554343446842716,
weka,svm_reg,physiochemical_protein,regression,regression,ok,36584.0,9146.0,9.0,9.0,,684.1812,0.2404,688.6027,691.5201,366.0,,,,,,5.315028100299739,4.241458966479095,0.24661995638347378,
sklearn,decision_tree_reg,superconductivity,regression,regression,ok,17010.0,4253.0,81.0,81.0,,2.8803,0.0148,4.8695,5.7886,271.0,,,,,,12.102584728696156,6.165264376354556,0.875307277693841,
tuiml,decision_tree_reg,superconductivity,regression,regression,ok,17010.0,4253.0,81.0,81.0,,1.5171,0.0737,1.9946,1.9946,392.8,,,,,,12.310625010484776,6.199611087334226,0.8709835617060437,
weka,decision_tree_reg,superconductivity,regression,regression,ok,17010.0,4253.0,81.0,81.0,,1.1361,0.1094,8.1094,9.5093,841.6,,,,,,12.803845189152137,7.7047592974700265,0.8604384860432486,
sklearn,knn_reg,superconductivity,regression,regression,ok,17010.0,4253.0,81.0,81.0,,0.011,1.9302,4.3162,58.9186,272.5,,,,,,10.910203669835369,6.100980695979309,0.898667079613199,
tuiml,knn_reg,superconductivity,regression,regression,ok,17010.0,4253.0,81.0,81.0,,0.0046,4.8083,5.218,5.2106,394.7,,,,,,10.91783692357974,6.113261918645662,0.898525236160135,
weka,knn_reg,superconductivity,regression,regression,ok,17010.0,4253.0,81.0,81.0,,0.0283,5.1524,12.2526,13.3302,391.3,,,,,,10.928402103626144,6.118038739308941,0.8983287470767591,
sklearn,linear_regression,superconductivity,regression,regression,ok,17010.0,4253.0,81.0,81.0,,1.2092,0.0006,3.2887,13.2201,271.1,,,,,,17.820586088552535,13.515843356541067,0.7296484839235254,
tuiml,linear_regression,superconductivity,regression,regression,ok,17010.0,4253.0,81.0,81.0,,0.0775,0.0017,0.4688,0.4661,394.7,,,,,,17.833963581527943,13.536306194828194,0.7292424385839513,
weka,linear_regression,superconductivity,regression,regression,ok,17010.0,4253.0,81.0,81.0,,0.9993,0.111,7.901,9.4614,470.5,,,,,,17.87960575057637,13.597777687775347,0.7278547744118842,
sklearn,mlp_reg,superconductivity,regression,regression,ok,17010.0,4253.0,81.0,81.0,,157.865,0.0179,159.2357,572.4344,277.4,,,,,,13.038780512552957,8.578673455735236,0.8552699232136526,
tuiml,mlp_reg,superconductivity,regression,regression,ok,17010.0,4253.0,81.0,81.0,,14.6296,0.005,15.0156,15.014,399.0,,,,,,13.546171659224036,9.305016635293864,0.843786705165467,
weka,mlp_reg,superconductivity,regression,regression,ok,17010.0,4253.0,81.0,81.0,,339.9651,0.1959,347.0015,348.687,392.3,,,,,,13.906670351545852,9.810725150294274,0.8353615899723305,
sklearn,random_forest_reg,superconductivity,regression,regression,ok,17010.0,4253.0,81.0,81.0,,165.6387,0.1437,167.8442,95.4681,294.4,,,,,,9.614381564354888,5.298248088425688,0.9213085494515857,
tuiml,random_forest_reg,superconductivity,regression,regression,ok,17010.0,4253.0,81.0,81.0,,38.3799,0.1388,39.4852,44.5076,2421.1,,,,,,9.511430610031962,5.282109141143797,0.9229847852302591,
weka,random_forest_reg,superconductivity,regression,regression,ok,17010.0,4253.0,81.0,81.0,,12.9299,1.09,21.0779,24.1877,1035.7,,,,,,9.527778858553638,5.336869945117251,0.9227198101781837,
sklearn,svm_reg,superconductivity,regression,regression,ok,17010.0,4253.0,81.0,81.0,,29.0796,9.1966,40.5063,26.8016,398.3,,,,,,16.416771747826868,10.649492900590218,0.7705646336974998,
tuiml,svm_reg,superconductivity,regression,regression,ok,17010.0,4253.0,81.0,81.0,,71.8564,4.9239,77.2033,77.0638,517.7,,,,,,16.41676735666559,10.64949761739153,0.7705647564363155,
weka,svm_reg,superconductivity,regression,regression,ok,17010.0,4253.0,81.0,81.0,,1278.4973,0.1225,1285.6332,1289.6768,411.0,,,,,,18.156046478196302,13.240474144837975,0.7193743173909757,
sklearn,decision_tree_reg,wine_quality,regression,regression,ok,5197.0,1300.0,12.0,13.0,,0.0505,0.0003,1.3658,4.3523,182.9,,,,,,0.8384968235341879,0.46923076923076923,0.06017282632338683,
tuiml,decision_tree_reg,wine_quality,regression,regression,ok,5197.0,1300.0,12.0,13.0,,0.058,0.0158,0.1514,0.1514,297.1,,,,,,0.8306623862918074,0.46076923076923076,0.07765320045085122,
weka,decision_tree_reg,wine_quality,regression,regression,ok,5197.0,1300.0,12.0,13.0,,0.1404,0.0333,2.0439,2.8654,295.8,,,,,,0.7590237714032411,0.5835576410849116,0.22988442025011402,
sklearn,knn_reg,wine_quality,regression,regression,ok,5197.0,1300.0,12.0,13.0,,0.0211,0.1132,1.3753,3.8167,182.9,,,,,,0.7029607714188937,0.5246153846153846,0.3394475094421704,
tuiml,knn_reg,wine_quality,regression,regression,ok,5197.0,1300.0,12.0,13.0,,0.0,0.0798,0.155,0.155,293.1,,,,,,0.7029607714188937,0.5246153846153846,0.3394475094421704,
weka,knn_reg,wine_quality,regression,regression,ok,5197.0,1300.0,12.0,13.0,,0.0119,0.4701,2.3805,3.2855,307.5,,,,,,0.6957165829227492,0.5231043956043957,0.3529916808101369,
sklearn,linear_regression,wine_quality,regression,regression,ok,5197.0,1300.0,12.0,13.0,,0.0023,0.0001,1.0429,4.0343,179.7,,,,,,0.7311017465287656,0.563465847530317,0.28550236239439586,
tuiml,linear_regression,wine_quality,regression,regression,ok,5197.0,1300.0,12.0,13.0,,0.0046,0.0001,0.0861,0.0861,296.9,,,,,,0.7311017465287768,0.563465847530336,0.28550236239437365,
weka,linear_regression,wine_quality,regression,regression,ok,5197.0,1300.0,12.0,13.0,,0.1832,0.0342,2.0217,2.916,297.7,,,,,,0.7311811489821886,0.5636270668083256,0.28534715569042834,
sklearn,mlp_reg,wine_quality,regression,regression,ok,5197.0,1300.0,12.0,13.0,,7.0961,0.0125,8.2926,7.0394,183.0,,,,,,0.6646221112537529,0.512077372452203,0.4095342304507332,
tuiml,mlp_reg,wine_quality,regression,regression,ok,5197.0,1300.0,12.0,13.0,,1.8639,0.0007,1.9415,1.9412,311.4,,,,,,0.6619525222626421,0.514143178637842,0.4142681540618247,
weka,mlp_reg,wine_quality,regression,regression,ok,5197.0,1300.0,12.0,13.0,,3.4948,0.0362,5.346,6.3138,297.7,,,,,,0.7402952871802319,0.5771405248590954,0.26741988914284254,
sklearn,random_forest_reg,wine_quality,regression,regression,ok,5197.0,1300.0,12.0,13.0,,5.0706,0.0381,6.473,6.3829,191.4,,,,,,0.6049176676336909,0.4227384615384615,0.5108549168495778,
tuiml,random_forest_reg,wine_quality,regression,regression,ok,5197.0,1300.0,12.0,13.0,,5.3611,0.0203,5.5246,5.8904,420.7,,,,,,0.5956723818490235,0.4182399816849817,0.5256923998488509,
weka,random_forest_reg,wine_quality,regression,regression,ok,5197.0,1300.0,12.0,13.0,,1.8999,0.2211,4.1407,5.8484,814.3,,,,,,0.5957384557776236,0.41964615384615384,0.5255871705127444,
sklearn,svm_reg,wine_quality,regression,regression,ok,5197.0,1300.0,12.0,13.0,,2.1105,0.5482,4.4412,5.1046,260.3,,,,,,0.6702897342164809,0.500772531207829,0.399420795337058,
tuiml,svm_reg,wine_quality,regression,regression,ok,5197.0,1300.0,12.0,13.0,,1.107,0.0881,1.27,1.27,468.9,,,,,,0.6702941052660882,0.500776937575249,0.39941296239580226,
weka,svm_reg,wine_quality,regression,regression,ok,5197.0,1300.0,12.0,13.0,,8.6166,0.0355,10.6666,11.9868,307.9,,,,,,0.7343970937632378,0.5622373090220416,0.2790468336840213,
